Jilid,Page,PageRole,Slot,ObjectID,CanonicalKey,ObjectType,ArabicObject,PrimaryCompetency,ReviewCompetencies,SourceRef,Status,Notes
1,1,LETTER_FATHAH_KASRAH_DHAMMAH_FAMILY_1,1,J1-P01-S01,579017940bea869aa647,LETTER,بَ,C0002,C0001,2:2,COMPOSED_CANDIDATE_V2,Huruf tunggal berharakat pendek dari corpus Al-Quran
1,1,LETTER_FATHAH_KASRAH_DHAMMAH_FAMILY_1,2,J1-P01-S02,ccb2b9ef2f2e76534705,LETTER,بِ,C0003,C0001,1:1,COMPOSED_CANDIDATE_V2,Huruf tunggal berharakat pendek dari corpus Al-Quran
1,1,LETTER_FATHAH_KASRAH_DHAMMAH_FAMILY_1,3,J1-P01-S03,5223b87a4e1cecef2c86,LETTER,بُ,C0004,C0001,1:5,COMPOSED_CANDIDATE_V2,Huruf tunggal berharakat pendek dari corpus Al-Quran
1,1,LETTER_FATHAH_KASRAH_DHAMMAH_FAMILY_1,4,J1-P01-S04,51cf632e67e5ff5da13b,LETTER,تَ,C0002,C0001,1:5,COMPOSED_CANDIDATE_V2,Huruf tunggal berharakat pendek dari corpus Al-Quran
1,1,LETTER_FATHAH_KASRAH_DHAMMAH_FAMILY_1,5,J1-P01-S05,0fb72aba075dd1592daf,LETTER,تِ,C0003,C0001,2:19,COMPOSED_CANDIDATE_V2,Huruf tunggal berharakat pendek dari corpus Al-Quran
1,1,LETTER_FATHAH_KASRAH_DHAMMAH_FAMILY_1,6,J1-P01-S06,7a6def4c27ba27d0e5f2,LETTER,تُ,C0004,C0001,2:6,COMPOSED_CANDIDATE_V2,Huruf tunggal berharakat pendek dari corpus Al-Quran
1,1,LETTER_FATHAH_KASRAH_DHAMMAH_FAMILY_1,7,J1-P01-S07,9c697ad1c64b4a388397,LETTER,ثَ,C0002,C0001,2:17,COMPOSED_CANDIDATE_V2,Huruf tunggal berharakat pendek dari corpus Al-Quran
1,1,LETTER_FATHAH_KASRAH_DHAMMAH_FAMILY_1,8,J1-P01-S08,53c0e84ff873405baf5c,LETTER,ثِ,C0003,C0001,2:26,COMPOSED_CANDIDATE_V2,Huruf tunggal berharakat pendek dari corpus Al-Quran
1,1,LETTER_FATHAH_KASRAH_DHAMMAH_FAMILY_1,9,J1-P01-S09,fca69081ff27606bec50,LETTER,ثُ,C0004,C0001,2:28,COMPOSED_CANDIDATE_V2,Huruf tunggal berharakat pendek dari corpus Al-Quran
1,1,LETTER_FATHAH_KASRAH_DHAMMAH_FAMILY_1,10,J1-P01-S10,f1cf75e820914dc3d1cc,LETTER,جَ,C0002,C0001,2:22,COMPOSED_CANDIDATE_V2,Huruf tunggal berharakat pendek dari corpus Al-Quran
1,1,LETTER_FATHAH_KASRAH_DHAMMAH_FAMILY_1,11,J1-P01-S11,d95578ac49faa09b6556,LETTER,جِ,C0003,C0001,2:18,COMPOSED_CANDIDATE_V2,Huruf tunggal berharakat pendek dari corpus Al-Quran
1,1,LETTER_FATHAH_KASRAH_DHAMMAH_FAMILY_1,12,J1-P01-S12,4fcc5c1c10a3e25b3a71,LETTER,جُ,C0004,C0001,2:34,COMPOSED_CANDIDATE_V2,Huruf tunggal berharakat pendek dari corpus Al-Quran
1,1,LETTER_FATHAH_KASRAH_DHAMMAH_FAMILY_1,13,J1-P01-S13,c8d9fe153e46739fac67,LETTER,حَ,C0002,C0001,1:2,COMPOSED_CANDIDATE_V2,Huruf tunggal berharakat pendek dari corpus Al-Quran
1,1,LETTER_FATHAH_KASRAH_DHAMMAH_FAMILY_1,14,J1-P01-S14,686d71c8f68d6dadc9e9,LETTER,حِ,C0003,C0001,1:1,COMPOSED_CANDIDATE_V2,Huruf tunggal berharakat pendek dari corpus Al-Quran
1,1,LETTER_FATHAH_KASRAH_DHAMMAH_FAMILY_1,15,J1-P01-S15,b3ef8da208c945099d13,LETTER,حُ,C0004,C0001,2:5,COMPOSED_CANDIDATE_V2,Huruf tunggal berharakat pendek dari corpus Al-Quran
1,1,LETTER_FATHAH_KASRAH_DHAMMAH_FAMILY_1,16,J1-P01-S16,cbe9bce0e319c70bfa42,LETTER,خَ,C0002,C0001,2:7,COMPOSED_CANDIDATE_V2,Huruf tunggal berharakat pendek dari corpus Al-Quran
1,1,LETTER_FATHAH_KASRAH_DHAMMAH_FAMILY_1,17,J1-P01-S17,a72b17174c641aea06b9,LETTER,خِ,C0003,C0001,2:4,COMPOSED_CANDIDATE_V2,Huruf tunggal berharakat pendek dari corpus Al-Quran
1,1,LETTER_FATHAH_KASRAH_DHAMMAH_FAMILY_1,18,J1-P01-S18,1de86a7dc4d31f1a45dd,LETTER,خُ,C0004,C0001,2:58,COMPOSED_CANDIDATE_V2,Huruf tunggal berharakat pendek dari corpus Al-Quran
1,1,LETTER_FATHAH_KASRAH_DHAMMAH_FAMILY_1,19,J1-P01-S19,fb462a9918f53fc06224,LETTER,دَ,C0002,C0001,2:9,COMPOSED_CANDIDATE_V2,Huruf tunggal berharakat pendek dari corpus Al-Quran
1,1,LETTER_FATHAH_KASRAH_DHAMMAH_FAMILY_1,20,J1-P01-S20,a71492c7eac74b563ea4,LETTER,دِ,C0003,C0001,1:6,COMPOSED_CANDIDATE_V2,Huruf tunggal berharakat pendek dari corpus Al-Quran
1,1,LETTER_FATHAH_KASRAH_DHAMMAH_FAMILY_1,21,J1-P01-S21,b2c57921bf4227f01cda,LETTER,دُ,C0004,C0001,1:2,COMPOSED_CANDIDATE_V2,Huruf tunggal berharakat pendek dari corpus Al-Quran
1,1,LETTER_FATHAH_KASRAH_DHAMMAH_FAMILY_1,22,J1-P01-S22,86b8fdc548b3478f3aa2,LETTER,ذَ,C0002,C0001,2:6,COMPOSED_CANDIDATE_V2,Huruf tunggal berharakat pendek dari corpus Al-Quran
1,1,LETTER_FATHAH_KASRAH_DHAMMAH_FAMILY_1,23,J1-P01-S23,df3f6d0541fa142265de,LETTER,ذِ,C0003,C0001,1:7,COMPOSED_CANDIDATE_V2,Huruf tunggal berharakat pendek dari corpus Al-Quran
1,1,LETTER_FATHAH_KASRAH_DHAMMAH_FAMILY_1,24,J1-P01-S24,cb38192194c4fe833272,LETTER,ذُ,C0004,C0001,2:48,COMPOSED_CANDIDATE_V2,Huruf tunggal berharakat pendek dari corpus Al-Quran
1,2,LETTER_FATHAH_KASRAH_DHAMMAH_FAMILY_2,1,J1-P02-S01,9267f3bd94d46ecad45d,LETTER,رَ,C0002,C0001,1:2,COMPOSED_CANDIDATE_V2,Huruf tunggal berharakat pendek dari corpus Al-Quran
1,2,LETTER_FATHAH_KASRAH_DHAMMAH_FAMILY_2,2,J1-P02-S02,5c0e7ee6ea4f63ee0365,LETTER,رِ,C0003,C0001,1:7,COMPOSED_CANDIDATE_V2,Huruf tunggal berharakat pendek dari corpus Al-Quran
1,2,LETTER_FATHAH_KASRAH_DHAMMAH_FAMILY_2,3,J1-P02-S03,24cf9ce16be2f50c9b73,LETTER,رُ,C0004,C0001,2:6,COMPOSED_CANDIDATE_V2,Huruf tunggal berharakat pendek dari corpus Al-Quran
1,2,LETTER_FATHAH_KASRAH_DHAMMAH_FAMILY_2,4,J1-P02-S04,9d264546b1a198b92a54,LETTER,زَ,C0002,C0001,2:3,COMPOSED_CANDIDATE_V2,Huruf tunggal berharakat pendek dari corpus Al-Quran
1,2,LETTER_FATHAH_KASRAH_DHAMMAH_FAMILY_2,5,J1-P02-S05,e2328899f3e52fa28b5e,LETTER,زِ,C0003,C0001,2:4,COMPOSED_CANDIDATE_V2,Huruf tunggal berharakat pendek dari corpus Al-Quran
1,2,LETTER_FATHAH_KASRAH_DHAMMAH_FAMILY_2,6,J1-P02-S06,a45b557cc0bea105aa21,LETTER,زُ,C0004,C0001,2:67,COMPOSED_CANDIDATE_V2,Huruf tunggal berharakat pendek dari corpus Al-Quran
1,2,LETTER_FATHAH_KASRAH_DHAMMAH_FAMILY_2,7,J1-P02-S07,2e2f6c2d428f8970ee45,LETTER,سَ,C0002,C0001,2:6,COMPOSED_CANDIDATE_V2,Huruf tunggal berharakat pendek dari corpus Al-Quran
1,2,LETTER_FATHAH_KASRAH_DHAMMAH_FAMILY_2,8,J1-P02-S08,c52f5ac1d862cadab540,LETTER,سِ,C0003,C0001,2:8,COMPOSED_CANDIDATE_V2,Huruf tunggal berharakat pendek dari corpus Al-Quran
1,2,LETTER_FATHAH_KASRAH_DHAMMAH_FAMILY_2,9,J1-P02-S09,8eef91859a6de8d69105,LETTER,سُ,C0004,C0001,2:13,COMPOSED_CANDIDATE_V2,Huruf tunggal berharakat pendek dari corpus Al-Quran
1,2,LETTER_FATHAH_KASRAH_DHAMMAH_FAMILY_2,10,J1-P02-S10,68ccdcc43eb5e6b87f0b,LETTER,شَ,C0002,C0001,2:14,COMPOSED_CANDIDATE_V2,Huruf tunggal berharakat pendek dari corpus Al-Quran
1,2,LETTER_FATHAH_KASRAH_DHAMMAH_FAMILY_2,11,J1-P02-S11,a88472a86ef1f82b1a10,LETTER,شِ,C0003,C0001,2:35,COMPOSED_CANDIDATE_V2,Huruf tunggal berharakat pendek dari corpus Al-Quran
1,2,LETTER_FATHAH_KASRAH_DHAMMAH_FAMILY_2,12,J1-P02-S12,35c116668fcc2e6699da,LETTER,شُ,C0004,C0001,2:23,COMPOSED_CANDIDATE_V2,Huruf tunggal berharakat pendek dari corpus Al-Quran
1,2,LETTER_FATHAH_KASRAH_DHAMMAH_FAMILY_2,13,J1-P02-S13,6b8136ffd4a1faf79967,LETTER,صَ,C0002,C0001,2:19,COMPOSED_CANDIDATE_V2,Huruf tunggal berharakat pendek dari corpus Al-Quran
1,2,LETTER_FATHAH_KASRAH_DHAMMAH_FAMILY_2,14,J1-P02-S14,d2578fedcb9fe785a36d,LETTER,صِ,C0003,C0001,1:7,COMPOSED_CANDIDATE_V2,Huruf tunggal berharakat pendek dari corpus Al-Quran
1,2,LETTER_FATHAH_KASRAH_DHAMMAH_FAMILY_2,15,J1-P02-S15,6d45e193eb219bb57fb2,LETTER,صُ,C0004,C0001,2:18,COMPOSED_CANDIDATE_V2,Huruf tunggal berharakat pendek dari corpus Al-Quran
1,2,LETTER_FATHAH_KASRAH_DHAMMAH_FAMILY_2,16,J1-P02-S16,c4ac952044079cce821f,LETTER,ضَ,C0002,C0001,2:17,COMPOSED_CANDIDATE_V2,Huruf tunggal berharakat pendek dari corpus Al-Quran
1,2,LETTER_FATHAH_KASRAH_DHAMMAH_FAMILY_2,17,J1-P02-S17,14b48d3de3d646a18812,LETTER,ضِ,C0003,C0001,2:11,COMPOSED_CANDIDATE_V2,Huruf tunggal berharakat pendek dari corpus Al-Quran
1,2,LETTER_FATHAH_KASRAH_DHAMMAH_FAMILY_2,18,J1-P02-S18,1545c6edcc16647b003d,LETTER,ضُ,C0004,C0001,1:7,COMPOSED_CANDIDATE_V2,Huruf tunggal berharakat pendek dari corpus Al-Quran
1,2,LETTER_FATHAH_KASRAH_DHAMMAH_FAMILY_2,19,J1-P02-S19,88fa2a63303a95bdd451,LETTER,طَ,C0002,C0001,1:6,COMPOSED_CANDIDATE_V2,Huruf tunggal berharakat pendek dari corpus Al-Quran
1,2,LETTER_FATHAH_KASRAH_DHAMMAH_FAMILY_2,20,J1-P02-S20,009c7cb94587178c7c6d,LETTER,طِ,C0003,C0001,2:14,COMPOSED_CANDIDATE_V2,Huruf tunggal berharakat pendek dari corpus Al-Quran
1,2,LETTER_FATHAH_KASRAH_DHAMMAH_FAMILY_2,21,J1-P02-S21,8b6dd148bf148d779fe1,LETTER,طُ,C0004,C0001,2:15,COMPOSED_CANDIDATE_V2,Huruf tunggal berharakat pendek dari corpus Al-Quran
1,2,LETTER_FATHAH_KASRAH_DHAMMAH_FAMILY_2,22,J1-P02-S22,c8eb35196d4df5ac756a,LETTER,ظَ,C0002,C0001,2:54,COMPOSED_CANDIDATE_V2,Huruf tunggal berharakat pendek dari corpus Al-Quran
1,2,LETTER_FATHAH_KASRAH_DHAMMAH_FAMILY_2,23,J1-P02-S23,85c09f671e0eb4884a6a,LETTER,ظِ,C0003,C0001,2:7,COMPOSED_CANDIDATE_V2,Huruf tunggal berharakat pendek dari corpus Al-Quran
1,2,LETTER_FATHAH_KASRAH_DHAMMAH_FAMILY_2,24,J1-P02-S24,f22c047bbd319d239bba,LETTER,ظُ,C0004,C0001,2:17,COMPOSED_CANDIDATE_V2,Huruf tunggal berharakat pendek dari corpus Al-Quran
1,3,LETTER_FATHAH_KASRAH_DHAMMAH_NON_CONNECTORS,1,J1-P03-S01,b71bd0a31a1feb3e7508,LETTER,عَ,C0002,C0001,1:7,COMPOSED_CANDIDATE_V2,Huruf tunggal berharakat pendek dari corpus Al-Quran
1,3,LETTER_FATHAH_KASRAH_DHAMMAH_NON_CONNECTORS,2,J1-P03-S02,fb3c056180d657f4b23d,LETTER,عِ,C0003,C0001,1:5,COMPOSED_CANDIDATE_V2,Huruf tunggal berharakat pendek dari corpus Al-Quran
1,3,LETTER_FATHAH_KASRAH_DHAMMAH_NON_CONNECTORS,3,J1-P03-S03,25404e3824c89bfb927f,LETTER,عُ,C0004,C0001,2:9,COMPOSED_CANDIDATE_V2,Huruf tunggal berharakat pendek dari corpus Al-Quran
1,3,LETTER_FATHAH_KASRAH_DHAMMAH_NON_CONNECTORS,4,J1-P03-S04,57c7e692a062c17e0832,LETTER,غَ,C0002,C0001,1:7,COMPOSED_CANDIDATE_V2,Huruf tunggal berharakat pendek dari corpus Al-Quran
1,3,LETTER_FATHAH_KASRAH_DHAMMAH_NON_CONNECTORS,5,J1-P03-S05,e512fa96a77cd3b366eb,LETTER,غِ,C0003,C0001,2:7,COMPOSED_CANDIDATE_V2,Huruf tunggal berharakat pendek dari corpus Al-Quran
1,3,LETTER_FATHAH_KASRAH_DHAMMAH_NON_CONNECTORS,6,J1-P03-S06,cfd311b1ae45a8ec6e77,LETTER,غُ,C0004,C0001,2:88,COMPOSED_CANDIDATE_V2,Huruf tunggal berharakat pendek dari corpus Al-Quran
1,3,LETTER_FATHAH_KASRAH_DHAMMAH_NON_CONNECTORS,7,J1-P03-S07,747c7ffd328f521920bd,LETTER,فَ,C0002,C0001,2:6,COMPOSED_CANDIDATE_V2,Huruf tunggal berharakat pendek dari corpus Al-Quran
1,3,LETTER_FATHAH_KASRAH_DHAMMAH_NON_CONNECTORS,8,J1-P03-S08,ae8c0cfc8c1a1e8ffb0b,LETTER,فِ,C0003,C0001,2:2,COMPOSED_CANDIDATE_V2,Huruf tunggal berharakat pendek dari corpus Al-Quran
1,3,LETTER_FATHAH_KASRAH_DHAMMAH_NON_CONNECTORS,9,J1-P03-S09,dc7b8bee222f3a19917f,LETTER,فُ,C0004,C0001,2:9,COMPOSED_CANDIDATE_V2,Huruf tunggal berharakat pendek dari corpus Al-Quran
1,3,LETTER_FATHAH_KASRAH_DHAMMAH_NON_CONNECTORS,10,J1-P03-S10,29312bbd7043ececd8ac,LETTER,قَ,C0002,C0001,2:4,COMPOSED_CANDIDATE_V2,Huruf tunggal berharakat pendek dari corpus Al-Quran
1,3,LETTER_FATHAH_KASRAH_DHAMMAH_NON_CONNECTORS,11,J1-P03-S11,669f681198ef56aca5a2,LETTER,قِ,C0003,C0001,1:6,COMPOSED_CANDIDATE_V2,Huruf tunggal berharakat pendek dari corpus Al-Quran
1,3,LETTER_FATHAH_KASRAH_DHAMMAH_NON_CONNECTORS,12,J1-P03-S12,647db5806a6517fde744,LETTER,قُ,C0004,C0001,2:3,COMPOSED_CANDIDATE_V2,Huruf tunggal berharakat pendek dari corpus Al-Quran
1,3,LETTER_FATHAH_KASRAH_DHAMMAH_NON_CONNECTORS,13,J1-P03-S13,5f5f9c198a64d6075d1d,LETTER,كَ,C0002,C0001,1:5,COMPOSED_CANDIDATE_V2,Huruf tunggal berharakat pendek dari corpus Al-Quran
1,3,LETTER_FATHAH_KASRAH_DHAMMAH_NON_CONNECTORS,14,J1-P03-S14,832bf77278875d149f56,LETTER,كِ,C0003,C0001,1:4,COMPOSED_CANDIDATE_V2,Huruf tunggal berharakat pendek dari corpus Al-Quran
1,3,LETTER_FATHAH_KASRAH_DHAMMAH_NON_CONNECTORS,15,J1-P03-S15,606b60b9e2fea63c41fc,LETTER,كُ,C0004,C0001,2:14,COMPOSED_CANDIDATE_V2,Huruf tunggal berharakat pendek dari corpus Al-Quran
1,3,LETTER_FATHAH_KASRAH_DHAMMAH_NON_CONNECTORS,16,J1-P03-S16,5fd8601fc1a968ab025c,LETTER,لَ,C0002,C0001,1:2,COMPOSED_CANDIDATE_V2,Huruf tunggal berharakat pendek dari corpus Al-Quran
1,3,LETTER_FATHAH_KASRAH_DHAMMAH_NON_CONNECTORS,17,J1-P03-S17,06e6f7ee2651c5cc416b,LETTER,لِ,C0003,C0001,1:2,COMPOSED_CANDIDATE_V2,Huruf tunggal berharakat pendek dari corpus Al-Quran
1,3,LETTER_FATHAH_KASRAH_DHAMMAH_NON_CONNECTORS,18,J1-P03-S18,7048e947520c507aeacb,LETTER,لُ,C0004,C0001,2:7,COMPOSED_CANDIDATE_V2,Huruf tunggal berharakat pendek dari corpus Al-Quran
1,3,LETTER_FATHAH_KASRAH_DHAMMAH_NON_CONNECTORS,19,J1-P03-S19,1a40e83aaf4418c37091,LETTER,مَ,C0002,C0001,1:6,COMPOSED_CANDIDATE_V2,Huruf tunggal berharakat pendek dari corpus Al-Quran
1,3,LETTER_FATHAH_KASRAH_DHAMMAH_NON_CONNECTORS,20,J1-P03-S20,2f1e8f0be1c6389ce156,LETTER,مِ,C0003,C0001,1:1,COMPOSED_CANDIDATE_V2,Huruf tunggal berharakat pendek dari corpus Al-Quran
1,3,LETTER_FATHAH_KASRAH_DHAMMAH_NON_CONNECTORS,21,J1-P03-S21,d9bcde79800fe58039a6,LETTER,مُ,C0004,C0001,1:6,COMPOSED_CANDIDATE_V2,Huruf tunggal berharakat pendek dari corpus Al-Quran
1,3,LETTER_FATHAH_KASRAH_DHAMMAH_NON_CONNECTORS,22,J1-P03-S22,a622dfbbf11a4d4a34c4,LETTER,نَ,C0002,C0001,1:2,COMPOSED_CANDIDATE_V2,Huruf tunggal berharakat pendek dari corpus Al-Quran
1,3,LETTER_FATHAH_KASRAH_DHAMMAH_NON_CONNECTORS,23,J1-P03-S23,a003f9105ba584fe5ccd,LETTER,نِ,C0003,C0001,1:1,COMPOSED_CANDIDATE_V2,Huruf tunggal berharakat pendek dari corpus Al-Quran
1,3,LETTER_FATHAH_KASRAH_DHAMMAH_NON_CONNECTORS,24,J1-P03-S24,67aac0e73dbe679f70ec,LETTER,نُ,C0004,C0001,1:5,COMPOSED_CANDIDATE_V2,Huruf tunggal berharakat pendek dari corpus Al-Quran
1,4,LETTER_REMAINING_AND_REVIEW,1,J1-P04-S01,bc02b341a627174ac144,LETTER,هَ,C0002,C0001,2:9,COMPOSED_CANDIDATE_V2,Huruf tunggal berharakat pendek dari corpus Al-Quran
1,4,LETTER_REMAINING_AND_REVIEW,2,J1-P04-S02,13183fd1c0696ec0678f,LETTER,هِ,C0003,C0001,1:1,COMPOSED_CANDIDATE_V2,Huruf tunggal berharakat pendek dari corpus Al-Quran
1,4,LETTER_REMAINING_AND_REVIEW,3,J1-P04-S03,01661d78b82106f55589,LETTER,هُ,C0004,C0001,2:2,COMPOSED_CANDIDATE_V2,Huruf tunggal berharakat pendek dari corpus Al-Quran
1,4,LETTER_REMAINING_AND_REVIEW,4,J1-P04-S04,6816565ffd4546e5430d,LETTER,وَ,C0002,C0001,1:5,COMPOSED_CANDIDATE_V2,Huruf tunggal berharakat pendek dari corpus Al-Quran
1,4,LETTER_REMAINING_AND_REVIEW,5,J1-P04-S05,acf28243c5d428e77605,LETTER,وِ,C0003,C0001,2:148,COMPOSED_CANDIDATE_V2,Huruf tunggal berharakat pendek dari corpus Al-Quran
1,4,LETTER_REMAINING_AND_REVIEW,6,J1-P04-S06,60ede3b44d4fa4d0d266,LETTER,وُ,C0004,C0001,2:16,COMPOSED_CANDIDATE_V2,Huruf tunggal berharakat pendek dari corpus Al-Quran
1,4,LETTER_REMAINING_AND_REVIEW,7,J1-P04-S07,59afbe3d9ffed7d70ac1,LETTER,يَ,C0002,C0001,1:4,COMPOSED_CANDIDATE_V2,Huruf tunggal berharakat pendek dari corpus Al-Quran
1,4,LETTER_REMAINING_AND_REVIEW,8,J1-P04-S08,3c2c8d3e5320c3c25732,LETTER,يِ,C0003,C0001,2:28,COMPOSED_CANDIDATE_V2,Huruf tunggal berharakat pendek dari corpus Al-Quran
1,4,LETTER_REMAINING_AND_REVIEW,9,J1-P04-S09,8479a86207776a2da552,LETTER,يُ,C0004,C0001,2:3,COMPOSED_CANDIDATE_V2,Huruf tunggal berharakat pendek dari corpus Al-Quran
1,4,LETTER_REMAINING_AND_REVIEW,10,J1-P04-S10,8f862e56588e11edfa7b,LETTER,ءَ,C0002,C0001,2:6,COMPOSED_CANDIDATE_V2,Huruf tunggal berharakat pendek dari corpus Al-Quran
1,4,LETTER_REMAINING_AND_REVIEW,11,J1-P04-S11,9c05358ede4d09afb78c,LETTER,ءِ,C0003,C0001,2:19,COMPOSED_CANDIDATE_V2,Huruf tunggal berharakat pendek dari corpus Al-Quran
1,4,LETTER_REMAINING_AND_REVIEW,12,J1-P04-S12,7de94f8e86e0fbb0c51f,LETTER,ءُ,C0004,C0001,2:13,COMPOSED_CANDIDATE_V2,Huruf tunggal berharakat pendek dari corpus Al-Quran
1,4,LETTER_REMAINING_AND_REVIEW,13,J1-P04-S13,301e1ec3d241993fb30b,LETTER,أَ,C0002,C0001,1:7,COMPOSED_CANDIDATE_V2,Huruf tunggal berharakat pendek dari corpus Al-Quran
1,4,LETTER_REMAINING_AND_REVIEW,14,J1-P04-S14,b1c52c7ac7ee3a8f70a9,LETTER,أُ,C0004,C0001,2:4,COMPOSED_CANDIDATE_V2,Huruf tunggal berharakat pendek dari corpus Al-Quran
1,4,LETTER_REMAINING_AND_REVIEW,15,J1-P04-S15,03ff3aad020c1467b0f4,LETTER,إِ,C0003,C0001,1:5,COMPOSED_CANDIDATE_V2,Huruf tunggal berharakat pendek dari corpus Al-Quran
1,4,LETTER_REMAINING_AND_REVIEW,16,J1-P04-S16,654ca6a3c835a03d8e1d,LETTER,ؤَ,C0002,C0001,2:225,COMPOSED_CANDIDATE_V2,Huruf tunggal berharakat pendek dari corpus Al-Quran
1,4,LETTER_REMAINING_AND_REVIEW,17,J1-P04-S17,0aab9e52632ecdeb9143,LETTER,ؤِ,C0003,C0001,56:23,COMPOSED_CANDIDATE_V2,Huruf tunggal berharakat pendek dari corpus Al-Quran
1,4,LETTER_REMAINING_AND_REVIEW,18,J1-P04-S18,7095de44c7e586f0a8c8,LETTER,ؤُ,C0004,C0001,2:31,COMPOSED_CANDIDATE_V2,Huruf tunggal berharakat pendek dari corpus Al-Quran
1,4,LETTER_REMAINING_AND_REVIEW,19,J1-P04-S19,405aa1fd432f51b1630b,LETTER,ئَ,C0002,C0001,2:81,COMPOSED_CANDIDATE_V2,Huruf tunggal berharakat pendek dari corpus Al-Quran
1,4,LETTER_REMAINING_AND_REVIEW,20,J1-P04-S20,3bce9127740640aa8c90,LETTER,ئِ,C0003,C0001,2:5,COMPOSED_CANDIDATE_V2,Huruf tunggal berharakat pendek dari corpus Al-Quran
1,4,LETTER_REMAINING_AND_REVIEW,21,J1-P04-S21,46cc6319ab94982a0426,LETTER,ئُ,C0004,C0001,2:15,COMPOSED_CANDIDATE_V2,Huruf tunggal berharakat pendek dari corpus Al-Quran
1,4,LETTER_REMAINING_AND_REVIEW,22,J1-P04-S22,3d2563b712f5ee4d755b,LETTER,ىَ,C0002,C0001,2:38,COMPOSED_CANDIDATE_V2,Huruf tunggal berharakat pendek dari corpus Al-Quran
1,4,LETTER_REMAINING_AND_REVIEW,23,J1-P04-S23,d863cf83246409aad8c7,LETTER,ىِ,C0003,C0001,2:73,COMPOSED_CANDIDATE_V2,Huruf tunggal berharakat pendek dari corpus Al-Quran
1,4,LETTER_REMAINING_AND_REVIEW,24,J1-P04-S24,01dd0d16a5a38bc1b4b7,LETTER,ىُ,C0004,C0001,2:196,COMPOSED_CANDIDATE_V2,Huruf tunggal berharakat pendek dari corpus Al-Quran
1,5,TWO_LETTER_BASIC,1,J1-P05-S01,3a9c1ec72384d54655e3,WORD_FRAGMENT,ءَأَ,C0005,C0002|C0003|C0004,2:6,COMPOSED_CANDIDATE_V2,Fragmen dua huruf dari corpus Al-Quran; objek tidak diulang
1,5,TWO_LETTER_BASIC,2,J1-P05-S02,dc6edb5783ac254564c6,WORD_FRAGMENT,ءَةَ,C0005,C0002|C0003|C0004,5:31,COMPOSED_CANDIDATE_V2,Fragmen dua huruf dari corpus Al-Quran; objek tidak diulang
1,5,TWO_LETTER_BASIC,3,J1-P05-S03,949b410dd547d02c50e0,WORD_FRAGMENT,ءَتِ,C0005,C0002|C0003|C0004,8:48,COMPOSED_CANDIDATE_V2,Fragmen dua huruf dari corpus Al-Quran; objek tidak diulang
1,5,TWO_LETTER_BASIC,4,J1-P05-S04,23defdc75a091dbf94e8,WORD_FRAGMENT,ءَكَ,C0005,C0002|C0003|C0004,2:120,COMPOSED_CANDIDATE_V2,Fragmen dua huruf dari corpus Al-Quran; objek tidak diulang
1,5,TWO_LETTER_BASIC,5,J1-P05-S05,ead3bf73428a58155b51,WORD_FRAGMENT,ءَكُ,C0005,C0002|C0003|C0004,2:23,COMPOSED_CANDIDATE_V2,Fragmen dua huruf dari corpus Al-Quran; objek tidak diulang
1,5,TWO_LETTER_BASIC,6,J1-P05-S06,c182b832be4833804a37,WORD_FRAGMENT,ءَكِ,C0005,C0002|C0003|C0004,11:44,COMPOSED_CANDIDATE_V2,Fragmen dua huruf dari corpus Al-Quran; objek tidak diulang
1,5,TWO_LETTER_BASIC,7,J1-P05-S07,05a797be7c431cbb5638,WORD_FRAGMENT,ءَلُ,C0005,C0002|C0003|C0004,4:1,COMPOSED_CANDIDATE_V2,Fragmen dua huruf dari corpus Al-Quran; objek tidak diulang
1,5,TWO_LETTER_BASIC,8,J1-P05-S08,58d89a5852c5b9faa0ad,WORD_FRAGMENT,ءَنَ,C0005,C0002|C0003|C0004,2:170,COMPOSED_CANDIDATE_V2,Fragmen dua huruf dari corpus Al-Quran; objek tidak diulang
1,5,TWO_LETTER_BASIC,9,J1-P05-S09,a5fefab2750ab33e65e7,WORD_FRAGMENT,ءَنِ,C0005,C0002|C0003|C0004,19:43,COMPOSED_CANDIDATE_V2,Fragmen dua huruf dari corpus Al-Quran; objek tidak diulang
1,5,TWO_LETTER_BASIC,10,J1-P05-S10,5da8e0e7dc5f6172ab63,WORD_FRAGMENT,ءَهَ,C0005,C0002|C0003|C0004,7:4,COMPOSED_CANDIDATE_V2,Fragmen dua huruf dari corpus Al-Quran; objek tidak diulang
1,5,TWO_LETTER_BASIC,11,J1-P05-S11,d9c8a62361e4dc87767f,WORD_FRAGMENT,ءَهُ,C0005,C0002|C0003|C0004,2:89,COMPOSED_CANDIDATE_V2,Fragmen dua huruf dari corpus Al-Quran; objek tidak diulang
1,5,TWO_LETTER_BASIC,12,J1-P05-S12,8ca3ed06116c969fc2c6,WORD_FRAGMENT,ءُدَ,C0005,C0002|C0003|C0004,81:8,COMPOSED_CANDIDATE_V2,Fragmen dua huruf dari corpus Al-Quran; objek tidak diulang
1,5,TWO_LETTER_BASIC,13,J1-P05-S13,1002a34170bb3e6da113,WORD_FRAGMENT,ءِذَ,C0005,C0002|C0003|C0004,13:5,COMPOSED_CANDIDATE_V2,Fragmen dua huruf dari corpus Al-Quran; objek tidak diulang
1,5,TWO_LETTER_BASIC,14,J1-P05-S14,5781e532cb73982e4317,WORD_FRAGMENT,ءِىَ,C0005,C0002|C0003|C0004,16:27,COMPOSED_CANDIDATE_V2,Fragmen dua huruf dari corpus Al-Quran; objek tidak diulang
1,5,TWO_LETTER_BASIC,15,J1-P05-S15,d9eee8b1bad81c51e1cf,WORD_FRAGMENT,أَءُ,C0005,C0002|C0003|C0004,38:8,COMPOSED_CANDIDATE_V2,Fragmen dua huruf dari corpus Al-Quran; objek tidak diulang
1,5,TWO_LETTER_BASIC,16,J1-P05-S16,974e8f5c3c8037e1f197,WORD_FRAGMENT,أَءِ,C0005,C0002|C0003|C0004,12:90,COMPOSED_CANDIDATE_V2,Fragmen dua huruf dari corpus Al-Quran; objek tidak diulang
1,5,TWO_LETTER_BASIC,17,J1-P05-S17,d65acde98e4bd9a1fb6f,WORD_FRAGMENT,أَؤُ,C0005,C0002|C0003|C0004,3:15,COMPOSED_CANDIDATE_V2,Fragmen dua huruf dari corpus Al-Quran; objek tidak diulang
1,5,TWO_LETTER_BASIC,18,J1-P05-S18,12a505b98edb822e4b31,WORD_FRAGMENT,أَئِ,C0005,C0002|C0003|C0004,6:19,COMPOSED_CANDIDATE_V2,Fragmen dua huruf dari corpus Al-Quran; objek tidak diulang
1,5,TWO_LETTER_BASIC,19,J1-P05-S19,9011b50ebc73bcbb4a51,WORD_FRAGMENT,أَبَ,C0005,C0002|C0003|C0004,2:34,COMPOSED_CANDIDATE_V2,Fragmen dua huruf dari corpus Al-Quran; objek tidak diulang
1,5,TWO_LETTER_BASIC,20,J1-P05-S20,7475daadf0589e00ffc8,WORD_FRAGMENT,أَبُ,C0005,C0002|C0003|C0004,12:68,COMPOSED_CANDIDATE_V2,Fragmen dua huruf dari corpus Al-Quran; objek tidak diulang
1,5,TWO_LETTER_BASIC,21,J1-P05-S21,b071af318c0360caf4d6,WORD_FRAGMENT,أَبِ,C0005,C0002|C0003|C0004,6:74,COMPOSED_CANDIDATE_V2,Fragmen dua huruf dari corpus Al-Quran; objek tidak diulang
1,5,TWO_LETTER_BASIC,22,J1-P05-S22,84833222ee8bdbde7ae0,WORD_FRAGMENT,أَةَ,C0005,C0002|C0003|C0004,29:20,COMPOSED_CANDIDATE_V2,Fragmen dua huruf dari corpus Al-Quran; objek tidak diulang
1,5,TWO_LETTER_BASIC,23,J1-P05-S23,fd05397e1ae43283eb77,WORD_FRAGMENT,أَتَ,C0005,C0002|C0003|C0004,2:30,COMPOSED_CANDIDATE_V2,Fragmen dua huruf dari corpus Al-Quran; objek tidak diulang
1,5,TWO_LETTER_BASIC,24,J1-P05-S24,55b0976b45845b48015f,WORD_FRAGMENT,أَتُ,C0005,C0002|C0003|C0004,2:76,COMPOSED_CANDIDATE_V2,Fragmen dua huruf dari corpus Al-Quran; objek tidak diulang
1,6,TWO_LETTER_BASIC,1,J1-P06-S01,7e2308409193c7e689c9,WORD_FRAGMENT,أَتِ,C0005,C0002|C0003|C0004,2:187,COMPOSED_CANDIDATE_V2,Fragmen dua huruf dari corpus Al-Quran; objek tidak diulang
1,6,TWO_LETTER_BASIC,2,J1-P06-S02,46072fdaa0e28321b6aa,WORD_FRAGMENT,أَثَ,C0005,C0002|C0003|C0004,20:84,COMPOSED_CANDIDATE_V2,Fragmen dua huruf dari corpus Al-Quran; objek tidak diulang
1,6,TWO_LETTER_BASIC,3,J1-P06-S03,e924d52c4ea05acb1a40,WORD_FRAGMENT,أَثُ,C0005,C0002|C0003|C0004,10:51,COMPOSED_CANDIDATE_V2,Fragmen dua huruf dari corpus Al-Quran; objek tidak diulang
1,6,TWO_LETTER_BASIC,4,J1-P06-S04,f848a4126b951d4b74f7,WORD_FRAGMENT,أَثِ,C0005,C0002|C0003|C0004,2:276,COMPOSED_CANDIDATE_V2,Fragmen dua huruf dari corpus Al-Quran; objek tidak diulang
1,6,TWO_LETTER_BASIC,5,J1-P06-S05,933dc45055ea6f79aea8,WORD_FRAGMENT,أَجَ,C0005,C0002|C0003|C0004,2:231,COMPOSED_CANDIDATE_V2,Fragmen dua huruf dari corpus Al-Quran; objek tidak diulang
1,6,TWO_LETTER_BASIC,6,J1-P06-S06,3a99e059fae175a81ebf,WORD_FRAGMENT,أَجِ,C0005,C0002|C0003|C0004,6:145,COMPOSED_CANDIDATE_V2,Fragmen dua huruf dari corpus Al-Quran; objek tidak diulang
1,6,TWO_LETTER_BASIC,7,J1-P06-S07,233dc7951decac01200a,WORD_FRAGMENT,أَحَ,C0005,C0002|C0003|C0004,2:96,COMPOSED_CANDIDATE_V2,Fragmen dua huruf dari corpus Al-Quran; objek tidak diulang
1,6,TWO_LETTER_BASIC,8,J1-P06-S08,a9ad1c3cdde79c55a06d,WORD_FRAGMENT,أَحِ,C0005,C0002|C0003|C0004,5:18,COMPOSED_CANDIDATE_V2,Fragmen dua huruf dari corpus Al-Quran; objek tidak diulang
1,6,TWO_LETTER_BASIC,9,J1-P06-S09,2f659658bc328f106803,WORD_FRAGMENT,أَخَ,C0005,C0002|C0003|C0004,2:55,COMPOSED_CANDIDATE_V2,Fragmen dua huruf dari corpus Al-Quran; objek tidak diulang
1,6,TWO_LETTER_BASIC,10,J1-P06-S10,5f4abfebd98fb8879186,WORD_FRAGMENT,أَخُ,C0005,C0002|C0003|C0004,12:8,COMPOSED_CANDIDATE_V2,Fragmen dua huruf dari corpus Al-Quran; objek tidak diulang
1,6,TWO_LETTER_BASIC,11,J1-P06-S11,c7ccbc5b660cefe0bb30,WORD_FRAGMENT,أَخِ,C0005,C0002|C0003|C0004,2:178,COMPOSED_CANDIDATE_V2,Fragmen dua huruf dari corpus Al-Quran; objek tidak diulang
1,6,TWO_LETTER_BASIC,12,J1-P06-S12,0f8a2f78d30bc355e21f,WORD_FRAGMENT,أَدَ,C0005,C0002|C0003|C0004,2:178,COMPOSED_CANDIDATE_V2,Fragmen dua huruf dari corpus Al-Quran; objek tidak diulang
1,6,TWO_LETTER_BASIC,13,J1-P06-S13,09e7d9374b1e790eb536,WORD_FRAGMENT,أَدُ,C0005,C0002|C0003|C0004,20:40,COMPOSED_CANDIDATE_V2,Fragmen dua huruf dari corpus Al-Quran; objek tidak diulang
1,6,TWO_LETTER_BASIC,14,J1-P06-S14,f3b8e9cea83dfeddf295,WORD_FRAGMENT,أَذَ,C0005,C0002|C0003|C0004,2:264,COMPOSED_CANDIDATE_V2,Fragmen dua huruf dari corpus Al-Quran; objek tidak diulang
1,6,TWO_LETTER_BASIC,15,J1-P06-S15,bf54e5f91f84d3c865c7,WORD_FRAGMENT,أَذِ,C0005,C0002|C0003|C0004,3:123,COMPOSED_CANDIDATE_V2,Fragmen dua huruf dari corpus Al-Quran; objek tidak diulang
1,6,TWO_LETTER_BASIC,16,J1-P06-S16,741905ad040eb947b617,WORD_FRAGMENT,أَرَ,C0005,C0002|C0003|C0004,2:26,COMPOSED_CANDIDATE_V2,Fragmen dua huruf dari corpus Al-Quran; objek tidak diulang
1,6,TWO_LETTER_BASIC,17,J1-P06-S17,6a8c87ce59906074ae39,WORD_FRAGMENT,أَرُ,C0005,C0002|C0003|C0004,31:11,COMPOSED_CANDIDATE_V2,Fragmen dua huruf dari corpus Al-Quran; objek tidak diulang
1,6,TWO_LETTER_BASIC,18,J1-P06-S18,e1256f03feafee468a34,WORD_FRAGMENT,أَرِ,C0005,C0002|C0003|C0004,2:128,COMPOSED_CANDIDATE_V2,Fragmen dua huruf dari corpus Al-Quran; objek tidak diulang
1,6,TWO_LETTER_BASIC,19,J1-P06-S19,85730183e8884236b17a,WORD_FRAGMENT,أَزَ,C0005,C0002|C0003|C0004,2:36,COMPOSED_CANDIDATE_V2,Fragmen dua huruf dari corpus Al-Quran; objek tidak diulang
1,6,TWO_LETTER_BASIC,20,J1-P06-S20,52dc724ad37c82520794,WORD_FRAGMENT,أَزِ,C0005,C0002|C0003|C0004,14:7,COMPOSED_CANDIDATE_V2,Fragmen dua huruf dari corpus Al-Quran; objek tidak diulang
1,6,TWO_LETTER_BASIC,21,J1-P06-S21,cea7a442ca64995f425c,WORD_FRAGMENT,أَسَ,C0005,C0002|C0003|C0004,5:52,COMPOSED_CANDIDATE_V2,Fragmen dua huruf dari corpus Al-Quran; objek tidak diulang
1,6,TWO_LETTER_BASIC,22,J1-P06-S22,d8626ae71b6e71cfe269,WORD_FRAGMENT,أَسِ,C0005,C0002|C0003|C0004,7:150,COMPOSED_CANDIDATE_V2,Fragmen dua huruf dari corpus Al-Quran; objek tidak diulang
1,6,TWO_LETTER_BASIC,23,J1-P06-S23,aa2e87f49a7047357401,WORD_FRAGMENT,أَشَ,C0005,C0002|C0003|C0004,2:74,COMPOSED_CANDIDATE_V2,Fragmen dua huruf dari corpus Al-Quran; objek tidak diulang
1,6,TWO_LETTER_BASIC,24,J1-P06-S24,c243d7f20ee7232f2783,WORD_FRAGMENT,أَشُ,C0005,C0002|C0003|C0004,6:152,COMPOSED_CANDIDATE_V2,Fragmen dua huruf dari corpus Al-Quran; objek tidak diulang
1,7,TWO_LETTER_BASIC,1,J1-P07-S01,854f9f57afc609605d4c,WORD_FRAGMENT,أَشِ,C0005,C0002|C0003|C0004,33:19,COMPOSED_CANDIDATE_V2,Fragmen dua huruf dari corpus Al-Quran; objek tidak diulang
1,7,TWO_LETTER_BASIC,2,J1-P07-S02,67794dd79c9dc1a3f9f1,WORD_FRAGMENT,أَصَ,C0005,C0002|C0003|C0004,2:264,COMPOSED_CANDIDATE_V2,Fragmen dua huruf dari corpus Al-Quran; objek tidak diulang
1,7,TWO_LETTER_BASIC,3,J1-P07-S03,ab4ea9b4c2f38264a23e,WORD_FRAGMENT,أَصِ,C0005,C0002|C0003|C0004,25:5,COMPOSED_CANDIDATE_V2,Fragmen dua huruf dari corpus Al-Quran; objek tidak diulang
1,7,TWO_LETTER_BASIC,4,J1-P07-S04,82d22ecca4a2d4c9d303,WORD_FRAGMENT,أَضَ,C0005,C0002|C0003|C0004,2:17,COMPOSED_CANDIDATE_V2,Fragmen dua huruf dari corpus Al-Quran; objek tidak diulang
1,7,TWO_LETTER_BASIC,5,J1-P07-S05,4843b25ec41f66a507b8,WORD_FRAGMENT,أَضِ,C0005,C0002|C0003|C0004,34:50,COMPOSED_CANDIDATE_V2,Fragmen dua huruf dari corpus Al-Quran; objek tidak diulang
1,7,TWO_LETTER_BASIC,6,J1-P07-S06,8af68f763a01b58c6f1a,WORD_FRAGMENT,أَطَ,C0005,C0002|C0003|C0004,2:285,COMPOSED_CANDIDATE_V2,Fragmen dua huruf dari corpus Al-Quran; objek tidak diulang
1,7,TWO_LETTER_BASIC,7,J1-P07-S07,0ce946dcd523e0b181a9,WORD_FRAGMENT,أَطِ,C0005,C0002|C0003|C0004,3:32,COMPOSED_CANDIDATE_V2,Fragmen dua huruf dari corpus Al-Quran; objek tidak diulang
1,7,TWO_LETTER_BASIC,8,J1-P07-S08,7f0ede0cca9ade28812e,WORD_FRAGMENT,أَظُ,C0005,C0002|C0003|C0004,17:101,COMPOSED_CANDIDATE_V2,Fragmen dua huruf dari corpus Al-Quran; objek tidak diulang
1,7,TWO_LETTER_BASIC,9,J1-P07-S09,1fb0edfa5fc0f0b09af9,WORD_FRAGMENT,أَعَ,C0005,C0002|C0003|C0004,4:93,COMPOSED_CANDIDATE_V2,Fragmen dua huruf dari corpus Al-Quran; objek tidak diulang
1,7,TWO_LETTER_BASIC,10,J1-P07-S10,9de757e7e0e0b20be82e,WORD_FRAGMENT,أَعُ,C0005,C0002|C0003|C0004,2:67,COMPOSED_CANDIDATE_V2,Fragmen dua huruf dari corpus Al-Quran; objek tidak diulang
1,7,TWO_LETTER_BASIC,11,J1-P07-S11,57fbc26262cf281cebbd,WORD_FRAGMENT,أَعِ,C0005,C0002|C0003|C0004,5:54,COMPOSED_CANDIDATE_V2,Fragmen dua huruf dari corpus Al-Quran; objek tidak diulang
1,7,TWO_LETTER_BASIC,12,J1-P07-S12,7674ab5cf333e3af0365,WORD_FRAGMENT,أَغَ,C0005,C0002|C0003|C0004,6:14,COMPOSED_CANDIDATE_V2,Fragmen dua huruf dari corpus Al-Quran; objek tidak diulang
1,7,TWO_LETTER_BASIC,13,J1-P07-S13,e9dda185627297ed28d5,WORD_FRAGMENT,أَفَ,C0005,C0002|C0003|C0004,2:44,COMPOSED_CANDIDATE_V2,Fragmen dua huruf dari corpus Al-Quran; objek tidak diulang
1,7,TWO_LETTER_BASIC,14,J1-P07-S14,9d7eeea1b1b60408ff8c,WORD_FRAGMENT,أَفُ,C0005,C0002|C0003|C0004,4:73,COMPOSED_CANDIDATE_V2,Fragmen dua huruf dari corpus Al-Quran; objek tidak diulang
1,7,TWO_LETTER_BASIC,15,J1-P07-S15,45f6124ced587681c1f4,WORD_FRAGMENT,أَفِ,C0005,C0002|C0003|C0004,2:199,COMPOSED_CANDIDATE_V2,Fragmen dua huruf dari corpus Al-Quran; objek tidak diulang
1,7,TWO_LETTER_BASIC,16,J1-P07-S16,1327b2a5605904b687be,WORD_FRAGMENT,أَقَ,C0005,C0002|C0003|C0004,2:177,COMPOSED_CANDIDATE_V2,Fragmen dua huruf dari corpus Al-Quran; objek tidak diulang
1,7,TWO_LETTER_BASIC,17,J1-P07-S17,7a9d12e0015b57cf305a,WORD_FRAGMENT,أَقُ,C0005,C0002|C0003|C0004,2:33,COMPOSED_CANDIDATE_V2,Fragmen dua huruf dari corpus Al-Quran; objek tidak diulang
1,7,TWO_LETTER_BASIC,18,J1-P07-S18,3d5edbeed135015a5f20,WORD_FRAGMENT,أَقِ,C0005,C0002|C0003|C0004,2:43,COMPOSED_CANDIDATE_V2,Fragmen dua huruf dari corpus Al-Quran; objek tidak diulang
1,7,TWO_LETTER_BASIC,19,J1-P07-S19,f2eaae0ae5f7d35e1476,WORD_FRAGMENT,أَكَ,C0005,C0002|C0003|C0004,3:106,COMPOSED_CANDIDATE_V2,Fragmen dua huruf dari corpus Al-Quran; objek tidak diulang
1,7,TWO_LETTER_BASIC,20,J1-P07-S20,2aef807782a82ae23ce1,WORD_FRAGMENT,أَكُ,C0005,C0002|C0003|C0004,2:67,COMPOSED_CANDIDATE_V2,Fragmen dua huruf dari corpus Al-Quran; objek tidak diulang
1,7,TWO_LETTER_BASIC,21,J1-P07-S21,4709f10a4a44502b56a4,WORD_FRAGMENT,أَكِ,C0005,C0002|C0003|C0004,6:25,COMPOSED_CANDIDATE_V2,Fragmen dua huruf dari corpus Al-Quran; objek tidak diulang
1,7,TWO_LETTER_BASIC,22,J1-P07-S22,57b902e828cf57f8c7d6,WORD_FRAGMENT,أَلَ,C0005,C0002|C0003|C0004,2:12,COMPOSED_CANDIDATE_V2,Fragmen dua huruf dari corpus Al-Quran; objek tidak diulang
1,7,TWO_LETTER_BASIC,23,J1-P07-S23,f463d2cb55291ce2867f,WORD_FRAGMENT,أَلُ,C0005,C0002|C0003|C0004,4:153,COMPOSED_CANDIDATE_V2,Fragmen dua huruf dari corpus Al-Quran; objek tidak diulang
1,7,TWO_LETTER_BASIC,24,J1-P07-S24,89751fba78bdb760d103,WORD_FRAGMENT,أَلِ,C0005,C0002|C0003|C0004,2:10,COMPOSED_CANDIDATE_V2,Fragmen dua huruf dari corpus Al-Quran; objek tidak diulang
1,8,TWO_LETTER_BASIC,1,J1-P08-S01,e9fc395e4e963fcdcfe0,WORD_FRAGMENT,أَمَ,C0005,C0002|C0003|C0004,2:27,COMPOSED_CANDIDATE_V2,Fragmen dua huruf dari corpus Al-Quran; objek tidak diulang
1,8,TWO_LETTER_BASIC,2,J1-P08-S02,45163457c238cdee2068,WORD_FRAGMENT,أَمُ,C0005,C0002|C0003|C0004,19:33,COMPOSED_CANDIDATE_V2,Fragmen dua huruf dari corpus Al-Quran; objek tidak diulang
1,8,TWO_LETTER_BASIC,3,J1-P08-S03,48eda6a7568bc532dfd8,WORD_FRAGMENT,أَمِ,C0005,C0002|C0003|C0004,2:140,COMPOSED_CANDIDATE_V2,Fragmen dua huruf dari corpus Al-Quran; objek tidak diulang
1,8,TWO_LETTER_BASIC,4,J1-P08-S04,772075abf1e1afb28a0c,WORD_FRAGMENT,أَنَ,C0005,C0002|C0003|C0004,2:160,COMPOSED_CANDIDATE_V2,Fragmen dua huruf dari corpus Al-Quran; objek tidak diulang
1,8,TWO_LETTER_BASIC,5,J1-P08-S05,3384ff935631dd6fdf3d,WORD_FRAGMENT,أَنُ,C0005,C0002|C0003|C0004,2:13,COMPOSED_CANDIDATE_V2,Fragmen dua huruf dari corpus Al-Quran; objek tidak diulang
1,8,TWO_LETTER_BASIC,6,J1-P08-S06,7f4b3f7534404db877ed,WORD_FRAGMENT,أَنِ,C0005,C0002|C0003|C0004,4:66,COMPOSED_CANDIDATE_V2,Fragmen dua huruf dari corpus Al-Quran; objek tidak diulang
1,8,TWO_LETTER_BASIC,7,J1-P08-S07,5a6ca29c1b6517eac0c8,WORD_FRAGMENT,أَهَ,C0005,C0002|C0003|C0004,3:154,COMPOSED_CANDIDATE_V2,Fragmen dua huruf dari corpus Al-Quran; objek tidak diulang
1,8,TWO_LETTER_BASIC,8,J1-P08-S08,af94cfdb6193ea3c6560,WORD_FRAGMENT,أَهُ,C0005,C0002|C0003|C0004,2:33,COMPOSED_CANDIDATE_V2,Fragmen dua huruf dari corpus Al-Quran; objek tidak diulang
1,8,TWO_LETTER_BASIC,9,J1-P08-S09,c5332bdc9b1d3c59b7aa,WORD_FRAGMENT,أَهِ,C0005,C0002|C0003|C0004,2:189,COMPOSED_CANDIDATE_V2,Fragmen dua huruf dari corpus Al-Quran; objek tidak diulang
1,8,TWO_LETTER_BASIC,10,J1-P08-S10,e267e93f06f444f97ac1,WORD_FRAGMENT,أَوَ,C0005,C0002|C0003|C0004,2:77,COMPOSED_CANDIDATE_V2,Fragmen dua huruf dari corpus Al-Quran; objek tidak diulang
1,8,TWO_LETTER_BASIC,11,J1-P08-S11,0f6dcdb94593628e2f15,WORD_FRAGMENT,أَوُ,C0005,C0002|C0003|C0004,2:166,COMPOSED_CANDIDATE_V2,Fragmen dua huruf dari corpus Al-Quran; objek tidak diulang
1,8,TWO_LETTER_BASIC,12,J1-P08-S12,5627c80fda8f97dfeeb0,WORD_FRAGMENT,أَوِ,C0005,C0002|C0003|C0004,2:158,COMPOSED_CANDIDATE_V2,Fragmen dua huruf dari corpus Al-Quran; objek tidak diulang
1,8,TWO_LETTER_BASIC,13,J1-P08-S13,75366178a5f07e036fc9,WORD_FRAGMENT,أَيَ,C0005,C0002|C0003|C0004,2:266,COMPOSED_CANDIDATE_V2,Fragmen dua huruf dari corpus Al-Quran; objek tidak diulang
1,8,TWO_LETTER_BASIC,14,J1-P08-S14,3d5e368c22e2e09a6f1b,WORD_FRAGMENT,أَيُ,C0005,C0002|C0003|C0004,7:191,COMPOSED_CANDIDATE_V2,Fragmen dua huruf dari corpus Al-Quran; objek tidak diulang
1,8,TWO_LETTER_BASIC,15,J1-P08-S15,f95161ea643eb1f265e0,WORD_FRAGMENT,أُبَ,C0005,C0002|C0003|C0004,7:62,COMPOSED_CANDIDATE_V2,Fragmen dua huruf dari corpus Al-Quran; objek tidak diulang
1,8,TWO_LETTER_BASIC,16,J1-P08-S16,042e19719ad9d9a6d2cb,WORD_FRAGMENT,أُتُ,C0005,C0002|C0003|C0004,2:25,COMPOSED_CANDIDATE_V2,Fragmen dua huruf dari corpus Al-Quran; objek tidak diulang
1,8,TWO_LETTER_BASIC,17,J1-P08-S17,f4f75791695007451a75,WORD_FRAGMENT,أُتِ,C0005,C0002|C0003|C0004,2:150,COMPOSED_CANDIDATE_V2,Fragmen dua huruf dari corpus Al-Quran; objek tidak diulang
1,8,TWO_LETTER_BASIC,18,J1-P08-S18,c26e4564ff02c72829fd,WORD_FRAGMENT,أُجَ,C0005,C0002|C0003|C0004,25:53,COMPOSED_CANDIDATE_V2,Fragmen dua huruf dari corpus Al-Quran; objek tidak diulang
1,8,TWO_LETTER_BASIC,19,J1-P08-S19,da11a9e6cc74a9a4a917,WORD_FRAGMENT,أُجُ,C0005,C0002|C0003|C0004,3:57,COMPOSED_CANDIDATE_V2,Fragmen dua huruf dari corpus Al-Quran; objek tidak diulang
1,8,TWO_LETTER_BASIC,20,J1-P08-S20,b8aabd3260cd239d8bb2,WORD_FRAGMENT,أُجِ,C0005,C0002|C0003|C0004,2:186,COMPOSED_CANDIDATE_V2,Fragmen dua huruf dari corpus Al-Quran; objek tidak diulang
1,8,TWO_LETTER_BASIC,21,J1-P08-S21,c10be2d7c5200dc14345,WORD_FRAGMENT,أُحِ,C0005,C0002|C0003|C0004,2:187,COMPOSED_CANDIDATE_V2,Fragmen dua huruf dari corpus Al-Quran; objek tidak diulang
1,8,TWO_LETTER_BASIC,22,J1-P08-S22,127b43a0ec6eb302e8b4,WORD_FRAGMENT,أُخَ,C0005,C0002|C0003|C0004,2:184,COMPOSED_CANDIDATE_V2,Fragmen dua huruf dari corpus Al-Quran; objek tidak diulang
1,8,TWO_LETTER_BASIC,23,J1-P08-S23,95a49ec7824810fc5c67,WORD_FRAGMENT,أُخِ,C0005,C0002|C0003|C0004,8:70,COMPOSED_CANDIDATE_V2,Fragmen dua huruf dari corpus Al-Quran; objek tidak diulang
1,8,TWO_LETTER_BASIC,24,J1-P08-S24,3fbfb1e9b48e9fe9f48e,WORD_FRAGMENT,أُذُ,C0005,C0002|C0003|C0004,5:45,COMPOSED_CANDIDATE_V2,Fragmen dua huruf dari corpus Al-Quran; objek tidak diulang
1,9,TWO_LETTER_BASIC,1,J1-P09-S01,0ed2bc961c8565780566,WORD_FRAGMENT,أُذِ,C0005,C0002|C0003|C0004,22:39,COMPOSED_CANDIDATE_V2,Fragmen dua huruf dari corpus Al-Quran; objek tidak diulang
1,9,TWO_LETTER_BASIC,2,J1-P09-S02,619deb673867580420b1,WORD_FRAGMENT,أُرِ,C0005,C0002|C0003|C0004,5:29,COMPOSED_CANDIDATE_V2,Fragmen dua huruf dari corpus Al-Quran; objek tidak diulang
1,9,TWO_LETTER_BASIC,3,J1-P09-S03,e55ba90d021dc06c0860,WORD_FRAGMENT,أُزَ,C0005,C0002|C0003|C0004,15:39,COMPOSED_CANDIDATE_V2,Fragmen dua huruf dari corpus Al-Quran; objek tidak diulang
1,9,TWO_LETTER_BASIC,4,J1-P09-S04,7363f6b4eb8934dfd0c9,WORD_FRAGMENT,أُسَ,C0005,C0002|C0003|C0004,33:28,COMPOSED_CANDIDATE_V2,Fragmen dua huruf dari corpus Al-Quran; objek tidak diulang
1,9,TWO_LETTER_BASIC,5,J1-P09-S05,3b2f03ae93a1482a55d9,WORD_FRAGMENT,أُصَ,C0005,C0002|C0003|C0004,7:124,COMPOSED_CANDIDATE_V2,Fragmen dua huruf dari corpus Al-Quran; objek tidak diulang
1,9,TWO_LETTER_BASIC,6,J1-P09-S06,6eeac7c047291b9d1df0,WORD_FRAGMENT,أُصُ,C0005,C0002|C0003|C0004,59:5,COMPOSED_CANDIDATE_V2,Fragmen dua huruf dari corpus Al-Quran; objek tidak diulang
1,9,TWO_LETTER_BASIC,7,J1-P09-S07,f6eade240ac6f5583542,WORD_FRAGMENT,أُصِ,C0005,C0002|C0003|C0004,7:156,COMPOSED_CANDIDATE_V2,Fragmen dua huruf dari corpus Al-Quran; objek tidak diulang
1,9,TWO_LETTER_BASIC,8,J1-P09-S08,be5a14f47f97e014f7ad,WORD_FRAGMENT,أُضِ,C0005,C0002|C0003|C0004,3:195,COMPOSED_CANDIDATE_V2,Fragmen dua huruf dari corpus Al-Quran; objek tidak diulang
1,9,TWO_LETTER_BASIC,9,J1-P09-S09,10ca5fd872f61509bf64,WORD_FRAGMENT,أُعَ,C0005,C0002|C0003|C0004,3:56,COMPOSED_CANDIDATE_V2,Fragmen dua huruf dari corpus Al-Quran; objek tidak diulang
1,9,TWO_LETTER_BASIC,10,J1-P09-S10,b46056343a39e0e5b99e,WORD_FRAGMENT,أُعِ,C0005,C0002|C0003|C0004,2:24,COMPOSED_CANDIDATE_V2,Fragmen dua huruf dari corpus Al-Quran; objek tidak diulang
1,9,TWO_LETTER_BASIC,11,J1-P09-S11,d5c3027cbc0c51f7141d,WORD_FRAGMENT,أُفَ,C0005,C0002|C0003|C0004,40:44,COMPOSED_CANDIDATE_V2,Fragmen dua huruf dari corpus Al-Quran; objek tidak diulang
1,9,TWO_LETTER_BASIC,12,J1-P09-S12,ba14c862cd433cd7fac8,WORD_FRAGMENT,أُفُ,C0005,C0002|C0003|C0004,53:7,COMPOSED_CANDIDATE_V2,Fragmen dua huruf dari corpus Al-Quran; objek tidak diulang
1,9,TWO_LETTER_BASIC,13,J1-P09-S13,17020f7330ee3735d3eb,WORD_FRAGMENT,أُفِ,C0005,C0002|C0003|C0004,51:9,COMPOSED_CANDIDATE_V2,Fragmen dua huruf dari corpus Al-Quran; objek tidak diulang
1,9,TWO_LETTER_BASIC,14,J1-P09-S14,fce83847abc6379fbdf5,WORD_FRAGMENT,أُقَ,C0005,C0002|C0003|C0004,7:124,COMPOSED_CANDIDATE_V2,Fragmen dua huruf dari corpus Al-Quran; objek tidak diulang
1,9,TWO_LETTER_BASIC,15,J1-P09-S15,04cc68fd0969d9736289,WORD_FRAGMENT,أُكَ,C0005,C0002|C0003|C0004,3:195,COMPOSED_CANDIDATE_V2,Fragmen dua huruf dari corpus Al-Quran; objek tidak diulang
1,9,TWO_LETTER_BASIC,16,J1-P09-S16,24dff9a1a2fdff825239,WORD_FRAGMENT,أُكُ,C0005,C0002|C0003|C0004,2:265,COMPOSED_CANDIDATE_V2,Fragmen dua huruf dari corpus Al-Quran; objek tidak diulang
1,9,TWO_LETTER_BASIC,17,J1-P09-S17,c78ad535b1221e7a0937,WORD_FRAGMENT,أُلُ,C0005,C0002|C0003|C0004,2:243,COMPOSED_CANDIDATE_V2,Fragmen dua huruf dari corpus Al-Quran; objek tidak diulang
1,9,TWO_LETTER_BASIC,18,J1-P09-S18,0cf26a0e00b9ea4b7f67,WORD_FRAGMENT,أُمَ,C0005,C0002|C0003|C0004,2:126,COMPOSED_CANDIDATE_V2,Fragmen dua huruf dari corpus Al-Quran; objek tidak diulang
1,9,TWO_LETTER_BASIC,19,J1-P09-S19,47265716771502b98518,WORD_FRAGMENT,أُمُ,C0005,C0002|C0003|C0004,2:210,COMPOSED_CANDIDATE_V2,Fragmen dua huruf dari corpus Al-Quran; objek tidak diulang
1,9,TWO_LETTER_BASIC,20,J1-P09-S20,2e7fb607e539fc70acaf,WORD_FRAGMENT,أُمِ,C0005,C0002|C0003|C0004,2:258,COMPOSED_CANDIDATE_V2,Fragmen dua huruf dari corpus Al-Quran; objek tidak diulang
1,9,TWO_LETTER_BASIC,21,J1-P09-S21,78c6889c2db54e982f10,WORD_FRAGMENT,أُنَ,C0005,C0002|C0003|C0004,2:60,COMPOSED_CANDIDATE_V2,Fragmen dua huruf dari corpus Al-Quran; objek tidak diulang
1,9,TWO_LETTER_BASIC,22,J1-P09-S22,0a7b29612cb03de2066c,WORD_FRAGMENT,أُنِ,C0005,C0002|C0003|C0004,11:88,COMPOSED_CANDIDATE_V2,Fragmen dua huruf dari corpus Al-Quran; objek tidak diulang
1,9,TWO_LETTER_BASIC,23,J1-P09-S23,25cadd9b0b387c42661b,WORD_FRAGMENT,أُهِ,C0005,C0002|C0003|C0004,2:173,COMPOSED_CANDIDATE_V2,Fragmen dua huruf dari corpus Al-Quran; objek tidak diulang
1,9,TWO_LETTER_BASIC,24,J1-P09-S24,15ef443755a343e2ea61,WORD_FRAGMENT,ؤُكُ,C0005,C0002|C0003|C0004,2:223,COMPOSED_CANDIDATE_V2,Fragmen dua huruf dari corpus Al-Quran; objek tidak diulang
1,10,TWO_LETTER_BASIC,1,J1-P10-S01,f9f1f91855c5a95cf172,WORD_FRAGMENT,ؤُلَ,C0005,C0002|C0003|C0004,2:31,COMPOSED_CANDIDATE_V2,Fragmen dua huruf dari corpus Al-Quran; objek tidak diulang
1,10,TWO_LETTER_BASIC,2,J1-P10-S02,f5c427f0b59867e43bbe,WORD_FRAGMENT,ؤُمُ,C0005,C0002|C0003|C0004,69:19,COMPOSED_CANDIDATE_V2,Fragmen dua huruf dari corpus Al-Quran; objek tidak diulang
1,10,TWO_LETTER_BASIC,3,J1-P10-S03,90e00f8c491e093e663c,WORD_FRAGMENT,ؤُنَ,C0005,C0002|C0003|C0004,3:15,COMPOSED_CANDIDATE_V2,Fragmen dua huruf dari corpus Al-Quran; objek tidak diulang
1,10,TWO_LETTER_BASIC,4,J1-P10-S04,5b5270cf2674e890fbb4,WORD_FRAGMENT,ؤُهَ,C0005,C0002|C0003|C0004,18:41,COMPOSED_CANDIDATE_V2,Fragmen dua huruf dari corpus Al-Quran; objek tidak diulang
1,10,TWO_LETTER_BASIC,5,J1-P10-S05,4d32b72d98bbf06d9fac,WORD_FRAGMENT,ؤُهُ,C0005,C0002|C0003|C0004,2:170,COMPOSED_CANDIDATE_V2,Fragmen dua huruf dari corpus Al-Quran; objek tidak diulang
1,10,TWO_LETTER_BASIC,6,J1-P10-S06,5c989952315bdfc9f4e5,WORD_FRAGMENT,إِبِ,C0005,C0002|C0003|C0004,6:144,COMPOSED_CANDIDATE_V2,Fragmen dua huruf dari corpus Al-Quran; objek tidak diulang
1,10,TWO_LETTER_BASIC,7,J1-P10-S07,25b9f15f5d811f3f048c,WORD_FRAGMENT,إِذَ,C0005,C0002|C0003|C0004,2:11,COMPOSED_CANDIDATE_V2,Fragmen dua huruf dari corpus Al-Quran; objek tidak diulang
1,10,TWO_LETTER_BASIC,8,J1-P10-S08,cc1d5a4005f2418d92b5,WORD_FRAGMENT,إِذِ,C0005,C0002|C0003|C0004,2:60,COMPOSED_CANDIDATE_V2,Fragmen dua huruf dari corpus Al-Quran; objek tidak diulang
1,10,TWO_LETTER_BASIC,9,J1-P10-S09,e88ce981224b2b1ff57c,WORD_FRAGMENT,إِرَ,C0005,C0002|C0003|C0004,89:7,COMPOSED_CANDIDATE_V2,Fragmen dua huruf dari corpus Al-Quran; objek tidak diulang
1,10,TWO_LETTER_BASIC,10,J1-P10-S10,615872a57c75e73d84f7,WORD_FRAGMENT,إِقَ,C0005,C0002|C0003|C0004,16:80,COMPOSED_CANDIDATE_V2,Fragmen dua huruf dari corpus Al-Quran; objek tidak diulang
1,10,TWO_LETTER_BASIC,11,J1-P10-S11,30f3e9b531e205948f41,WORD_FRAGMENT,إِلَ,C0005,C0002|C0003|C0004,2:4,COMPOSED_CANDIDATE_V2,Fragmen dua huruf dari corpus Al-Quran; objek tidak diulang
1,10,TWO_LETTER_BASIC,12,J1-P10-S12,3b548998ab96d1f000fe,WORD_FRAGMENT,إِمَ,C0005,C0002|C0003|C0004,2:124,COMPOSED_CANDIDATE_V2,Fragmen dua huruf dari corpus Al-Quran; objek tidak diulang
1,10,TWO_LETTER_BASIC,13,J1-P10-S13,e06129deedb9fb9aee63,WORD_FRAGMENT,إِنَ,C0005,C0002|C0003|C0004,33:53,COMPOSED_CANDIDATE_V2,Fragmen dua huruf dari corpus Al-Quran; objek tidak diulang
1,10,TWO_LETTER_BASIC,14,J1-P10-S14,400c9af276946de3215e,WORD_FRAGMENT,إِنِ,C0005,C0002|C0003|C0004,2:192,COMPOSED_CANDIDATE_V2,Fragmen dua huruf dari corpus Al-Quran; objek tidak diulang
1,10,TWO_LETTER_BASIC,15,J1-P10-S15,687b2ce0cdb5ceee100e,WORD_FRAGMENT,إِيَ,C0005,C0002|C0003|C0004,88:25,COMPOSED_CANDIDATE_V2,Fragmen dua huruf dari corpus Al-Quran; objek tidak diulang
1,10,TWO_LETTER_BASIC,16,J1-P10-S16,3008c027223abdd5ba63,WORD_FRAGMENT,دَءُ,C0005,C0002|C0003|C0004,9:13,COMPOSED_CANDIDATE_V2,Fragmen dua huruf dari corpus Al-Quran; objek tidak diulang
1,10,TWO_LETTER_BASIC,17,J1-P10-S17,27d06cead15496073377,WORD_FRAGMENT,دَأَ,C0005,C0002|C0003|C0004,7:29,COMPOSED_CANDIDATE_V2,Fragmen dua huruf dari corpus Al-Quran; objek tidak diulang
1,10,TWO_LETTER_BASIC,18,J1-P10-S18,7fba3a1c0a5c4495c64a,WORD_FRAGMENT,دَؤُ,C0005,C0002|C0003|C0004,10:4,COMPOSED_CANDIDATE_V2,Fragmen dua huruf dari corpus Al-Quran; objek tidak diulang
1,10,TWO_LETTER_BASIC,19,J1-P10-S19,c105af4a79dfc38ca7fa,WORD_FRAGMENT,دَةَ,C0005,C0002|C0003|C0004,2:235,COMPOSED_CANDIDATE_V2,Fragmen dua huruf dari corpus Al-Quran; objek tidak diulang
1,10,TWO_LETTER_BASIC,20,J1-P10-S20,3c39a5b4e2726a5318ba,WORD_FRAGMENT,دَةُ,C0005,C0002|C0003|C0004,2:237,COMPOSED_CANDIDATE_V2,Fragmen dua huruf dari corpus Al-Quran; objek tidak diulang
1,10,TWO_LETTER_BASIC,21,J1-P10-S21,876aaf9c2942471b48c8,WORD_FRAGMENT,دَةِ,C0005,C0002|C0003|C0004,2:282,COMPOSED_CANDIDATE_V2,Fragmen dua huruf dari corpus Al-Quran; objek tidak diulang
1,10,TWO_LETTER_BASIC,22,J1-P10-S22,da37c0d013a2edcc4b88,WORD_FRAGMENT,دَتَ,C0005,C0002|C0003|C0004,6:110,COMPOSED_CANDIDATE_V2,Fragmen dua huruf dari corpus Al-Quran; objek tidak diulang
1,10,TWO_LETTER_BASIC,23,J1-P10-S23,f54a21aaeecd573f7160,WORD_FRAGMENT,دَتُ,C0005,C0002|C0003|C0004,5:107,COMPOSED_CANDIDATE_V2,Fragmen dua huruf dari corpus Al-Quran; objek tidak diulang
1,10,TWO_LETTER_BASIC,24,J1-P10-S24,76fe7cfe5ef4b61b600e,WORD_FRAGMENT,دَتِ,C0005,C0002|C0003|C0004,2:251,COMPOSED_CANDIDATE_V2,Fragmen dua huruf dari corpus Al-Quran; objek tidak diulang
1,11,TWO_LETTER_BASIC,1,J1-P11-S01,4d9a1513b56880d6ecd9,WORD_FRAGMENT,دَجَ,C0005,C0002|C0003|C0004,54:4,COMPOSED_CANDIDATE_V2,Fragmen dua huruf dari corpus Al-Quran; objek tidak diulang
1,11,TWO_LETTER_BASIC,2,J1-P11-S02,25ef5737eff0e4a930a4,WORD_FRAGMENT,دَحَ,C0005,C0002|C0003|C0004,79:30,COMPOSED_CANDIDATE_V2,Fragmen dua huruf dari corpus Al-Quran; objek tidak diulang
1,11,TWO_LETTER_BASIC,3,J1-P11-S03,51cc19adb844abeb71ab,WORD_FRAGMENT,دَخَ,C0005,C0002|C0003|C0004,3:37,COMPOSED_CANDIDATE_V2,Fragmen dua huruf dari corpus Al-Quran; objek tidak diulang
1,11,TWO_LETTER_BASIC,4,J1-P11-S04,18a0e03bd25067f9d289,WORD_FRAGMENT,دَدَ,C0005,C0002|C0003|C0004,10:5,COMPOSED_CANDIDATE_V2,Fragmen dua huruf dari corpus Al-Quran; objek tidak diulang
1,11,TWO_LETTER_BASIC,5,J1-P11-S05,aa25568687640221d519,WORD_FRAGMENT,دَرَ,C0005,C0002|C0003|C0004,2:228,COMPOSED_CANDIDATE_V2,Fragmen dua huruf dari corpus Al-Quran; objek tidak diulang
1,11,TWO_LETTER_BASIC,6,J1-P11-S06,2f7e9200ed8a3ce44595,WORD_FRAGMENT,دَرُ,C0005,C0002|C0003|C0004,2:236,COMPOSED_CANDIDATE_V2,Fragmen dua huruf dari corpus Al-Quran; objek tidak diulang
1,11,TWO_LETTER_BASIC,7,J1-P11-S07,91d144d3eab7bc1389d8,WORD_FRAGMENT,دَرِ,C0005,C0002|C0003|C0004,11:31,COMPOSED_CANDIDATE_V2,Fragmen dua huruf dari corpus Al-Quran; objek tidak diulang
1,11,TWO_LETTER_BASIC,8,J1-P11-S08,23d67441588277bbfc37,WORD_FRAGMENT,دَسِ,C0005,C0002|C0003|C0004,2:61,COMPOSED_CANDIDATE_V2,Fragmen dua huruf dari corpus Al-Quran; objek tidak diulang
1,11,TWO_LETTER_BASIC,9,J1-P11-S09,eeef114ecb1ed9a726b0,WORD_FRAGMENT,دَعَ,C0005,C0002|C0003|C0004,2:186,COMPOSED_CANDIDATE_V2,Fragmen dua huruf dari corpus Al-Quran; objek tidak diulang
1,11,TWO_LETTER_BASIC,10,J1-P11-S10,a76f48e22416447424b0,WORD_FRAGMENT,دَعُ,C0005,C0002|C0003|C0004,2:9,COMPOSED_CANDIDATE_V2,Fragmen dua huruf dari corpus Al-Quran; objek tidak diulang
1,11,TWO_LETTER_BASIC,11,J1-P11-S11,14f8cc83987e86ff8b14,WORD_FRAGMENT,دَفَ,C0005,C0002|C0003|C0004,4:6,COMPOSED_CANDIDATE_V2,Fragmen dua huruf dari corpus Al-Quran; objek tidak diulang
1,11,TWO_LETTER_BASIC,12,J1-P11-S12,150bb9d5a2bc4c25b9b0,WORD_FRAGMENT,دَقَ,C0005,C0002|C0003|C0004,2:196,COMPOSED_CANDIDATE_V2,Fragmen dua huruf dari corpus Al-Quran; objek tidak diulang
1,11,TWO_LETTER_BASIC,13,J1-P11-S13,40848edfb1bf5c178f25,WORD_FRAGMENT,دَقُ,C0005,C0002|C0003|C0004,2:177,COMPOSED_CANDIDATE_V2,Fragmen dua huruf dari corpus Al-Quran; objek tidak diulang
1,11,TWO_LETTER_BASIC,14,J1-P11-S14,999e1bf565bb35316bb3,WORD_FRAGMENT,دَكَ,C0005,C0002|C0003|C0004,5:28,COMPOSED_CANDIDATE_V2,Fragmen dua huruf dari corpus Al-Quran; objek tidak diulang
1,11,TWO_LETTER_BASIC,15,J1-P11-S15,37423889a631ae4f4ad9,WORD_FRAGMENT,دَكُ,C0005,C0002|C0003|C0004,2:180,COMPOSED_CANDIDATE_V2,Fragmen dua huruf dari corpus Al-Quran; objek tidak diulang
1,11,TWO_LETTER_BASIC,16,J1-P11-S16,2cc78a606616666f6d7a,WORD_FRAGMENT,دَلَ,C0005,C0002|C0003|C0004,82:7,COMPOSED_CANDIDATE_V2,Fragmen dua huruf dari corpus Al-Quran; objek tidak diulang
1,11,TWO_LETTER_BASIC,17,J1-P11-S17,2fff92654f8757f66b78,WORD_FRAGMENT,دَلُ,C0005,C0002|C0003|C0004,22:68,COMPOSED_CANDIDATE_V2,Fragmen dua huruf dari corpus Al-Quran; objek tidak diulang
1,11,TWO_LETTER_BASIC,18,J1-P11-S18,b8cd98a11cf6bc4bd034,WORD_FRAGMENT,دَلِ,C0005,C0002|C0003|C0004,25:45,COMPOSED_CANDIDATE_V2,Fragmen dua huruf dari corpus Al-Quran; objek tidak diulang
1,11,TWO_LETTER_BASIC,19,J1-P11-S19,b44f64f84bb9d6d9f592,WORD_FRAGMENT,دَمَ,C0005,C0002|C0003|C0004,2:31,COMPOSED_CANDIDATE_V2,Fragmen dua huruf dari corpus Al-Quran; objek tidak diulang
1,11,TWO_LETTER_BASIC,20,J1-P11-S20,41bd7bbd59059b42a042,WORD_FRAGMENT,دَمُ,C0005,C0002|C0003|C0004,2:33,COMPOSED_CANDIDATE_V2,Fragmen dua huruf dari corpus Al-Quran; objek tidak diulang
1,11,TWO_LETTER_BASIC,21,J1-P11-S21,463c5cadbd29a3ad1733,WORD_FRAGMENT,دَنَ,C0005,C0002|C0003|C0004,3:156,COMPOSED_CANDIDATE_V2,Fragmen dua huruf dari corpus Al-Quran; objek tidak diulang
1,11,TWO_LETTER_BASIC,22,J1-P11-S22,be72f123f211f8edaf18,WORD_FRAGMENT,دَنِ,C0005,C0002|C0003|C0004,10:92,COMPOSED_CANDIDATE_V2,Fragmen dua huruf dari corpus Al-Quran; objek tidak diulang
1,11,TWO_LETTER_BASIC,23,J1-P11-S23,74e3ec96c4696ad488d2,WORD_FRAGMENT,دَهَ,C0005,C0002|C0003|C0004,3:37,COMPOSED_CANDIDATE_V2,Fragmen dua huruf dari corpus Al-Quran; objek tidak diulang
1,11,TWO_LETTER_BASIC,24,J1-P11-S24,3836c919397ce16a4a53,WORD_FRAGMENT,دَهُ,C0005,C0002|C0003|C0004,2:10,COMPOSED_CANDIDATE_V2,Fragmen dua huruf dari corpus Al-Quran; objek tidak diulang
1,12,TWO_LETTER_BASIC,1,J1-P12-S01,06224370243c0c36a16c,WORD_FRAGMENT,دَىِ,C0005,C0002|C0003|C0004,49:1,COMPOSED_CANDIDATE_V2,Fragmen dua huruf dari corpus Al-Quran; objek tidak diulang
1,12,TWO_LETTER_BASIC,2,J1-P12-S02,a6fc114624a07f376b68,WORD_FRAGMENT,دُبُ,C0005,C0002|C0003|C0004,8:16,COMPOSED_CANDIDATE_V2,Fragmen dua huruf dari corpus Al-Quran; objek tidak diulang
1,12,TWO_LETTER_BASIC,3,J1-P12-S03,8c279630a06bfe443e81,WORD_FRAGMENT,دُجِ,C0005,C0002|C0003|C0004,54:9,COMPOSED_CANDIDATE_V2,Fragmen dua huruf dari corpus Al-Quran; objek tidak diulang
1,12,TWO_LETTER_BASIC,4,J1-P12-S04,326ba79d6a6afc4bac66,WORD_FRAGMENT,دُحُ,C0005,C0002|C0003|C0004,37:9,COMPOSED_CANDIDATE_V2,Fragmen dua huruf dari corpus Al-Quran; objek tidak diulang
1,12,TWO_LETTER_BASIC,5,J1-P12-S05,97083924556bebcd2316,WORD_FRAGMENT,دُخَ,C0005,C0002|C0003|C0004,41:11,COMPOSED_CANDIDATE_V2,Fragmen dua huruf dari corpus Al-Quran; objek tidak diulang
1,12,TWO_LETTER_BASIC,6,J1-P12-S06,1753a21093f14663fe61,WORD_FRAGMENT,دُخِ,C0005,C0002|C0003|C0004,33:14,COMPOSED_CANDIDATE_V2,Fragmen dua huruf dari corpus Al-Quran; objek tidak diulang
1,12,TWO_LETTER_BASIC,7,J1-P12-S07,b3f1674c250ffc2706d0,WORD_FRAGMENT,دُرُ,C0005,C0002|C0003|C0004,99:6,COMPOSED_CANDIDATE_V2,Fragmen dua huruf dari corpus Al-Quran; objek tidak diulang
1,12,TWO_LETTER_BASIC,8,J1-P12-S08,9529f99a4cb0c3181da6,WORD_FRAGMENT,دُسُ,C0005,C0002|C0003|C0004,4:11,COMPOSED_CANDIDATE_V2,Fragmen dua huruf dari corpus Al-Quran; objek tidak diulang
1,12,TWO_LETTER_BASIC,9,J1-P12-S09,275e214f7657a52d982f,WORD_FRAGMENT,دُسِ,C0005,C0002|C0003|C0004,2:87,COMPOSED_CANDIDATE_V2,Fragmen dua huruf dari corpus Al-Quran; objek tidak diulang
1,12,TWO_LETTER_BASIC,10,J1-P12-S10,bb1aeada4d530482775d,WORD_FRAGMENT,دُعَ,C0005,C0002|C0003|C0004,2:171,COMPOSED_CANDIDATE_V2,Fragmen dua huruf dari corpus Al-Quran; objek tidak diulang
1,12,TWO_LETTER_BASIC,11,J1-P12-S11,2387bab6f2e4e71fb7c2,WORD_FRAGMENT,دُعُ,C0005,C0002|C0003|C0004,2:282,COMPOSED_CANDIDATE_V2,Fragmen dua huruf dari corpus Al-Quran; objek tidak diulang
1,12,TWO_LETTER_BASIC,12,J1-P12-S12,5cf4d3a90660d33e515f,WORD_FRAGMENT,دُعِ,C0005,C0002|C0003|C0004,33:53,COMPOSED_CANDIDATE_V2,Fragmen dua huruf dari corpus Al-Quran; objek tidak diulang
1,12,TWO_LETTER_BASIC,13,J1-P12-S13,57b6346b91d77f230a6e,WORD_FRAGMENT,دُكَ,C0005,C0002|C0003|C0004,5:118,COMPOSED_CANDIDATE_V2,Fragmen dua huruf dari corpus Al-Quran; objek tidak diulang
1,12,TWO_LETTER_BASIC,14,J1-P12-S14,0936382f106050b38e06,WORD_FRAGMENT,دُكُ,C0005,C0002|C0003|C0004,2:266,COMPOSED_CANDIDATE_V2,Fragmen dua huruf dari corpus Al-Quran; objek tidak diulang
1,12,TWO_LETTER_BASIC,15,J1-P12-S15,66921526372ba9e7a9a4,WORD_FRAGMENT,دُلُ,C0005,C0002|C0003|C0004,17:78,COMPOSED_CANDIDATE_V2,Fragmen dua huruf dari corpus Al-Quran; objek tidak diulang
1,12,TWO_LETTER_BASIC,16,J1-P12-S16,449f564b0a55f848cbb2,WORD_FRAGMENT,دُمُ,C0005,C0002|C0003|C0004,11:98,COMPOSED_CANDIDATE_V2,Fragmen dua huruf dari corpus Al-Quran; objek tidak diulang
1,12,TWO_LETTER_BASIC,17,J1-P12-S17,3f8433794557b62d55ba,WORD_FRAGMENT,دُنَ,C0005,C0002|C0003|C0004,7:70,COMPOSED_CANDIDATE_V2,Fragmen dua huruf dari corpus Al-Quran; objek tidak diulang
1,12,TWO_LETTER_BASIC,18,J1-P12-S18,58b1a826f212577ed279,WORD_FRAGMENT,دُنِ,C0005,C0002|C0003|C0004,18:69,COMPOSED_CANDIDATE_V2,Fragmen dua huruf dari corpus Al-Quran; objek tidak diulang
1,12,TWO_LETTER_BASIC,19,J1-P12-S19,e9e920b645a917f53d17,WORD_FRAGMENT,دُهَ,C0005,C0002|C0003|C0004,2:24,COMPOSED_CANDIDATE_V2,Fragmen dua huruf dari corpus Al-Quran; objek tidak diulang
1,12,TWO_LETTER_BASIC,20,J1-P12-S20,6f5bbdee6155d9b3527b,WORD_FRAGMENT,دُهُ,C0005,C0002|C0003|C0004,2:96,COMPOSED_CANDIDATE_V2,Fragmen dua huruf dari corpus Al-Quran; objek tidak diulang
1,12,TWO_LETTER_BASIC,21,J1-P12-S21,d4ee5ddae46bfe326e96,WORD_FRAGMENT,دِئُ,C0005,C0002|C0003|C0004,29:19,COMPOSED_CANDIDATE_V2,Fragmen dua huruf dari corpus Al-Quran; objek tidak diulang
1,12,TWO_LETTER_BASIC,22,J1-P12-S22,205fb3db76763afea54a,WORD_FRAGMENT,دِثَ,C0005,C0002|C0003|C0004,18:70,COMPOSED_CANDIDATE_V2,Fragmen dua huruf dari corpus Al-Quran; objek tidak diulang
1,12,TWO_LETTER_BASIC,23,J1-P12-S23,a81a5f9ec0b25ec11154,WORD_FRAGMENT,دِثُ,C0005,C0002|C0003|C0004,20:113,COMPOSED_CANDIDATE_V2,Fragmen dua huruf dari corpus Al-Quran; objek tidak diulang
1,12,TWO_LETTER_BASIC,24,J1-P12-S24,f2772f18ea19a64ff2a2,WORD_FRAGMENT,دِدِ,C0005,C0002|C0003|C0004,9:63,COMPOSED_CANDIDATE_V2,Fragmen dua huruf dari corpus Al-Quran; objek tidak diulang
1,13,TWO_LETTER_CONNECTED,1,J1-P13-S01,9619aaff6e01be79887a,WORD_FRAGMENT,ئَةَ,C0006,C0002|C0003|C0004|C0005,2:259,COMPOSED_CANDIDATE_V2,Fragmen dua huruf dari corpus Al-Quran; objek tidak diulang
1,13,TWO_LETTER_CONNECTED,2,J1-P13-S02,4b1431f370b4e5b00109,WORD_FRAGMENT,ئَةُ,C0006,C0002|C0003|C0004|C0005,2:261,COMPOSED_CANDIDATE_V2,Fragmen dua huruf dari corpus Al-Quran; objek tidak diulang
1,13,TWO_LETTER_CONNECTED,3,J1-P13-S03,76f2cdfa895f482f4e67,WORD_FRAGMENT,ئَةِ,C0006,C0002|C0003|C0004|C0005,6:160,COMPOSED_CANDIDATE_V2,Fragmen dua huruf dari corpus Al-Quran; objek tidak diulang
1,13,TWO_LETTER_CONNECTED,4,J1-P13-S04,fd380358d2e3605d25e6,WORD_FRAGMENT,ئَتَ,C0006,C0002|C0003|C0004|C0005,3:13,COMPOSED_CANDIDATE_V2,Fragmen dua huruf dari corpus Al-Quran; objek tidak diulang
1,13,TWO_LETTER_CONNECTED,5,J1-P13-S05,cc718321c6cc1d60113e,WORD_FRAGMENT,ئَتُ,C0006,C0002|C0003|C0004|C0005,8:19,COMPOSED_CANDIDATE_V2,Fragmen dua huruf dari corpus Al-Quran; objek tidak diulang
1,13,TWO_LETTER_CONNECTED,6,J1-P13-S06,667869f5a7eab46abc44,WORD_FRAGMENT,ئَكَ,C0006,C0002|C0003|C0004|C0005,108:3,COMPOSED_CANDIDATE_V2,Fragmen dua huruf dari corpus Al-Quran; objek tidak diulang
1,13,TWO_LETTER_CONNECTED,7,J1-P13-S07,d6b05ad1e2286614b4a6,WORD_FRAGMENT,ئَكُ,C0006,C0002|C0003|C0004|C0005,56:61,COMPOSED_CANDIDATE_V2,Fragmen dua huruf dari corpus Al-Quran; objek tidak diulang
1,13,TWO_LETTER_CONNECTED,8,J1-P13-S08,ed98094d25d7a2a4bd0d,WORD_FRAGMENT,ئُكَ,C0006,C0002|C0003|C0004|C0005,18:78,COMPOSED_CANDIDATE_V2,Fragmen dua huruf dari corpus Al-Quran; objek tidak diulang
1,13,TWO_LETTER_CONNECTED,9,J1-P13-S09,b65856771c2b6e43ef93,WORD_FRAGMENT,ئُكُ,C0006,C0002|C0003|C0004|C0005,3:15,COMPOSED_CANDIDATE_V2,Fragmen dua huruf dari corpus Al-Quran; objek tidak diulang
1,13,TWO_LETTER_CONNECTED,10,J1-P13-S10,80bef4bd68ede32096b5,WORD_FRAGMENT,ئُهُ,C0006,C0002|C0003|C0004|C0005,5:14,COMPOSED_CANDIDATE_V2,Fragmen dua huruf dari corpus Al-Quran; objek tidak diulang
1,13,TWO_LETTER_CONNECTED,11,J1-P13-S11,9fd0c58c6764a2d41b47,WORD_FRAGMENT,ئِبَ,C0006,C0002|C0003|C0004|C0005,5:103,COMPOSED_CANDIDATE_V2,Fragmen dua huruf dari corpus Al-Quran; objek tidak diulang
1,13,TWO_LETTER_CONNECTED,12,J1-P13-S12,a12fccfad33d9a933f5e,WORD_FRAGMENT,ئِبُ,C0006,C0002|C0003|C0004|C0005,4:23,COMPOSED_CANDIDATE_V2,Fragmen dua huruf dari corpus Al-Quran; objek tidak diulang
1,13,TWO_LETTER_CONNECTED,13,J1-P13-S13,09c47120fc372dfb2ddc,WORD_FRAGMENT,ئِبِ,C0006,C0002|C0003|C0004|C0005,3:127,COMPOSED_CANDIDATE_V2,Fragmen dua huruf dari corpus Al-Quran; objek tidak diulang
1,13,TWO_LETTER_CONNECTED,14,J1-P13-S14,755069f8fbbe00ca4e3d,WORD_FRAGMENT,ئِثَ,C0006,C0002|C0003|C0004|C0005,7:157,COMPOSED_CANDIDATE_V2,Fragmen dua huruf dari corpus Al-Quran; objek tidak diulang
1,13,TWO_LETTER_CONNECTED,15,J1-P13-S15,4132dce0ceaca0a66e39,WORD_FRAGMENT,ئِحُ,C0006,C0002|C0003|C0004|C0005,9:112,COMPOSED_CANDIDATE_V2,Fragmen dua huruf dari corpus Al-Quran; objek tidak diulang
1,13,TWO_LETTER_CONNECTED,16,J1-P13-S16,4d9614b8cf0ef83fe293,WORD_FRAGMENT,ئِدَ,C0006,C0002|C0003|C0004|C0005,5:2,COMPOSED_CANDIDATE_V2,Fragmen dua huruf dari corpus Al-Quran; objek tidak diulang
1,13,TWO_LETTER_CONNECTED,17,J1-P13-S17,e3b4305e03121628a04b,WORD_FRAGMENT,ئِدُ,C0006,C0002|C0003|C0004|C0005,44:15,COMPOSED_CANDIDATE_V2,Fragmen dua huruf dari corpus Al-Quran; objek tidak diulang
1,13,TWO_LETTER_CONNECTED,18,J1-P13-S18,1c7c33d52dbab42020f2,WORD_FRAGMENT,ئِذَ,C0006,C0002|C0003|C0004|C0005,56:47,COMPOSED_CANDIDATE_V2,Fragmen dua huruf dari corpus Al-Quran; objek tidak diulang
1,13,TWO_LETTER_CONNECTED,19,J1-P13-S19,a656530e5b97431cc3db,WORD_FRAGMENT,ئِرَ,C0006,C0002|C0003|C0004|C0005,4:31,COMPOSED_CANDIDATE_V2,Fragmen dua huruf dari corpus Al-Quran; objek tidak diulang
1,13,TWO_LETTER_CONNECTED,20,J1-P13-S20,80722aa73ee121966f2b,WORD_FRAGMENT,ئِرُ,C0006,C0002|C0003|C0004|C0005,6:104,COMPOSED_CANDIDATE_V2,Fragmen dua huruf dari corpus Al-Quran; objek tidak diulang
1,13,TWO_LETTER_CONNECTED,21,J1-P13-S21,2b4f69207236f7ab71e1,WORD_FRAGMENT,ئِرِ,C0006,C0002|C0003|C0004|C0005,2:158,COMPOSED_CANDIDATE_V2,Fragmen dua huruf dari corpus Al-Quran; objek tidak diulang
1,13,TWO_LETTER_CONNECTED,22,J1-P13-S22,b5dfeb36e6c41315fced,WORD_FRAGMENT,ئِزُ,C0006,C0002|C0003|C0004|C0005,9:20,COMPOSED_CANDIDATE_V2,Fragmen dua huruf dari corpus Al-Quran; objek tidak diulang
1,13,TWO_LETTER_CONNECTED,23,J1-P13-S23,37262a74ffb45a6a5ee4,WORD_FRAGMENT,ئِسَ,C0006,C0002|C0003|C0004|C0005,5:3,COMPOSED_CANDIDATE_V2,Fragmen dua huruf dari corpus Al-Quran; objek tidak diulang
1,13,TWO_LETTER_CONNECTED,24,J1-P13-S24,5b3d21de87ec60c0fe30,WORD_FRAGMENT,ئِسُ,C0006,C0002|C0003|C0004|C0005,29:23,COMPOSED_CANDIDATE_V2,Fragmen dua huruf dari corpus Al-Quran; objek tidak diulang
1,14,TWO_LETTER_CONNECTED,1,J1-P14-S01,d5a79ee3f577db5eca06,WORD_FRAGMENT,ئِضِ,C0006,C0002|C0003|C0004|C0005,74:45,COMPOSED_CANDIDATE_V2,Fragmen dua huruf dari corpus Al-Quran; objek tidak diulang
1,14,TWO_LETTER_CONNECTED,2,J1-P14-S02,7763b1f6ef21d893978e,WORD_FRAGMENT,ئِطِ,C0006,C0002|C0003|C0004|C0005,4:43,COMPOSED_CANDIDATE_V2,Fragmen dua huruf dari corpus Al-Quran; objek tidak diulang
1,14,TWO_LETTER_CONNECTED,3,J1-P14-S03,88de854a6ee44b208646,WORD_FRAGMENT,ئِظُ,C0006,C0002|C0003|C0004|C0005,26:55,COMPOSED_CANDIDATE_V2,Fragmen dua huruf dari corpus Al-Quran; objek tidak diulang
1,14,TWO_LETTER_CONNECTED,4,J1-P14-S04,4c316b8d8bdec7d49f0f,WORD_FRAGMENT,ئِعِ,C0006,C0002|C0003|C0004|C0005,41:11,COMPOSED_CANDIDATE_V2,Fragmen dua huruf dari corpus Al-Quran; objek tidak diulang
1,14,TWO_LETTER_CONNECTED,5,J1-P14-S05,3f128f70fd5bb66a7dbd,WORD_FRAGMENT,ئِفَ,C0006,C0002|C0003|C0004|C0005,3:69,COMPOSED_CANDIDATE_V2,Fragmen dua huruf dari corpus Al-Quran; objek tidak diulang
1,14,TWO_LETTER_CONNECTED,6,J1-P14-S06,2d0fce5f0e19804a60d8,WORD_FRAGMENT,ئِفِ,C0006,C0002|C0003|C0004|C0005,2:114,COMPOSED_CANDIDATE_V2,Fragmen dua huruf dari corpus Al-Quran; objek tidak diulang
1,14,TWO_LETTER_CONNECTED,7,J1-P14-S07,afa66a2f6fd734998c49,WORD_FRAGMENT,ئِقَ,C0006,C0002|C0003|C0004|C0005,3:185,COMPOSED_CANDIDATE_V2,Fragmen dua huruf dari corpus Al-Quran; objek tidak diulang
1,14,TWO_LETTER_CONNECTED,8,J1-P14-S08,06fe95392a80ce65b582,WORD_FRAGMENT,ئِقُ,C0006,C0002|C0003|C0004|C0005,37:31,COMPOSED_CANDIDATE_V2,Fragmen dua huruf dari corpus Al-Quran; objek tidak diulang
1,14,TWO_LETTER_CONNECTED,9,J1-P14-S09,ed467712181414ff8ba4,WORD_FRAGMENT,ئِكَ,C0006,C0002|C0003|C0004|C0005,2:5,COMPOSED_CANDIDATE_V2,Fragmen dua huruf dari corpus Al-Quran; objek tidak diulang
1,14,TWO_LETTER_CONNECTED,10,J1-P14-S10,16cf8fb2454b809543dc,WORD_FRAGMENT,ئِكُ,C0006,C0002|C0003|C0004|C0005,2:54,COMPOSED_CANDIDATE_V2,Fragmen dua huruf dari corpus Al-Quran; objek tidak diulang
1,14,TWO_LETTER_CONNECTED,11,J1-P14-S11,f66722235dd24e5c286b,WORD_FRAGMENT,ئِكِ,C0006,C0002|C0003|C0004|C0005,18:31,COMPOSED_CANDIDATE_V2,Fragmen dua huruf dari corpus Al-Quran; objek tidak diulang
1,14,TWO_LETTER_CONNECTED,12,J1-P14-S12,e1fd6b8997c8662c2d50,WORD_FRAGMENT,ئِلَ,C0006,C0002|C0003|C0004|C0005,2:108,COMPOSED_CANDIDATE_V2,Fragmen dua huruf dari corpus Al-Quran; objek tidak diulang
1,14,TWO_LETTER_CONNECTED,13,J1-P14-S13,f876e4a3c5153af51105,WORD_FRAGMENT,ئِلُ,C0006,C0002|C0003|C0004|C0005,4:23,COMPOSED_CANDIDATE_V2,Fragmen dua huruf dari corpus Al-Quran; objek tidak diulang
1,14,TWO_LETTER_CONNECTED,14,J1-P14-S14,1db4f144ad991650ee15,WORD_FRAGMENT,ئِلِ,C0006,C0002|C0003|C0004|C0005,2:177,COMPOSED_CANDIDATE_V2,Fragmen dua huruf dari corpus Al-Quran; objek tidak diulang
1,14,TWO_LETTER_CONNECTED,15,J1-P14-S15,4eb56155f08dff5d4f8b,WORD_FRAGMENT,ئِمَ,C0006,C0002|C0003|C0004|C0005,3:113,COMPOSED_CANDIDATE_V2,Fragmen dua huruf dari corpus Al-Quran; objek tidak diulang
1,14,TWO_LETTER_CONNECTED,16,J1-P14-S16,ddcabcdc37f5e1d3819a,WORD_FRAGMENT,ئِمُ,C0006,C0002|C0003|C0004|C0005,7:97,COMPOSED_CANDIDATE_V2,Fragmen dua huruf dari corpus Al-Quran; objek tidak diulang
1,14,TWO_LETTER_CONNECTED,17,J1-P14-S17,abc1ff415e510b1109c8,WORD_FRAGMENT,ئِمِ,C0006,C0002|C0003|C0004|C0005,22:26,COMPOSED_CANDIDATE_V2,Fragmen dua huruf dari corpus Al-Quran; objek tidak diulang
1,14,TWO_LETTER_CONNECTED,18,J1-P14-S18,0a96fdadb35022713686,WORD_FRAGMENT,ئِنَ,C0006,C0002|C0003|C0004|C0005,2:246,COMPOSED_CANDIDATE_V2,Fragmen dua huruf dari corpus Al-Quran; objek tidak diulang
1,14,TWO_LETTER_CONNECTED,19,J1-P14-S19,38ed5276d0366353c61f,WORD_FRAGMENT,ئِنُ,C0006,C0002|C0003|C0004|C0005,6:50,COMPOSED_CANDIDATE_V2,Fragmen dua huruf dari corpus Al-Quran; objek tidak diulang
1,14,TWO_LETTER_CONNECTED,20,J1-P14-S20,f6eb42b401fe92c5220d,WORD_FRAGMENT,ئِنِ,C0006,C0002|C0003|C0004|C0005,2:120,COMPOSED_CANDIDATE_V2,Fragmen dua huruf dari corpus Al-Quran; objek tidak diulang
1,14,TWO_LETTER_CONNECTED,21,J1-P14-S21,6a856b83fef80ae87f0d,WORD_FRAGMENT,ئِهَ,C0006,C0002|C0003|C0004|C0005,2:61,COMPOSED_CANDIDATE_V2,Fragmen dua huruf dari corpus Al-Quran; objek tidak diulang
1,14,TWO_LETTER_CONNECTED,22,J1-P14-S22,a56d46b697a8aa83063f,WORD_FRAGMENT,ئِهِ,C0006,C0002|C0003|C0004|C0005,2:33,COMPOSED_CANDIDATE_V2,Fragmen dua huruf dari corpus Al-Quran; objek tidak diulang
1,14,TWO_LETTER_CONNECTED,23,J1-P14-S23,09790491f2d0e3ae2622,WORD_FRAGMENT,بَأَ,C0006,C0002|C0003|C0004|C0005,2:33,COMPOSED_CANDIDATE_V2,Fragmen dua huruf dari corpus Al-Quran; objek tidak diulang
1,14,TWO_LETTER_CONNECTED,24,J1-P14-S24,a92d1111b8572d3c63ac,WORD_FRAGMENT,بَأُ,C0006,C0002|C0003|C0004|C0005,9:70,COMPOSED_CANDIDATE_V2,Fragmen dua huruf dari corpus Al-Quran; objek tidak diulang
1,15,TWO_LETTER_CONNECTED,1,J1-P15-S01,dd76d880c0d49a829a4e,WORD_FRAGMENT,بَؤُ,C0006,C0002|C0003|C0004|C0005,14:9,COMPOSED_CANDIDATE_V2,Fragmen dua huruf dari corpus Al-Quran; objek tidak diulang
1,15,TWO_LETTER_CONNECTED,2,J1-P15-S02,fe11dc400d0256475c06,WORD_FRAGMENT,بَإِ,C0006,C0002|C0003|C0004|C0005,6:34,COMPOSED_CANDIDATE_V2,Fragmen dua huruf dari corpus Al-Quran; objek tidak diulang
1,15,TWO_LETTER_CONNECTED,3,J1-P15-S03,0705d83ee8b04de5c2f4,WORD_FRAGMENT,بَةَ,C0006,C0002|C0003|C0004|C0005,5:97,COMPOSED_CANDIDATE_V2,Fragmen dua huruf dari corpus Al-Quran; objek tidak diulang
1,15,TWO_LETTER_CONNECTED,4,J1-P15-S04,94fa517f3673336341d0,WORD_FRAGMENT,بَةُ,C0006,C0002|C0003|C0004|C0005,3:137,COMPOSED_CANDIDATE_V2,Fragmen dua huruf dari corpus Al-Quran; objek tidak diulang
1,15,TWO_LETTER_CONNECTED,5,J1-P15-S05,4b7f62c4a62d95ee150f,WORD_FRAGMENT,بَةِ,C0006,C0002|C0003|C0004|C0005,2:235,COMPOSED_CANDIDATE_V2,Fragmen dua huruf dari corpus Al-Quran; objek tidak diulang
1,15,TWO_LETTER_CONNECTED,6,J1-P15-S06,087258f2123ddea85d3b,WORD_FRAGMENT,بَتَ,C0006,C0002|C0003|C0004|C0005,2:261,COMPOSED_CANDIDATE_V2,Fragmen dua huruf dari corpus Al-Quran; objek tidak diulang
1,15,TWO_LETTER_CONNECTED,7,J1-P15-S07,3a11fb43be59ea696550,WORD_FRAGMENT,بَتُ,C0006,C0002|C0003|C0004|C0005,3:90,COMPOSED_CANDIDATE_V2,Fragmen dua huruf dari corpus Al-Quran; objek tidak diulang
1,15,TWO_LETTER_CONNECTED,8,J1-P15-S08,9ff7fec2d19d71263097,WORD_FRAGMENT,بَتِ,C0006,C0002|C0003|C0004|C0005,12:4,COMPOSED_CANDIDATE_V2,Fragmen dua huruf dari corpus Al-Quran; objek tidak diulang
1,15,TWO_LETTER_CONNECTED,9,J1-P15-S09,9e0792920938cdc2c14d,WORD_FRAGMENT,بَثُ,C0006,C0002|C0003|C0004|C0005,10:45,COMPOSED_CANDIDATE_V2,Fragmen dua huruf dari corpus Al-Quran; objek tidak diulang
1,15,TWO_LETTER_CONNECTED,10,J1-P15-S10,411a59b581bb64e1de3b,WORD_FRAGMENT,بَجَ,C0006,C0002|C0003|C0004|C0005,7:160,COMPOSED_CANDIDATE_V2,Fragmen dua huruf dari corpus Al-Quran; objek tidak diulang
1,15,TWO_LETTER_CONNECTED,11,J1-P15-S11,126cbefc528d7c0cb1a4,WORD_FRAGMENT,بَحَ,C0006,C0002|C0003|C0004|C0005,5:30,COMPOSED_CANDIDATE_V2,Fragmen dua huruf dari corpus Al-Quran; objek tidak diulang
1,15,TWO_LETTER_CONNECTED,12,J1-P15-S12,40be2c72f059f5975038,WORD_FRAGMENT,بَحُ,C0006,C0002|C0003|C0004|C0005,2:67,COMPOSED_CANDIDATE_V2,Fragmen dua huruf dari corpus Al-Quran; objek tidak diulang
1,15,TWO_LETTER_CONNECTED,13,J1-P15-S13,0a222986b78460b0855d,WORD_FRAGMENT,بَحِ,C0006,C0002|C0003|C0004|C0005,5:103,COMPOSED_CANDIDATE_V2,Fragmen dua huruf dari corpus Al-Quran; objek tidak diulang
1,15,TWO_LETTER_CONNECTED,14,J1-P15-S14,e0d7f49ceee46987ea36,WORD_FRAGMENT,بَخِ,C0006,C0002|C0003|C0004|C0005,3:180,COMPOSED_CANDIDATE_V2,Fragmen dua huruf dari corpus Al-Quran; objek tidak diulang
1,15,TWO_LETTER_CONNECTED,15,J1-P15-S15,88e9f75764c4525f7ca0,WORD_FRAGMENT,بَدَ,C0006,C0002|C0003|C0004|C0005,3:118,COMPOSED_CANDIDATE_V2,Fragmen dua huruf dari corpus Al-Quran; objek tidak diulang
1,15,TWO_LETTER_CONNECTED,16,J1-P15-S16,930f7f413c0543da40fe,WORD_FRAGMENT,بَدُ,C0006,C0002|C0003|C0004|C0005,13:17,COMPOSED_CANDIDATE_V2,Fragmen dua huruf dari corpus Al-Quran; objek tidak diulang
1,15,TWO_LETTER_CONNECTED,17,J1-P15-S17,c6ae2cdab8bb02421b61,WORD_FRAGMENT,بَدِ,C0006,C0002|C0003|C0004|C0005,2:117,COMPOSED_CANDIDATE_V2,Fragmen dua huruf dari corpus Al-Quran; objek tidak diulang
1,15,TWO_LETTER_CONNECTED,18,J1-P15-S18,e990292958afccf35f69,WORD_FRAGMENT,بَذَ,C0006,C0002|C0003|C0004|C0005,2:100,COMPOSED_CANDIDATE_V2,Fragmen dua huruf dari corpus Al-Quran; objek tidak diulang
1,15,TWO_LETTER_CONNECTED,19,J1-P15-S19,40a0cf11c7c271cc07f0,WORD_FRAGMENT,بَذُ,C0006,C0002|C0003|C0004|C0005,3:187,COMPOSED_CANDIDATE_V2,Fragmen dua huruf dari corpus Al-Quran; objek tidak diulang
1,15,TWO_LETTER_CONNECTED,20,J1-P15-S20,491ab0f7a8f79b56ed83,WORD_FRAGMENT,بَرَ,C0006,C0002|C0003|C0004|C0005,2:34,COMPOSED_CANDIDATE_V2,Fragmen dua huruf dari corpus Al-Quran; objek tidak diulang
1,15,TWO_LETTER_CONNECTED,21,J1-P15-S21,8159e79a19e309ebfd66,WORD_FRAGMENT,بَرُ,C0006,C0002|C0003|C0004|C0005,2:217,COMPOSED_CANDIDATE_V2,Fragmen dua huruf dari corpus Al-Quran; objek tidak diulang
1,15,TWO_LETTER_CONNECTED,22,J1-P15-S22,05e7928570e6d67ec41b,WORD_FRAGMENT,بَرِ,C0006,C0002|C0003|C0004|C0005,4:112,COMPOSED_CANDIDATE_V2,Fragmen dua huruf dari corpus Al-Quran; objek tidak diulang
1,15,TWO_LETTER_CONNECTED,23,J1-P15-S23,f7f45672430d69a63ffb,WORD_FRAGMENT,بَزُ,C0006,C0002|C0003|C0004|C0005,49:11,COMPOSED_CANDIDATE_V2,Fragmen dua huruf dari corpus Al-Quran; objek tidak diulang
1,15,TWO_LETTER_CONNECTED,24,J1-P15-S24,dc48ecd66f8bdc9602bd,WORD_FRAGMENT,بَسَ,C0006,C0002|C0003|C0004|C0005,5:28,COMPOSED_CANDIDATE_V2,Fragmen dua huruf dari corpus Al-Quran; objek tidak diulang
1,16,TWO_LETTER_CONNECTED,1,J1-P16-S01,4b22f64a7f43462288c4,WORD_FRAGMENT,بَسُ,C0006,C0002|C0003|C0004|C0005,16:14,COMPOSED_CANDIDATE_V2,Fragmen dua huruf dari corpus Al-Quran; objek tidak diulang
1,16,TWO_LETTER_CONNECTED,2,J1-P16-S02,987ecfed0afe6e5a6422,WORD_FRAGMENT,بَشَ,C0006,C0002|C0003|C0004|C0005,3:47,COMPOSED_CANDIDATE_V2,Fragmen dua huruf dari corpus Al-Quran; objek tidak diulang
1,16,TWO_LETTER_CONNECTED,3,J1-P16-S03,81dafd4811182111059d,WORD_FRAGMENT,بَشِ,C0006,C0002|C0003|C0004|C0005,2:119,COMPOSED_CANDIDATE_V2,Fragmen dua huruf dari corpus Al-Quran; objek tidak diulang
1,16,TWO_LETTER_CONNECTED,4,J1-P16-S04,801720de4a8a6f96ea15,WORD_FRAGMENT,بَصَ,C0006,C0002|C0003|C0004|C0005,2:61,COMPOSED_CANDIDATE_V2,Fragmen dua huruf dari corpus Al-Quran; objek tidak diulang
1,16,TWO_LETTER_CONNECTED,5,J1-P16-S05,e3bf2f4a623b13807e71,WORD_FRAGMENT,بَصُ,C0006,C0002|C0003|C0004|C0005,20:96,COMPOSED_CANDIDATE_V2,Fragmen dua huruf dari corpus Al-Quran; objek tidak diulang
1,16,TWO_LETTER_CONNECTED,6,J1-P16-S06,6702570d746ac0db4279,WORD_FRAGMENT,بَصِ,C0006,C0002|C0003|C0004|C0005,2:96,COMPOSED_CANDIDATE_V2,Fragmen dua huruf dari corpus Al-Quran; objek tidak diulang
1,16,TWO_LETTER_CONNECTED,7,J1-P16-S07,daa42a7116ee2e4f9707,WORD_FRAGMENT,بَطَ,C0006,C0002|C0003|C0004|C0005,6:151,COMPOSED_CANDIDATE_V2,Fragmen dua huruf dari corpus Al-Quran; objek tidak diulang
1,16,TWO_LETTER_CONNECTED,8,J1-P16-S08,3096ff55656490f0c08d,WORD_FRAGMENT,بَطِ,C0006,C0002|C0003|C0004|C0005,28:58,COMPOSED_CANDIDATE_V2,Fragmen dua huruf dari corpus Al-Quran; objek tidak diulang
1,16,TWO_LETTER_CONNECTED,9,J1-P16-S09,2699c65cb7b24a6d3a23,WORD_FRAGMENT,بَعَ,C0006,C0002|C0003|C0004|C0005,2:56,COMPOSED_CANDIDATE_V2,Fragmen dua huruf dari corpus Al-Quran; objek tidak diulang
1,16,TWO_LETTER_CONNECTED,10,J1-P16-S10,282fdf2f21aa8d1a79c2,WORD_FRAGMENT,بَعُ,C0006,C0002|C0003|C0004|C0005,2:26,COMPOSED_CANDIDATE_V2,Fragmen dua huruf dari corpus Al-Quran; objek tidak diulang
1,16,TWO_LETTER_CONNECTED,11,J1-P16-S11,717f2c31d56af4540a8a,WORD_FRAGMENT,بَعِ,C0006,C0002|C0003|C0004|C0005,2:51,COMPOSED_CANDIDATE_V2,Fragmen dua huruf dari corpus Al-Quran; objek tidak diulang
1,16,TWO_LETTER_CONNECTED,12,J1-P16-S12,7a219193234b51d59ac8,WORD_FRAGMENT,بَغَ,C0006,C0002|C0003|C0004|C0005,28:76,COMPOSED_CANDIDATE_V2,Fragmen dua huruf dari corpus Al-Quran; objek tidak diulang
1,16,TWO_LETTER_CONNECTED,13,J1-P16-S13,0d747932500e6887021c,WORD_FRAGMENT,بَغِ,C0006,C0002|C0003|C0004|C0005,19:20,COMPOSED_CANDIDATE_V2,Fragmen dua huruf dari corpus Al-Quran; objek tidak diulang
1,16,TWO_LETTER_CONNECTED,14,J1-P16-S14,0cbe09937c7aabdf7409,WORD_FRAGMENT,بَقَ,C0006,C0002|C0003|C0004|C0005,2:67,COMPOSED_CANDIDATE_V2,Fragmen dua huruf dari corpus Al-Quran; objek tidak diulang
1,16,TWO_LETTER_CONNECTED,15,J1-P16-S15,cca51146f6d490394ce3,WORD_FRAGMENT,بَقُ,C0006,C0002|C0003|C0004|C0005,8:59,COMPOSED_CANDIDATE_V2,Fragmen dua huruf dari corpus Al-Quran; objek tidak diulang
1,16,TWO_LETTER_CONNECTED,16,J1-P16-S16,c6c07f80f8d32b07c761,WORD_FRAGMENT,بَقِ,C0006,C0002|C0003|C0004|C0005,2:248,COMPOSED_CANDIDATE_V2,Fragmen dua huruf dari corpus Al-Quran; objek tidak diulang
1,16,TWO_LETTER_CONNECTED,17,J1-P16-S17,e849ce168c096c0b03b8,WORD_FRAGMENT,بَكَ,C0006,C0002|C0003|C0004|C0005,4:79,COMPOSED_CANDIDATE_V2,Fragmen dua huruf dari corpus Al-Quran; objek tidak diulang
1,16,TWO_LETTER_CONNECTED,18,J1-P16-S18,3e71125fac66fa618954,WORD_FRAGMENT,بَكُ,C0006,C0002|C0003|C0004|C0005,2:221,COMPOSED_CANDIDATE_V2,Fragmen dua huruf dari corpus Al-Quran; objek tidak diulang
1,16,TWO_LETTER_CONNECTED,19,J1-P16-S19,28360853d814a2ec1159,WORD_FRAGMENT,بَلَ,C0006,C0002|C0003|C0004|C0005,2:49,COMPOSED_CANDIDATE_V2,Fragmen dua huruf dari corpus Al-Quran; objek tidak diulang
1,16,TWO_LETTER_CONNECTED,20,J1-P16-S20,d05b8092c045b8023c34,WORD_FRAGMENT,بَلُ,C0006,C0002|C0003|C0004|C0005,2:48,COMPOSED_CANDIDATE_V2,Fragmen dua huruf dari corpus Al-Quran; objek tidak diulang
1,16,TWO_LETTER_CONNECTED,21,J1-P16-S21,660df2d194c4b25f6b2b,WORD_FRAGMENT,بَلِ,C0006,C0002|C0003|C0004|C0005,3:150,COMPOSED_CANDIDATE_V2,Fragmen dua huruf dari corpus Al-Quran; objek tidak diulang
1,16,TWO_LETTER_CONNECTED,22,J1-P16-S22,85fb61b3594fb585c27a,WORD_FRAGMENT,بَمَ,C0006,C0002|C0003|C0004|C0005,15:2,COMPOSED_CANDIDATE_V2,Fragmen dua huruf dari corpus Al-Quran; objek tidak diulang
1,16,TWO_LETTER_CONNECTED,23,J1-P16-S23,b74d9c45be376c8818c5,WORD_FRAGMENT,بَنَ,C0006,C0002|C0003|C0004|C0005,3:8,COMPOSED_CANDIDATE_V2,Fragmen dua huruf dari corpus Al-Quran; objek tidak diulang
1,16,TWO_LETTER_CONNECTED,24,J1-P16-S24,8540b248090fd24151dd,WORD_FRAGMENT,بَنُ,C0006,C0002|C0003|C0004|C0005,10:90,COMPOSED_CANDIDATE_V2,Fragmen dua huruf dari corpus Al-Quran; objek tidak diulang
1,17,TWO_LETTER_CONNECTED,1,J1-P17-S01,55826924010bfd38101e,WORD_FRAGMENT,بَنِ,C0006,C0002|C0003|C0004|C0005,2:40,COMPOSED_CANDIDATE_V2,Fragmen dua huruf dari corpus Al-Quran; objek tidak diulang
1,17,TWO_LETTER_CONNECTED,2,J1-P17-S02,8474d9eeb32b61c7e55c,WORD_FRAGMENT,بَهَ,C0006,C0002|C0003|C0004|C0005,2:70,COMPOSED_CANDIDATE_V2,Fragmen dua huruf dari corpus Al-Quran; objek tidak diulang
1,17,TWO_LETTER_CONNECTED,3,J1-P17-S03,c8ad0bdf56554705d8e0,WORD_FRAGMENT,بَهُ,C0006,C0002|C0003|C0004|C0005,2:60,COMPOSED_CANDIDATE_V2,Fragmen dua huruf dari corpus Al-Quran; objek tidak diulang
1,17,TWO_LETTER_CONNECTED,4,J1-P17-S04,1383e83e4bc4c1bdea04,WORD_FRAGMENT,بَهِ,C0006,C0002|C0003|C0004|C0005,5:1,COMPOSED_CANDIDATE_V2,Fragmen dua huruf dari corpus Al-Quran; objek tidak diulang
1,17,TWO_LETTER_CONNECTED,5,J1-P17-S05,f22d9b5d0fc0a826851b,WORD_FRAGMENT,بَوَ,C0006,C0002|C0003|C0004|C0005,4:11,COMPOSED_CANDIDATE_V2,Fragmen dua huruf dari corpus Al-Quran; objek tidak diulang
1,17,TWO_LETTER_CONNECTED,6,J1-P17-S06,2cc33f2f2c30728236bd,WORD_FRAGMENT,بَىِ,C0006,C0002|C0003|C0004|C0005,12:39,COMPOSED_CANDIDATE_V2,Fragmen dua huruf dari corpus Al-Quran; objek tidak diulang
1,17,TWO_LETTER_CONNECTED,7,J1-P17-S07,e10f3f8db5d2ffb6b40f,WORD_FRAGMENT,بَيَ,C0006,C0002|C0003|C0004|C0005,3:138,COMPOSED_CANDIDATE_V2,Fragmen dua huruf dari corpus Al-Quran; objek tidak diulang
1,17,TWO_LETTER_CONNECTED,8,J1-P17-S08,57fa6ddfaae046b6127a,WORD_FRAGMENT,بُتُ,C0006,C0002|C0003|C0004|C0005,8:45,COMPOSED_CANDIDATE_V2,Fragmen dua huruf dari corpus Al-Quran; objek tidak diulang
1,17,TWO_LETTER_CONNECTED,9,J1-P17-S09,5f6b4cf3deacbd6a56c8,WORD_FRAGMENT,بُثَ,C0006,C0002|C0003|C0004|C0005,7:58,COMPOSED_CANDIDATE_V2,Fragmen dua huruf dari corpus Al-Quran; objek tidak diulang
1,17,TWO_LETTER_CONNECTED,10,J1-P17-S10,c8653e828d4d3f6dae87,WORD_FRAGMENT,بُدَ,C0006,C0002|C0003|C0004|C0005,3:64,COMPOSED_CANDIDATE_V2,Fragmen dua huruf dari corpus Al-Quran; objek tidak diulang
1,17,TWO_LETTER_CONNECTED,11,J1-P17-S11,e58287bffd04885c7f8e,WORD_FRAGMENT,بُدُ,C0006,C0002|C0003|C0004|C0005,1:5,COMPOSED_CANDIDATE_V2,Fragmen dua huruf dari corpus Al-Quran; objek tidak diulang
1,17,TWO_LETTER_CONNECTED,12,J1-P17-S12,e7de0989913de1606505,WORD_FRAGMENT,بُدِ,C0006,C0002|C0003|C0004|C0005,19:44,COMPOSED_CANDIDATE_V2,Fragmen dua huruf dari corpus Al-Quran; objek tidak diulang
1,17,TWO_LETTER_CONNECTED,13,J1-P17-S13,eb7845e6bae3ec2fb60a,WORD_FRAGMENT,بُرَ,C0006,C0002|C0003|C0004|C0005,6:35,COMPOSED_CANDIDATE_V2,Fragmen dua huruf dari corpus Al-Quran; objek tidak diulang
1,17,TWO_LETTER_CONNECTED,14,J1-P17-S14,6ab52482982b51c946e0,WORD_FRAGMENT,بُرُ,C0006,C0002|C0003|C0004|C0005,4:78,COMPOSED_CANDIDATE_V2,Fragmen dua huruf dari corpus Al-Quran; objek tidak diulang
1,17,TWO_LETTER_CONNECTED,15,J1-P17-S15,6ea3626c6f120b7b54b5,WORD_FRAGMENT,بُرِ,C0006,C0002|C0003|C0004|C0005,3:184,COMPOSED_CANDIDATE_V2,Fragmen dua huruf dari corpus Al-Quran; objek tidak diulang
1,17,TWO_LETTER_CONNECTED,16,J1-P17-S16,253d8466699d178bd89a,WORD_FRAGMENT,بُطُ,C0006,C0002|C0003|C0004|C0005,2:174,COMPOSED_CANDIDATE_V2,Fragmen dua huruf dari corpus Al-Quran; objek tidak diulang
1,17,TWO_LETTER_CONNECTED,17,J1-P17-S17,589c164459d756120a34,WORD_FRAGMENT,بُعُ,C0006,C0002|C0003|C0004|C0005,2:228,COMPOSED_CANDIDATE_V2,Fragmen dua huruf dari corpus Al-Quran; objek tidak diulang
1,17,TWO_LETTER_CONNECTED,18,J1-P17-S18,a408a11c310eeea9c488,WORD_FRAGMENT,بُغِ,C0006,C0002|C0003|C0004|C0005,22:60,COMPOSED_CANDIDATE_V2,Fragmen dua huruf dari corpus Al-Quran; objek tidak diulang
1,17,TWO_LETTER_CONNECTED,19,J1-P17-S19,ec6577b4338e80e03042,WORD_FRAGMENT,بُكَ,C0006,C0002|C0003|C0004|C0005,2:204,COMPOSED_CANDIDATE_V2,Fragmen dua huruf dari corpus Al-Quran; objek tidak diulang
1,17,TWO_LETTER_CONNECTED,20,J1-P17-S20,565f31c5774ab482103d,WORD_FRAGMENT,بُكُ,C0006,C0002|C0003|C0004|C0005,2:74,COMPOSED_CANDIDATE_V2,Fragmen dua huruf dari corpus Al-Quran; objek tidak diulang
1,17,TWO_LETTER_CONNECTED,21,J1-P17-S21,7c0e587d26cac5d0191b,WORD_FRAGMENT,بُكِ,C0006,C0002|C0003|C0004|C0005,19:58,COMPOSED_CANDIDATE_V2,Fragmen dua huruf dari corpus Al-Quran; objek tidak diulang
1,17,TWO_LETTER_CONNECTED,22,J1-P17-S22,0c3d7664b7dfd9f6a817,WORD_FRAGMENT,بُلَ,C0006,C0002|C0003|C0004|C0005,2:261,COMPOSED_CANDIDATE_V2,Fragmen dua huruf dari corpus Al-Quran; objek tidak diulang
1,17,TWO_LETTER_CONNECTED,23,J1-P17-S23,7e17dac591ba6804ac2d,WORD_FRAGMENT,بُلِ,C0006,C0002|C0003|C0004|C0005,12:47,COMPOSED_CANDIDATE_V2,Fragmen dua huruf dari corpus Al-Quran; objek tidak diulang
1,17,TWO_LETTER_CONNECTED,24,J1-P17-S24,fb9d978fb76ec9577663,WORD_FRAGMENT,بُنَ,C0006,C0002|C0003|C0004|C0005,2:88,COMPOSED_CANDIDATE_V2,Fragmen dua huruf dari corpus Al-Quran; objek tidak diulang
1,18,TWO_LETTER_CONNECTED,1,J1-P18-S01,aaa5288d3c805b8286bf,WORD_FRAGMENT,بُنِ,C0006,C0002|C0003|C0004|C0005,64:9,COMPOSED_CANDIDATE_V2,Fragmen dua huruf dari corpus Al-Quran; objek tidak diulang
1,18,TWO_LETTER_CONNECTED,2,J1-P18-S02,f3f6c26f1992a330d06b,WORD_FRAGMENT,بُهَ,C0006,C0002|C0003|C0004|C0005,7:156,COMPOSED_CANDIDATE_V2,Fragmen dua huruf dari corpus Al-Quran; objek tidak diulang
1,18,TWO_LETTER_CONNECTED,3,J1-P18-S03,ff483f79ac2381207b42,WORD_FRAGMENT,بُهُ,C0006,C0002|C0003|C0004|C0005,2:118,COMPOSED_CANDIDATE_V2,Fragmen dua huruf dari corpus Al-Quran; objek tidak diulang
1,18,TWO_LETTER_CONNECTED,4,J1-P18-S04,101ec23a549a95ff719d,WORD_FRAGMENT,بُهِ,C0006,C0002|C0003|C0004|C0005,2:258,COMPOSED_CANDIDATE_V2,Fragmen dua huruf dari corpus Al-Quran; objek tidak diulang
1,18,TWO_LETTER_CONNECTED,5,J1-P18-S05,f197413b8f392405952f,WORD_FRAGMENT,بُوَ,C0006,C0002|C0003|C0004|C0005,30:39,COMPOSED_CANDIDATE_V2,Fragmen dua huruf dari corpus Al-Quran; objek tidak diulang
1,18,TWO_LETTER_CONNECTED,6,J1-P18-S06,8e603998bc7af8d33047,WORD_FRAGMENT,بُيُ,C0006,C0002|C0003|C0004|C0005,2:189,COMPOSED_CANDIDATE_V2,Fragmen dua huruf dari corpus Al-Quran; objek tidak diulang
1,18,TWO_LETTER_CONNECTED,7,J1-P18-S07,fe93fe1f5caeb288dc84,WORD_FRAGMENT,بِأَ,C0006,C0002|C0003|C0004|C0005,2:31,COMPOSED_CANDIDATE_V2,Fragmen dua huruf dari corpus Al-Quran; objek tidak diulang
1,18,TWO_LETTER_CONNECTED,8,J1-P18-S08,113caa55709e66d3081a,WORD_FRAGMENT,بِإِ,C0006,C0002|C0003|C0004|C0005,2:97,COMPOSED_CANDIDATE_V2,Fragmen dua huruf dari corpus Al-Quran; objek tidak diulang
1,18,TWO_LETTER_CONNECTED,9,J1-P18-S09,7c23b1d713fe18b6639d,WORD_FRAGMENT,بِبَ,C0006,C0002|C0003|C0004|C0005,2:73,COMPOSED_CANDIDATE_V2,Fragmen dua huruf dari corpus Al-Quran; objek tidak diulang
1,18,TWO_LETTER_CONNECTED,10,J1-P18-S10,ec493ba3f2a347e0faab,WORD_FRAGMENT,بِبُ,C0006,C0002|C0003|C0004|C0005,60:12,COMPOSED_CANDIDATE_V2,Fragmen dua huruf dari corpus Al-Quran; objek tidak diulang
1,18,TWO_LETTER_CONNECTED,11,J1-P18-S11,96b20f12fcf272a2eaf5,WORD_FRAGMENT,بِبِ,C0006,C0002|C0003|C0004|C0005,12:88,COMPOSED_CANDIDATE_V2,Fragmen dua huruf dari corpus Al-Quran; objek tidak diulang
1,18,TWO_LETTER_CONNECTED,12,J1-P18-S12,b51c01f4ff45f2086941,WORD_FRAGMENT,بِتَ,C0006,C0002|C0003|C0004|C0005,2:145,COMPOSED_CANDIDATE_V2,Fragmen dua huruf dari corpus Al-Quran; objek tidak diulang
1,18,TWO_LETTER_CONNECTED,13,J1-P18-S13,c02ac1840fb0b493ef3b,WORD_FRAGMENT,بِتُ,C0006,C0002|C0003|C0004|C0005,2:61,COMPOSED_CANDIDATE_V2,Fragmen dua huruf dari corpus Al-Quran; objek tidak diulang
1,18,TWO_LETTER_CONNECTED,14,J1-P18-S14,b8bd34e545a01c2c5122,WORD_FRAGMENT,بِتِ,C0006,C0002|C0003|C0004|C0005,14:27,COMPOSED_CANDIDATE_V2,Fragmen dua huruf dari corpus Al-Quran; objek tidak diulang
1,18,TWO_LETTER_CONNECTED,15,J1-P18-S15,cbff43f91473f415cd7d,WORD_FRAGMENT,بِثَ,C0006,C0002|C0003|C0004|C0005,3:124,COMPOSED_CANDIDATE_V2,Fragmen dua huruf dari corpus Al-Quran; objek tidak diulang
1,18,TWO_LETTER_CONNECTED,16,J1-P18-S16,87fe6863d814dfa7353f,WORD_FRAGMENT,بِثُ,C0006,C0002|C0003|C0004|C0005,18:12,COMPOSED_CANDIDATE_V2,Fragmen dua huruf dari corpus Al-Quran; objek tidak diulang
1,18,TWO_LETTER_CONNECTED,17,J1-P18-S17,0787934c14c89912d631,WORD_FRAGMENT,بِثِ,C0006,C0002|C0003|C0004|C0005,78:23,COMPOSED_CANDIDATE_V2,Fragmen dua huruf dari corpus Al-Quran; objek tidak diulang
1,18,TWO_LETTER_CONNECTED,18,J1-P18-S18,50959dfbc210cf0e2654,WORD_FRAGMENT,بِجَ,C0006,C0002|C0003|C0004|C0005,2:249,COMPOSED_CANDIDATE_V2,Fragmen dua huruf dari corpus Al-Quran; objek tidak diulang
1,18,TWO_LETTER_CONNECTED,19,J1-P18-S19,4bd4ba42e1b187329db0,WORD_FRAGMENT,بِجُ,C0006,C0002|C0003|C0004|C0005,9:40,COMPOSED_CANDIDATE_V2,Fragmen dua huruf dari corpus Al-Quran; objek tidak diulang
1,18,TWO_LETTER_CONNECTED,20,J1-P18-S20,ee54ad5dd6771f873e7b,WORD_FRAGMENT,بِجِ,C0006,C0002|C0003|C0004|C0005,19:25,COMPOSED_CANDIDATE_V2,Fragmen dua huruf dari corpus Al-Quran; objek tidak diulang
1,18,TWO_LETTER_CONNECTED,21,J1-P18-S21,cf770e521ed1eabf587e,WORD_FRAGMENT,بِحَ,C0006,C0002|C0003|C0004|C0005,2:16,COMPOSED_CANDIDATE_V2,Fragmen dua huruf dari corpus Al-Quran; objek tidak diulang
1,18,TWO_LETTER_CONNECTED,22,J1-P18-S22,07db33abad6cbfd04500,WORD_FRAGMENT,بِحُ,C0006,C0002|C0003|C0004|C0005,5:52,COMPOSED_CANDIDATE_V2,Fragmen dua huruf dari corpus Al-Quran; objek tidak diulang
1,18,TWO_LETTER_CONNECTED,23,J1-P18-S23,2ef73fc11995f01d004a,WORD_FRAGMENT,بِحِ,C0006,C0002|C0003|C0004|C0005,15:66,COMPOSED_CANDIDATE_V2,Fragmen dua huruf dari corpus Al-Quran; objek tidak diulang
1,18,TWO_LETTER_CONNECTED,24,J1-P18-S24,21a24a469a004cf29f27,WORD_FRAGMENT,بِخَ,C0006,C0002|C0003|C0004|C0005,2:106,COMPOSED_CANDIDATE_V2,Fragmen dua huruf dari corpus Al-Quran; objek tidak diulang
1,19,TWO_LETTER_CONNECTED,1,J1-P19-S01,62611d504d4b2225aec6,WORD_FRAGMENT,بِخُ,C0006,C0002|C0003|C0004|C0005,24:31,COMPOSED_CANDIDATE_V2,Fragmen dua huruf dari corpus Al-Quran; objek tidak diulang
1,19,TWO_LETTER_CONNECTED,2,J1-P19-S02,7b154504c1927c0c1cb8,WORD_FRAGMENT,بِدَ,C0006,C0002|C0003|C0004|C0005,2:282,COMPOSED_CANDIDATE_V2,Fragmen dua huruf dari corpus Al-Quran; objek tidak diulang
1,19,TWO_LETTER_CONNECTED,3,J1-P19-S03,e52f43834919568b16d2,WORD_FRAGMENT,بِدُ,C0006,C0002|C0003|C0004|C0005,2:138,COMPOSED_CANDIDATE_V2,Fragmen dua huruf dari corpus Al-Quran; objek tidak diulang
1,19,TWO_LETTER_CONNECTED,4,J1-P19-S04,d2d568ef6950bb1cd98b,WORD_FRAGMENT,بِدِ,C0006,C0002|C0003|C0004|C0005,3:75,COMPOSED_CANDIDATE_V2,Fragmen dua huruf dari corpus Al-Quran; objek tidak diulang
1,19,TWO_LETTER_CONNECTED,5,J1-P19-S05,8e1f30fedd12dbbafa5e,WORD_FRAGMENT,بِذَ,C0006,C0002|C0003|C0004|C0005,3:119,COMPOSED_CANDIDATE_V2,Fragmen dua huruf dari corpus Al-Quran; objek tidak diulang
1,19,TWO_LETTER_CONNECTED,6,J1-P19-S06,8c24aaaa668192ca0217,WORD_FRAGMENT,بِذُ,C0006,C0002|C0003|C0004|C0005,3:11,COMPOSED_CANDIDATE_V2,Fragmen dua huruf dari corpus Al-Quran; objek tidak diulang
1,19,TWO_LETTER_CONNECTED,7,J1-P19-S07,b68bc68c5c1d94e75d8e,WORD_FRAGMENT,بِذِ,C0006,C0002|C0003|C0004|C0005,4:36,COMPOSED_CANDIDATE_V2,Fragmen dua huruf dari corpus Al-Quran; objek tidak diulang
1,19,TWO_LETTER_CONNECTED,8,J1-P19-S08,8cec69bb6fcb24fe3eac,WORD_FRAGMENT,بِرَ,C0006,C0002|C0003|C0004|C0005,2:61,COMPOSED_CANDIDATE_V2,Fragmen dua huruf dari corpus Al-Quran; objek tidak diulang
1,19,TWO_LETTER_CONNECTED,9,J1-P19-S09,e954d767da81b6633426,WORD_FRAGMENT,بِرُ,C0006,C0002|C0003|C0004|C0005,2:87,COMPOSED_CANDIDATE_V2,Fragmen dua huruf dari corpus Al-Quran; objek tidak diulang
1,19,TWO_LETTER_CONNECTED,10,J1-P19-S10,a37d745cd0f2031007b8,WORD_FRAGMENT,بِرِ,C0006,C0002|C0003|C0004|C0005,2:153,COMPOSED_CANDIDATE_V2,Fragmen dua huruf dari corpus Al-Quran; objek tidak diulang
1,19,TWO_LETTER_CONNECTED,11,J1-P19-S11,f28dbe65651bd82bc270,WORD_FRAGMENT,بِزَ,C0006,C0002|C0003|C0004|C0005,6:136,COMPOSED_CANDIDATE_V2,Fragmen dua huruf dari corpus Al-Quran; objek tidak diulang
1,19,TWO_LETTER_CONNECTED,12,J1-P19-S12,c7a35279ca631f76da0a,WORD_FRAGMENT,بِزِ,C0006,C0002|C0003|C0004|C0005,24:60,COMPOSED_CANDIDATE_V2,Fragmen dua huruf dari corpus Al-Quran; objek tidak diulang
1,19,TWO_LETTER_CONNECTED,13,J1-P19-S13,14e9bc8b392cf23bdf87,WORD_FRAGMENT,بِسَ,C0006,C0002|C0003|C0004|C0005,2:20,COMPOSED_CANDIDATE_V2,Fragmen dua huruf dari corpus Al-Quran; objek tidak diulang
1,19,TWO_LETTER_CONNECTED,14,J1-P19-S14,ca4b2e8b62a6f9da70af,WORD_FRAGMENT,بِسُ,C0006,C0002|C0003|C0004|C0005,2:23,COMPOSED_CANDIDATE_V2,Fragmen dua huruf dari corpus Al-Quran; objek tidak diulang
1,19,TWO_LETTER_CONNECTED,15,J1-P19-S15,9712c06bd99b6e74134d,WORD_FRAGMENT,بِسِ,C0006,C0002|C0003|C0004|C0005,2:273,COMPOSED_CANDIDATE_V2,Fragmen dua huruf dari corpus Al-Quran; objek tidak diulang
1,19,TWO_LETTER_CONNECTED,16,J1-P19-S16,e6c73152691360aa2454,WORD_FRAGMENT,بِشَ,C0006,C0002|C0003|C0004|C0005,2:155,COMPOSED_CANDIDATE_V2,Fragmen dua huruf dari corpus Al-Quran; objek tidak diulang
1,19,TWO_LETTER_CONNECTED,17,J1-P19-S17,def1e7358999c2ba65a0,WORD_FRAGMENT,بِشُ,C0006,C0002|C0003|C0004|C0005,30:13,COMPOSED_CANDIDATE_V2,Fragmen dua huruf dari corpus Al-Quran; objek tidak diulang
1,19,TWO_LETTER_CONNECTED,18,J1-P19-S18,ee4818873dc668e00dc5,WORD_FRAGMENT,بِشِ,C0006,C0002|C0003|C0004|C0005,16:7,COMPOSED_CANDIDATE_V2,Fragmen dua huruf dari corpus Al-Quran; objek tidak diulang
1,19,TWO_LETTER_CONNECTED,19,J1-P19-S19,a32c1d06b6fcc3f2a172,WORD_FRAGMENT,بِصَ,C0006,C0002|C0003|C0004|C0005,4:114,COMPOSED_CANDIDATE_V2,Fragmen dua huruf dari corpus Al-Quran; objek tidak diulang
1,19,TWO_LETTER_CONNECTED,20,J1-P19-S20,ba1a76aeadd125dd3ce9,WORD_FRAGMENT,بِصِ,C0006,C0002|C0003|C0004|C0005,33:24,COMPOSED_CANDIDATE_V2,Fragmen dua huruf dari corpus Al-Quran; objek tidak diulang
1,19,TWO_LETTER_CONNECTED,21,J1-P19-S21,f320ef1acae89723ea5f,WORD_FRAGMENT,بِضَ,C0006,C0002|C0003|C0004|C0005,2:102,COMPOSED_CANDIDATE_V2,Fragmen dua huruf dari corpus Al-Quran; objek tidak diulang
1,19,TWO_LETTER_CONNECTED,22,J1-P19-S22,bed2d178d77ab2b71db6,WORD_FRAGMENT,بِضُ,C0006,C0002|C0003|C0004|C0005,2:245,COMPOSED_CANDIDATE_V2,Fragmen dua huruf dari corpus Al-Quran; objek tidak diulang
1,19,TWO_LETTER_CONNECTED,23,J1-P19-S23,72834a51d3a47dcbd61e,WORD_FRAGMENT,بِضِ,C0006,C0002|C0003|C0004|C0005,28:71,COMPOSED_CANDIDATE_V2,Fragmen dua huruf dari corpus Al-Quran; objek tidak diulang
1,19,TWO_LETTER_CONNECTED,24,J1-P19-S24,87f7226a350358cc8d45,WORD_FRAGMENT,بِطَ,C0006,C0002|C0003|C0004|C0005,2:217,COMPOSED_CANDIDATE_V2,Fragmen dua huruf dari corpus Al-Quran; objek tidak diulang
1,20,AWAILUS_SUWAR_AND_TWO_LETTER_REVIEW,1,J1-P20-S01,AWAIL-20-01,AWAIL_AL_SUWAR,الٓمٓ,SPECIAL_AWAIL,C0002|C0003|C0004|C0005|C0006,2:1,COMPOSED_CANDIDATE_V2,Awailus suwar tanpa pengulangan
1,20,AWAILUS_SUWAR_AND_TWO_LETTER_REVIEW,2,J1-P20-S02,AWAIL-20-02,AWAIL_AL_SUWAR,الٓمٓصٓ,SPECIAL_AWAIL,C0002|C0003|C0004|C0005|C0006,7:1,COMPOSED_CANDIDATE_V2,Awailus suwar tanpa pengulangan
1,20,AWAILUS_SUWAR_AND_TWO_LETTER_REVIEW,3,J1-P20-S03,AWAIL-20-03,AWAIL_AL_SUWAR,الٓر,SPECIAL_AWAIL,C0002|C0003|C0004|C0005|C0006,10:1,COMPOSED_CANDIDATE_V2,Awailus suwar tanpa pengulangan
1,20,AWAILUS_SUWAR_AND_TWO_LETTER_REVIEW,4,J1-P20-S04,AWAIL-20-04,AWAIL_AL_SUWAR,الٓمٓر,SPECIAL_AWAIL,C0002|C0003|C0004|C0005|C0006,13:1,COMPOSED_CANDIDATE_V2,Awailus suwar tanpa pengulangan
1,20,AWAILUS_SUWAR_AND_TWO_LETTER_REVIEW,5,J1-P20-S05,AWAIL-20-05,AWAIL_AL_SUWAR,كٓهيعٓصٓ,SPECIAL_AWAIL,C0002|C0003|C0004|C0005|C0006,19:1,COMPOSED_CANDIDATE_V2,Awailus suwar tanpa pengulangan
1,20,AWAILUS_SUWAR_AND_TWO_LETTER_REVIEW,6,J1-P20-S06,AWAIL-20-06,AWAIL_AL_SUWAR,طه,SPECIAL_AWAIL,C0002|C0003|C0004|C0005|C0006,20:1,COMPOSED_CANDIDATE_V2,Awailus suwar tanpa pengulangan
1,20,AWAILUS_SUWAR_AND_TWO_LETTER_REVIEW,7,J1-P20-S07,AWAIL-20-07,AWAIL_AL_SUWAR,طسٓمٓ,SPECIAL_AWAIL,C0002|C0003|C0004|C0005|C0006,26:1,COMPOSED_CANDIDATE_V2,Awailus suwar tanpa pengulangan
1,20,AWAILUS_SUWAR_AND_TWO_LETTER_REVIEW,8,J1-P20-S08,9fd230da0687c9eae92e,WORD_FRAGMENT,دِرَ,C0005,C0002|C0003|C0004|C0005|C0006,6:156,COMPOSED_CANDIDATE_V2,Fragmen dua huruf dari corpus Al-Quran; objek tidak diulang
1,20,AWAILUS_SUWAR_AND_TWO_LETTER_REVIEW,9,J1-P20-S09,1c60421e203ec4655218,WORD_FRAGMENT,بِطُ,C0006,C0002|C0003|C0004|C0005|C0006,2:36,COMPOSED_CANDIDATE_V2,Fragmen dua huruf dari corpus Al-Quran; objek tidak diulang
1,20,AWAILUS_SUWAR_AND_TWO_LETTER_REVIEW,10,J1-P20-S10,12cf92bfd8158393a87e,WORD_FRAGMENT,دِرُ,C0005,C0002|C0003|C0004|C0005|C0006,2:264,COMPOSED_CANDIDATE_V2,Fragmen dua huruf dari corpus Al-Quran; objek tidak diulang
1,20,AWAILUS_SUWAR_AND_TWO_LETTER_REVIEW,11,J1-P20-S11,eba6f96f923fd00d55cf,WORD_FRAGMENT,بِظَ,C0006,C0002|C0003|C0004|C0005|C0006,3:182,COMPOSED_CANDIDATE_V2,Fragmen dua huruf dari corpus Al-Quran; objek tidak diulang
1,20,AWAILUS_SUWAR_AND_TWO_LETTER_REVIEW,12,J1-P20-S12,091b2c1f70a0a0f03938,WORD_FRAGMENT,دِرِ,C0005,C0002|C0003|C0004|C0005|C0006,68:25,COMPOSED_CANDIDATE_V2,Fragmen dua huruf dari corpus Al-Quran; objek tidak diulang
1,20,AWAILUS_SUWAR_AND_TWO_LETTER_REVIEW,13,J1-P20-S13,d56fc1e7f0d271f7ab77,WORD_FRAGMENT,بِظُ,C0006,C0002|C0003|C0004|C0005|C0006,4:153,COMPOSED_CANDIDATE_V2,Fragmen dua huruf dari corpus Al-Quran; objek tidak diulang
1,20,AWAILUS_SUWAR_AND_TWO_LETTER_REVIEW,14,J1-P20-S14,e4fc864447bdd9b51ff9,WORD_FRAGMENT,دِسُ,C0005,C0002|C0003|C0004|C0005|C0006,18:22,COMPOSED_CANDIDATE_V2,Fragmen dua huruf dari corpus Al-Quran; objek tidak diulang
1,20,AWAILUS_SUWAR_AND_TWO_LETTER_REVIEW,15,J1-P20-S15,25c0506706bae0771aba,WORD_FRAGMENT,بِعَ,C0006,C0002|C0003|C0004|C0005|C0006,2:19,COMPOSED_CANDIDATE_V2,Fragmen dua huruf dari corpus Al-Quran; objek tidak diulang
1,20,AWAILUS_SUWAR_AND_TWO_LETTER_REVIEW,16,J1-P20-S16,5a4c53da8dcee13d2e22,WORD_FRAGMENT,دِعَ,C0005,C0002|C0003|C0004|C0005|C0006,7:133,COMPOSED_CANDIDATE_V2,Fragmen dua huruf dari corpus Al-Quran; objek tidak diulang
1,20,AWAILUS_SUWAR_AND_TWO_LETTER_REVIEW,17,J1-P20-S17,c4bf3da602f4bb1de07e,WORD_FRAGMENT,بِعُ,C0006,C0002|C0003|C0004|C0005|C0006,2:143,COMPOSED_CANDIDATE_V2,Fragmen dua huruf dari corpus Al-Quran; objek tidak diulang
1,20,AWAILUS_SUWAR_AND_TWO_LETTER_REVIEW,18,J1-P20-S18,def61c1a158fe0032537,WORD_FRAGMENT,دِعُ,C0005,C0002|C0003|C0004|C0005|C0006,2:9,COMPOSED_CANDIDATE_V2,Fragmen dua huruf dari corpus Al-Quran; objek tidak diulang
1,20,AWAILUS_SUWAR_AND_TWO_LETTER_REVIEW,19,J1-P20-S19,d045f626e3c86ed94c61,WORD_FRAGMENT,بِعِ,C0006,C0002|C0003|C0004|C0005|C0006,4:166,COMPOSED_CANDIDATE_V2,Fragmen dua huruf dari corpus Al-Quran; objek tidak diulang
1,20,AWAILUS_SUWAR_AND_TWO_LETTER_REVIEW,20,J1-P20-S20,b54dcb4da491430739dd,WORD_FRAGMENT,دِفَ,C0005,C0002|C0003|C0004|C0005|C0006,27:72,COMPOSED_CANDIDATE_V2,Fragmen dua huruf dari corpus Al-Quran; objek tidak diulang
1,20,AWAILUS_SUWAR_AND_TWO_LETTER_REVIEW,21,J1-P20-S21,ca2b9ae4d9424bbd255c,WORD_FRAGMENT,بِغَ,C0006,C0002|C0003|C0004|C0005|C0006,2:61,COMPOSED_CANDIDATE_V2,Fragmen dua huruf dari corpus Al-Quran; objek tidak diulang
1,20,AWAILUS_SUWAR_AND_TWO_LETTER_REVIEW,22,J1-P20-S22,07f53c96f19844478423,WORD_FRAGMENT,دِفُ,C0005,C0002|C0003|C0004|C0005|C0006,6:46,COMPOSED_CANDIDATE_V2,Fragmen dua huruf dari corpus Al-Quran; objek tidak diulang
1,20,AWAILUS_SUWAR_AND_TWO_LETTER_REVIEW,23,J1-P20-S23,3776c3f026460890f6a0,WORD_FRAGMENT,بِغُ,C0006,C0002|C0003|C0004|C0005|C0006,7:22,COMPOSED_CANDIDATE_V2,Fragmen dua huruf dari corpus Al-Quran; objek tidak diulang
1,20,AWAILUS_SUWAR_AND_TWO_LETTER_REVIEW,24,J1-P20-S24,bcc2af2ccf1421736eed,WORD_FRAGMENT,دِفِ,C0005,C0002|C0003|C0004|C0005|C0006,8:9,COMPOSED_CANDIDATE_V2,Fragmen dua huruf dari corpus Al-Quran; objek tidak diulang
1,21,TWO_LETTER_MIXED_REVIEW,1,J1-P21-S01,06f473e0347b06c5c6e5,WORD_FRAGMENT,دِقَ,C0005,C0002|C0003|C0004,19:54,COMPOSED_CANDIDATE_V2,Fragmen dua huruf dari corpus Al-Quran; objek tidak diulang
1,21,TWO_LETTER_MIXED_REVIEW,2,J1-P21-S02,3b7e9eeed0ffdb4c96d1,WORD_FRAGMENT,بِفَ,C0006,C0002|C0003|C0004,10:58,COMPOSED_CANDIDATE_V2,Fragmen dua huruf dari corpus Al-Quran; objek tidak diulang
1,21,TWO_LETTER_MIXED_REVIEW,3,J1-P21-S03,b482a174d5c620bce0c6,WORD_FRAGMENT,دِقُ,C0005,C0002|C0003|C0004,6:146,COMPOSED_CANDIDATE_V2,Fragmen dua huruf dari corpus Al-Quran; objek tidak diulang
1,21,TWO_LETTER_MIXED_REVIEW,4,J1-P21-S04,52d689f61375798b590f,WORD_FRAGMENT,بِقَ,C0006,C0002|C0003|C0004,3:37,COMPOSED_CANDIDATE_V2,Fragmen dua huruf dari corpus Al-Quran; objek tidak diulang
1,21,TWO_LETTER_MIXED_REVIEW,5,J1-P21-S05,b546bf9a6a0c221f7c36,WORD_FRAGMENT,دِقِ,C0005,C0002|C0003|C0004,2:23,COMPOSED_CANDIDATE_V2,Fragmen dua huruf dari corpus Al-Quran; objek tidak diulang
1,21,TWO_LETTER_MIXED_REVIEW,6,J1-P21-S06,f67c4b8492a6ca55f6f9,WORD_FRAGMENT,بِقُ,C0006,C0002|C0003|C0004,2:63,COMPOSED_CANDIDATE_V2,Fragmen dua huruf dari corpus Al-Quran; objek tidak diulang
1,21,TWO_LETTER_MIXED_REVIEW,7,J1-P21-S07,07f50b351631c85db5bb,WORD_FRAGMENT,دِكَ,C0005,C0002|C0003|C0004,2:30,COMPOSED_CANDIDATE_V2,Fragmen dua huruf dari corpus Al-Quran; objek tidak diulang
1,21,TWO_LETTER_MIXED_REVIEW,8,J1-P21-S08,a4d36e7702df48c9877c,WORD_FRAGMENT,بِقِ,C0006,C0002|C0003|C0004,3:75,COMPOSED_CANDIDATE_V2,Fragmen dua huruf dari corpus Al-Quran; objek tidak diulang
1,21,TWO_LETTER_MIXED_REVIEW,9,J1-P21-S09,1448499d2540ec9017b6,WORD_FRAGMENT,دِكُ,C0005,C0002|C0003|C0004,2:40,COMPOSED_CANDIDATE_V2,Fragmen dua huruf dari corpus Al-Quran; objek tidak diulang
1,21,TWO_LETTER_MIXED_REVIEW,10,J1-P21-S10,4c3073b61c0a16859543,WORD_FRAGMENT,بِكَ,C0006,C0002|C0003|C0004,2:97,COMPOSED_CANDIDATE_V2,Fragmen dua huruf dari corpus Al-Quran; objek tidak diulang
1,21,TWO_LETTER_MIXED_REVIEW,11,J1-P21-S11,0488eecee7783adbb147,WORD_FRAGMENT,دِلَ,C0005,C0002|C0003|C0004,18:81,COMPOSED_CANDIDATE_V2,Fragmen dua huruf dari corpus Al-Quran; objek tidak diulang
1,21,TWO_LETTER_MIXED_REVIEW,12,J1-P21-S12,795440e160e7cadd6eaf,WORD_FRAGMENT,بِكُ,C0006,C0002|C0003|C0004,2:29,COMPOSED_CANDIDATE_V2,Fragmen dua huruf dari corpus Al-Quran; objek tidak diulang
1,21,TWO_LETTER_MIXED_REVIEW,13,J1-P21-S13,27dd3f44e809cc2aa464,WORD_FRAGMENT,دِلُ,C0005,C0002|C0003|C0004,2:61,COMPOSED_CANDIDATE_V2,Fragmen dua huruf dari corpus Al-Quran; objek tidak diulang
1,21,TWO_LETTER_MIXED_REVIEW,14,J1-P21-S14,77b7d2bc6d61a96c8047,WORD_FRAGMENT,بِكِ,C0006,C0002|C0003|C0004,7:52,COMPOSED_CANDIDATE_V2,Fragmen dua huruf dari corpus Al-Quran; objek tidak diulang
1,21,TWO_LETTER_MIXED_REVIEW,15,J1-P21-S15,34230a32097aa31b01c3,WORD_FRAGMENT,دِمَ,C0005,C0002|C0003|C0004,2:84,COMPOSED_CANDIDATE_V2,Fragmen dua huruf dari corpus Al-Quran; objek tidak diulang
1,21,TWO_LETTER_MIXED_REVIEW,16,J1-P21-S16,54e63e7878ddbd03cfcb,WORD_FRAGMENT,بِلَ,C0006,C0002|C0003|C0004,2:102,COMPOSED_CANDIDATE_V2,Fragmen dua huruf dari corpus Al-Quran; objek tidak diulang
1,21,TWO_LETTER_MIXED_REVIEW,17,J1-P21-S17,66998f65cb06eaac3f55,WORD_FRAGMENT,دِمُ,C0005,C0002|C0003|C0004,7:34,COMPOSED_CANDIDATE_V2,Fragmen dua huruf dari corpus Al-Quran; objek tidak diulang
1,21,TWO_LETTER_MIXED_REVIEW,18,J1-P21-S18,b3b7b36faafc182e1a7e,WORD_FRAGMENT,بِلِ,C0006,C0002|C0003|C0004,6:31,COMPOSED_CANDIDATE_V2,Fragmen dua huruf dari corpus Al-Quran; objek tidak diulang
1,21,TWO_LETTER_MIXED_REVIEW,19,J1-P21-S19,c6ba757c74d57485caf2,WORD_FRAGMENT,دِمِ,C0005,C0002|C0003|C0004,5:31,COMPOSED_CANDIDATE_V2,Fragmen dua huruf dari corpus Al-Quran; objek tidak diulang
1,21,TWO_LETTER_MIXED_REVIEW,20,J1-P21-S20,fd058c1076162626d6e1,WORD_FRAGMENT,بِمَ,C0006,C0002|C0003|C0004,2:4,COMPOSED_CANDIDATE_V2,Fragmen dua huruf dari corpus Al-Quran; objek tidak diulang
1,21,TWO_LETTER_MIXED_REVIEW,21,J1-P21-S21,8c13e9126e6925a212e9,WORD_FRAGMENT,دِنَ,C0005,C0002|C0003|C0004,1:6,COMPOSED_CANDIDATE_V2,Fragmen dua huruf dari corpus Al-Quran; objek tidak diulang
1,21,TWO_LETTER_MIXED_REVIEW,22,J1-P21-S22,ee15175b0d803bd1bb04,WORD_FRAGMENT,بِمُ,C0006,C0002|C0003|C0004,2:8,COMPOSED_CANDIDATE_V2,Fragmen dua huruf dari corpus Al-Quran; objek tidak diulang
1,21,TWO_LETTER_MIXED_REVIEW,23,J1-P21-S23,4cbfec682ac1367c1680,WORD_FRAGMENT,دِنِ,C0005,C0002|C0003|C0004,6:77,COMPOSED_CANDIDATE_V2,Fragmen dua huruf dari corpus Al-Quran; objek tidak diulang
1,21,TWO_LETTER_MIXED_REVIEW,24,J1-P21-S24,cebc94dbf332739b06d0,WORD_FRAGMENT,بِمِ,C0006,C0002|C0003|C0004,2:137,COMPOSED_CANDIDATE_V2,Fragmen dua huruf dari corpus Al-Quran; objek tidak diulang
1,22,TWO_LETTER_MIXED_REVIEW,1,J1-P22-S01,f122b5b34f2b549791dc,WORD_FRAGMENT,بِنَ,C0006,C0002|C0003|C0004,2:22,COMPOSED_CANDIDATE_V2,Fragmen dua huruf dari corpus Al-Quran; objek tidak diulang
1,22,TWO_LETTER_MIXED_REVIEW,2,J1-P22-S02,2ec6e1b8d9aef4cb0937,WORD_FRAGMENT,دِهَ,C0005,C0002|C0003|C0004,2:233,COMPOSED_CANDIDATE_V2,Fragmen dua huruf dari corpus Al-Quran; objek tidak diulang
1,22,TWO_LETTER_MIXED_REVIEW,3,J1-P22-S03,abd8681e2d3aade859c4,WORD_FRAGMENT,بِنُ,C0006,C0002|C0003|C0004,2:17,COMPOSED_CANDIDATE_V2,Fragmen dua huruf dari corpus Al-Quran; objek tidak diulang
1,22,TWO_LETTER_MIXED_REVIEW,4,J1-P22-S04,f3dba90f4a57e64068b3,WORD_FRAGMENT,دِهِ,C0005,C0002|C0003|C0004,2:51,COMPOSED_CANDIDATE_V2,Fragmen dua huruf dari corpus Al-Quran; objek tidak diulang
1,22,TWO_LETTER_MIXED_REVIEW,5,J1-P22-S05,1f97b297d00009ff1d6c,WORD_FRAGMENT,بِنِ,C0006,C0002|C0003|C0004,3:103,COMPOSED_CANDIDATE_V2,Fragmen dua huruf dari corpus Al-Quran; objek tidak diulang
1,22,TWO_LETTER_MIXED_REVIEW,6,J1-P22-S06,abfe9ccde24fb0da9e61,WORD_FRAGMENT,دِىَ,C0005,C0002|C0003|C0004,3:101,COMPOSED_CANDIDATE_V2,Fragmen dua huruf dari corpus Al-Quran; objek tidak diulang
1,22,TWO_LETTER_MIXED_REVIEW,7,J1-P22-S07,34a7207019f26e3e4438,WORD_FRAGMENT,بِهَ,C0006,C0002|C0003|C0004,2:99,COMPOSED_CANDIDATE_V2,Fragmen dua huruf dari corpus Al-Quran; objek tidak diulang
1,22,TWO_LETTER_MIXED_REVIEW,8,J1-P22-S08,1ef1cf0de87142a1c553,WORD_FRAGMENT,دِيَ,C0005,C0002|C0003|C0004,4:26,COMPOSED_CANDIDATE_V2,Fragmen dua huruf dari corpus Al-Quran; objek tidak diulang
1,22,TWO_LETTER_MIXED_REVIEW,9,J1-P22-S09,7325ed11f0dd96f98d4e,WORD_FRAGMENT,بِهُ,C0006,C0002|C0003|C0004,6:90,COMPOSED_CANDIDATE_V2,Fragmen dua huruf dari corpus Al-Quran; objek tidak diulang
1,22,TWO_LETTER_MIXED_REVIEW,10,J1-P22-S10,10e581b91e7f392a51a8,WORD_FRAGMENT,ذَبَ,C0005,C0002|C0003|C0004,2:71,COMPOSED_CANDIDATE_V2,Fragmen dua huruf dari corpus Al-Quran; objek tidak diulang
1,22,TWO_LETTER_MIXED_REVIEW,11,J1-P22-S11,67170c88c28bda43dff3,WORD_FRAGMENT,بِهِ,C0006,C0002|C0003|C0004,2:7,COMPOSED_CANDIDATE_V2,Fragmen dua huruf dari corpus Al-Quran; objek tidak diulang
1,22,TWO_LETTER_MIXED_REVIEW,12,J1-P22-S12,05f781f2e8a97c84c05a,WORD_FRAGMENT,ذَبُ,C0005,C0002|C0003|C0004,6:24,COMPOSED_CANDIDATE_V2,Fragmen dua huruf dari corpus Al-Quran; objek tidak diulang
1,22,TWO_LETTER_MIXED_REVIEW,13,J1-P22-S13,9014292a4bd1c05a7442,WORD_FRAGMENT,بِوَ,C0006,C0002|C0003|C0004,2:233,COMPOSED_CANDIDATE_V2,Fragmen dua huruf dari corpus Al-Quran; objek tidak diulang
1,22,TWO_LETTER_MIXED_REVIEW,14,J1-P22-S14,1e8f77890712ae76e4f5,WORD_FRAGMENT,ذَبِ,C0005,C0002|C0003|C0004,4:143,COMPOSED_CANDIDATE_V2,Fragmen dua huruf dari corpus Al-Quran; objek tidak diulang
1,22,TWO_LETTER_MIXED_REVIEW,15,J1-P22-S15,06b6d22da9f9128d432e,WORD_FRAGMENT,بِوُ,C0006,C0002|C0003|C0004,4:43,COMPOSED_CANDIDATE_V2,Fragmen dua huruf dari corpus Al-Quran; objek tidak diulang
1,22,TWO_LETTER_MIXED_REVIEW,16,J1-P22-S16,a85642e80e249380af4d,WORD_FRAGMENT,ذَةُ,C0005,C0002|C0003|C0004,5:3,COMPOSED_CANDIDATE_V2,Fragmen dua huruf dari corpus Al-Quran; objek tidak diulang
1,22,TWO_LETTER_MIXED_REVIEW,17,J1-P22-S17,95aa1c566120ec22a770,WORD_FRAGMENT,بِىَ,C0006,C0002|C0003|C0004,7:150,COMPOSED_CANDIDATE_V2,Fragmen dua huruf dari corpus Al-Quran; objek tidak diulang
1,22,TWO_LETTER_MIXED_REVIEW,18,J1-P22-S18,ff55ef4844388687647a,WORD_FRAGMENT,ذَتِ,C0005,C0002|C0003|C0004,10:24,COMPOSED_CANDIDATE_V2,Fragmen dua huruf dari corpus Al-Quran; objek tidak diulang
1,22,TWO_LETTER_MIXED_REVIEW,19,J1-P22-S19,0c1c4a4b2ca14a94bfd7,WORD_FRAGMENT,بِيَ,C0006,C0002|C0003|C0004,2:91,COMPOSED_CANDIDATE_V2,Fragmen dua huruf dari corpus Al-Quran; objek tidak diulang
1,22,TWO_LETTER_MIXED_REVIEW,20,J1-P22-S20,b4831d66cd71db14248c,WORD_FRAGMENT,ذَرَ,C0005,C0002|C0003|C0004,2:19,COMPOSED_CANDIDATE_V2,Fragmen dua huruf dari corpus Al-Quran; objek tidak diulang
1,22,TWO_LETTER_MIXED_REVIEW,21,J1-P22-S21,4fbefb47e20fc363f60d,WORD_FRAGMENT,بِيُ,C0006,C0002|C0003|C0004,12:89,COMPOSED_CANDIDATE_V2,Fragmen dua huruf dari corpus Al-Quran; objek tidak diulang
1,22,TWO_LETTER_MIXED_REVIEW,22,J1-P22-S22,5c927061653b18dbc938,WORD_FRAGMENT,ذَرُ,C0005,C0002|C0003|C0004,2:234,COMPOSED_CANDIDATE_V2,Fragmen dua huruf dari corpus Al-Quran; objek tidak diulang
1,22,TWO_LETTER_MIXED_REVIEW,23,J1-P22-S23,0cfc3f70dc610618e4f8,WORD_FRAGMENT,تَأَ,C0006,C0002|C0003|C0004,2:203,COMPOSED_CANDIDATE_V2,Fragmen dua huruf dari corpus Al-Quran; objek tidak diulang
1,22,TWO_LETTER_MIXED_REVIEW,24,J1-P22-S24,f8aca2baee3d8abc30de,WORD_FRAGMENT,ذَرِ,C0005,C0002|C0003|C0004,6:70,COMPOSED_CANDIDATE_V2,Fragmen dua huruf dari corpus Al-Quran; objek tidak diulang
1,23,TWO_LETTER_MIXED_REVIEW,1,J1-P23-S01,c293363729fc8b57877a,WORD_FRAGMENT,ذَفَ,C0005,C0002|C0003|C0004,33:26,COMPOSED_CANDIDATE_V2,Fragmen dua huruf dari corpus Al-Quran; objek tidak diulang
1,23,TWO_LETTER_MIXED_REVIEW,2,J1-P23-S02,6de6767f4d1c42ab3002,WORD_FRAGMENT,تَؤُ,C0006,C0002|C0003|C0004,12:85,COMPOSED_CANDIDATE_V2,Fragmen dua huruf dari corpus Al-Quran; objek tidak diulang
1,23,TWO_LETTER_MIXED_REVIEW,3,J1-P23-S03,71abbdb8eb5f593ad346,WORD_FRAGMENT,ذَفُ,C0005,C0002|C0003|C0004,37:8,COMPOSED_CANDIDATE_V2,Fragmen dua huruf dari corpus Al-Quran; objek tidak diulang
1,23,TWO_LETTER_MIXED_REVIEW,4,J1-P23-S04,98b8e7e4e603dc3f7e67,WORD_FRAGMENT,تَئِ,C0006,C0002|C0003|C0004,11:36,COMPOSED_CANDIDATE_V2,Fragmen dua huruf dari corpus Al-Quran; objek tidak diulang
1,23,TWO_LETTER_MIXED_REVIEW,5,J1-P23-S05,277636e522597a3db6e7,WORD_FRAGMENT,ذَكَ,C0005,C0002|C0003|C0004,3:135,COMPOSED_CANDIDATE_V2,Fragmen dua huruf dari corpus Al-Quran; objek tidak diulang
1,23,TWO_LETTER_MIXED_REVIEW,6,J1-P23-S06,252926b08075e02bc3bd,WORD_FRAGMENT,تَبَ,C0006,C0002|C0003|C0004,2:79,COMPOSED_CANDIDATE_V2,Fragmen dua huruf dari corpus Al-Quran; objek tidak diulang
1,23,TWO_LETTER_MIXED_REVIEW,7,J1-P23-S07,d385f11635ae34bcd13a,WORD_FRAGMENT,ذَكُ,C0005,C0002|C0003|C0004,3:103,COMPOSED_CANDIDATE_V2,Fragmen dua huruf dari corpus Al-Quran; objek tidak diulang
1,23,TWO_LETTER_MIXED_REVIEW,8,J1-P23-S08,a68f4718f3fdb0cc74b8,WORD_FRAGMENT,تَبُ,C0006,C0002|C0003|C0004,5:29,COMPOSED_CANDIDATE_V2,Fragmen dua huruf dari corpus Al-Quran; objek tidak diulang
1,23,TWO_LETTER_MIXED_REVIEW,9,J1-P23-S09,7b3133abc328fbca204e,WORD_FRAGMENT,ذَلُ,C0005,C0002|C0003|C0004,2:71,COMPOSED_CANDIDATE_V2,Fragmen dua huruf dari corpus Al-Quran; objek tidak diulang
1,23,TWO_LETTER_MIXED_REVIEW,10,J1-P23-S10,020b653861916ea85a59,WORD_FRAGMENT,تَبِ,C0006,C0002|C0003|C0004,2:38,COMPOSED_CANDIDATE_V2,Fragmen dua huruf dari corpus Al-Quran; objek tidak diulang
1,23,TWO_LETTER_MIXED_REVIEW,11,J1-P23-S11,c6df417af61d651615ec,WORD_FRAGMENT,ذَلِ,C0005,C0002|C0003|C0004,16:70,COMPOSED_CANDIDATE_V2,Fragmen dua huruf dari corpus Al-Quran; objek tidak diulang
1,23,TWO_LETTER_MIXED_REVIEW,12,J1-P23-S12,c96431d9ec2e8bfeef6e,WORD_FRAGMENT,تَةَ,C0006,C0002|C0003|C0004,2:173,COMPOSED_CANDIDATE_V2,Fragmen dua huruf dari corpus Al-Quran; objek tidak diulang
1,23,TWO_LETTER_MIXED_REVIEW,13,J1-P23-S13,7929d252a8e1ead5f430,WORD_FRAGMENT,ذَنَ,C0005,C0002|C0003|C0004,7:123,COMPOSED_CANDIDATE_V2,Fragmen dua huruf dari corpus Al-Quran; objek tidak diulang
1,23,TWO_LETTER_MIXED_REVIEW,14,J1-P23-S14,0efde46a7b3920e55f5c,WORD_FRAGMENT,تَةُ,C0006,C0002|C0003|C0004,5:3,COMPOSED_CANDIDATE_V2,Fragmen dua huruf dari corpus Al-Quran; objek tidak diulang
1,23,TWO_LETTER_MIXED_REVIEW,15,J1-P23-S15,2e68bed65e863e0e18dd,WORD_FRAGMENT,ذَنُ,C0005,C0002|C0003|C0004,2:279,COMPOSED_CANDIDATE_V2,Fragmen dua huruf dari corpus Al-Quran; objek tidak diulang
1,23,TWO_LETTER_MIXED_REVIEW,16,J1-P23-S16,2326817098638f594be1,WORD_FRAGMENT,تَتَ,C0006,C0002|C0003|C0004,2:219,COMPOSED_CANDIDATE_V2,Fragmen dua huruf dari corpus Al-Quran; objek tidak diulang
1,23,TWO_LETTER_MIXED_REVIEW,17,J1-P23-S17,86308cea6faad1508dc6,WORD_FRAGMENT,ذَهَ,C0005,C0002|C0003|C0004,2:17,COMPOSED_CANDIDATE_V2,Fragmen dua huruf dari corpus Al-Quran; objek tidak diulang
1,23,TWO_LETTER_MIXED_REVIEW,18,J1-P23-S18,38272fc6f8f2f9f1b416,WORD_FRAGMENT,تَتُ,C0006,C0002|C0003|C0004,44:35,COMPOSED_CANDIDATE_V2,Fragmen dua huruf dari corpus Al-Quran; objek tidak diulang
1,23,TWO_LETTER_MIXED_REVIEW,19,J1-P23-S19,528091843a6e21d9ccb6,WORD_FRAGMENT,ذَهُ,C0005,C0002|C0003|C0004,2:100,COMPOSED_CANDIDATE_V2,Fragmen dua huruf dari corpus Al-Quran; objek tidak diulang
1,23,TWO_LETTER_MIXED_REVIEW,20,J1-P23-S20,28c36634bf08fbe16a10,WORD_FRAGMENT,تَتِ,C0006,C0002|C0003|C0004,28:15,COMPOSED_CANDIDATE_V2,Fragmen dua huruf dari corpus Al-Quran; objek tidak diulang
1,23,TWO_LETTER_MIXED_REVIEW,21,J1-P23-S21,7f58242c4c678d73e5fe,WORD_FRAGMENT,ذَوَ,C0005,C0002|C0003|C0004,5:95,COMPOSED_CANDIDATE_V2,Fragmen dua huruf dari corpus Al-Quran; objek tidak diulang
1,23,TWO_LETTER_MIXED_REVIEW,22,J1-P23-S22,12e6b0c75098167cdb19,WORD_FRAGMENT,تَثَ,C0006,C0002|C0003|C0004,82:2,COMPOSED_CANDIDATE_V2,Fragmen dua huruf dari corpus Al-Quran; objek tidak diulang
1,23,TWO_LETTER_MIXED_REVIEW,23,J1-P23-S23,b09565ef13e2270be0f1,WORD_FRAGMENT,ذَوِ,C0005,C0002|C0003|C0004,2:177,COMPOSED_CANDIDATE_V2,Fragmen dua huruf dari corpus Al-Quran; objek tidak diulang
1,23,TWO_LETTER_MIXED_REVIEW,24,J1-P23-S24,9664873d9883009e40c3,WORD_FRAGMENT,تَجَ,C0006,C0002|C0003|C0004,3:172,COMPOSED_CANDIDATE_V2,Fragmen dua huruf dari corpus Al-Quran; objek tidak diulang
1,24,TWO_LETTER_MIXED_REVIEW,1,J1-P24-S01,84cc923bd1ab8b774023,WORD_FRAGMENT,تَجُ,C0006,C0002|C0003|C0004,20:118,COMPOSED_CANDIDATE_V2,Fragmen dua huruf dari corpus Al-Quran; objek tidak diulang
1,24,TWO_LETTER_MIXED_REVIEW,2,J1-P24-S02,ee9359a9ba71d07e0e44,WORD_FRAGMENT,ذُبَ,C0005,C0002|C0003|C0004,22:73,COMPOSED_CANDIDATE_V2,Fragmen dua huruf dari corpus Al-Quran; objek tidak diulang
1,24,TWO_LETTER_MIXED_REVIEW,3,J1-P24-S03,39280f4f029f2204e0da,WORD_FRAGMENT,تَجِ,C0006,C0002|C0003|C0004,2:96,COMPOSED_CANDIDATE_V2,Fragmen dua huruf dari corpus Al-Quran; objek tidak diulang
1,24,TWO_LETTER_MIXED_REVIEW,4,J1-P24-S04,e643559c5fd79d15f592,WORD_FRAGMENT,ذُبِ,C0005,C0002|C0003|C0004,5:3,COMPOSED_CANDIDATE_V2,Fragmen dua huruf dari corpus Al-Quran; objek tidak diulang
1,24,TWO_LETTER_MIXED_REVIEW,5,J1-P24-S05,fe91f2b88b160453f257,WORD_FRAGMENT,تَحَ,C0006,C0002|C0003|C0004,2:76,COMPOSED_CANDIDATE_V2,Fragmen dua huruf dari corpus Al-Quran; objek tidak diulang
1,24,TWO_LETTER_MIXED_REVIEW,6,J1-P24-S06,d41b9380622d08c1ee4a,WORD_FRAGMENT,ذُرُ,C0005,C0002|C0003|C0004,10:101,COMPOSED_CANDIDATE_V2,Fragmen dua huruf dari corpus Al-Quran; objek tidak diulang
1,24,TWO_LETTER_MIXED_REVIEW,7,J1-P24-S07,fb90464a007c7f300496,WORD_FRAGMENT,تَحُ,C0006,C0002|C0003|C0004,3:152,COMPOSED_CANDIDATE_V2,Fragmen dua huruf dari corpus Al-Quran; objek tidak diulang
1,24,TWO_LETTER_MIXED_REVIEW,8,J1-P24-S08,6b24b1b6cd75aba0e82e,WORD_FRAGMENT,ذُرِ,C0005,C0002|C0003|C0004,53:56,COMPOSED_CANDIDATE_V2,Fragmen dua huruf dari corpus Al-Quran; objek tidak diulang
1,24,TWO_LETTER_MIXED_REVIEW,9,J1-P24-S09,50ac62fe2b7e74d283bd,WORD_FRAGMENT,تَحِ,C0006,C0002|C0003|C0004,2:230,COMPOSED_CANDIDATE_V2,Fragmen dua huruf dari corpus Al-Quran; objek tidak diulang
1,24,TWO_LETTER_MIXED_REVIEW,10,J1-P24-S10,29c4663e5f75c5ae6dc3,WORD_FRAGMENT,ذُكُ,C0005,C0002|C0003|C0004,2:225,COMPOSED_CANDIDATE_V2,Fragmen dua huruf dari corpus Al-Quran; objek tidak diulang
1,24,TWO_LETTER_MIXED_REVIEW,11,J1-P24-S11,5f2d8264627d359f36fd,WORD_FRAGMENT,تَخَ,C0006,C0002|C0003|C0004,2:275,COMPOSED_CANDIDATE_V2,Fragmen dua huruf dari corpus Al-Quran; objek tidak diulang
1,24,TWO_LETTER_MIXED_REVIEW,12,J1-P24-S12,cc3611693292951644e0,WORD_FRAGMENT,ذُكِ,C0005,C0002|C0003|C0004,6:118,COMPOSED_CANDIDATE_V2,Fragmen dua huruf dari corpus Al-Quran; objek tidak diulang
1,24,TWO_LETTER_MIXED_REVIEW,13,J1-P24-S13,1b67264ffb9f70adaded,WORD_FRAGMENT,تَخُ,C0006,C0002|C0003|C0004,8:27,COMPOSED_CANDIDATE_V2,Fragmen dua huruf dari corpus Al-Quran; objek tidak diulang
1,24,TWO_LETTER_MIXED_REVIEW,14,J1-P24-S14,d230f407aa5491ecc0e5,WORD_FRAGMENT,ذُلُ,C0005,C0002|C0003|C0004,16:69,COMPOSED_CANDIDATE_V2,Fragmen dua huruf dari corpus Al-Quran; objek tidak diulang
1,24,TWO_LETTER_MIXED_REVIEW,15,J1-P24-S15,481b9a9a27fbedcf8a0f,WORD_FRAGMENT,تَخِ,C0006,C0002|C0003|C0004,16:80,COMPOSED_CANDIDATE_V2,Fragmen dua huruf dari corpus Al-Quran; objek tidak diulang
1,24,TWO_LETTER_MIXED_REVIEW,16,J1-P24-S16,d5e23d9dadc710bd212b,WORD_FRAGMENT,ذُنَ,C0005,C0002|C0003|C0004,2:67,COMPOSED_CANDIDATE_V2,Fragmen dua huruf dari corpus Al-Quran; objek tidak diulang
1,24,TWO_LETTER_MIXED_REVIEW,17,J1-P24-S17,6be2aacf8f6d3a10320b,WORD_FRAGMENT,تَدَ,C0006,C0002|C0003|C0004,2:65,COMPOSED_CANDIDATE_V2,Fragmen dua huruf dari corpus Al-Quran; objek tidak diulang
1,24,TWO_LETTER_MIXED_REVIEW,18,J1-P24-S18,9a9ffa5f136c0b692a05,WORD_FRAGMENT,ذُنُ,C0005,C0002|C0003|C0004,3:11,COMPOSED_CANDIDATE_V2,Fragmen dua huruf dari corpus Al-Quran; objek tidak diulang
1,24,TWO_LETTER_MIXED_REVIEW,19,J1-P24-S19,85e73792a2247b200d05,WORD_FRAGMENT,تَدُ,C0006,C0002|C0003|C0004,2:53,COMPOSED_CANDIDATE_V2,Fragmen dua huruf dari corpus Al-Quran; objek tidak diulang
1,24,TWO_LETTER_MIXED_REVIEW,20,J1-P24-S20,8b38282c47edf83532b5,WORD_FRAGMENT,ذُنِ,C0005,C0002|C0003|C0004,5:45,COMPOSED_CANDIDATE_V2,Fragmen dua huruf dari corpus Al-Quran; objek tidak diulang
1,24,TWO_LETTER_MIXED_REVIEW,21,J1-P24-S21,e914defe20657a3ab0a7,WORD_FRAGMENT,تَدِ,C0006,C0002|C0003|C0004,2:16,COMPOSED_CANDIDATE_V2,Fragmen dua huruf dari corpus Al-Quran; objek tidak diulang
1,24,TWO_LETTER_MIXED_REVIEW,22,J1-P24-S22,a407ef56031f5725f7eb,WORD_FRAGMENT,ذُهَ,C0005,C0002|C0003|C0004,3:36,COMPOSED_CANDIDATE_V2,Fragmen dua huruf dari corpus Al-Quran; objek tidak diulang
1,24,TWO_LETTER_MIXED_REVIEW,23,J1-P24-S23,39e3765e1f438a3b0cf6,WORD_FRAGMENT,تَذَ,C0006,C0002|C0003|C0004,2:221,COMPOSED_CANDIDATE_V2,Fragmen dua huruf dari corpus Al-Quran; objek tidak diulang
1,24,TWO_LETTER_MIXED_REVIEW,24,J1-P24-S24,1c9ae5b30059729d1e6f,WORD_FRAGMENT,ذُهُ,C0005,C0002|C0003|C0004,2:255,COMPOSED_CANDIDATE_V2,Fragmen dua huruf dari corpus Al-Quran; objek tidak diulang
1,25,TWO_LETTER_MIXED_REVIEW,1,J1-P25-S01,b49ba89f40cbfcbd968b,WORD_FRAGMENT,ذِبَ,C0005,C0002|C0003|C0004,3:75,COMPOSED_CANDIDATE_V2,Fragmen dua huruf dari corpus Al-Quran; objek tidak diulang
1,25,TWO_LETTER_MIXED_REVIEW,2,J1-P25-S02,e87b190cffbdec348053,WORD_FRAGMENT,تَذُ,C0006,C0002|C0003|C0004,16:94,COMPOSED_CANDIDATE_V2,Fragmen dua huruf dari corpus Al-Quran; objek tidak diulang
1,25,TWO_LETTER_MIXED_REVIEW,3,J1-P25-S03,5475f3825936e717cb5a,WORD_FRAGMENT,ذِبُ,C0005,C0002|C0003|C0004,2:10,COMPOSED_CANDIDATE_V2,Fragmen dua huruf dari corpus Al-Quran; objek tidak diulang
1,25,TWO_LETTER_MIXED_REVIEW,4,J1-P25-S04,9735c5cac6149a3c63b8,WORD_FRAGMENT,تَذِ,C0006,C0002|C0003|C0004,9:66,COMPOSED_CANDIDATE_V2,Fragmen dua huruf dari corpus Al-Quran; objek tidak diulang
1,25,TWO_LETTER_MIXED_REVIEW,5,J1-P25-S05,f99a2918982c59005df6,WORD_FRAGMENT,ذِبِ,C0005,C0002|C0003|C0004,3:61,COMPOSED_CANDIDATE_V2,Fragmen dua huruf dari corpus Al-Quran; objek tidak diulang
1,25,TWO_LETTER_MIXED_REVIEW,6,J1-P25-S06,1cb68f6697eb8d1588e9,WORD_FRAGMENT,تَرَ,C0006,C0002|C0003|C0004,2:16,COMPOSED_CANDIDATE_V2,Fragmen dua huruf dari corpus Al-Quran; objek tidak diulang
1,25,TWO_LETTER_MIXED_REVIEW,7,J1-P25-S07,fc30796f7b116497f0b1,WORD_FRAGMENT,ذِرَ,C0005,C0002|C0003|C0004,6:19,COMPOSED_CANDIDATE_V2,Fragmen dua huruf dari corpus Al-Quran; objek tidak diulang
1,25,TWO_LETTER_MIXED_REVIEW,8,J1-P25-S08,767fdfc006090523f679,WORD_FRAGMENT,تَرُ,C0006,C0002|C0003|C0004,2:41,COMPOSED_CANDIDATE_V2,Fragmen dua huruf dari corpus Al-Quran; objek tidak diulang
1,25,TWO_LETTER_MIXED_REVIEW,9,J1-P25-S09,e1fb98eabc8dd8cd4be9,WORD_FRAGMENT,ذِرُ,C0005,C0002|C0003|C0004,6:130,COMPOSED_CANDIDATE_V2,Fragmen dua huruf dari corpus Al-Quran; objek tidak diulang
1,25,TWO_LETTER_MIXED_REVIEW,10,J1-P25-S10,de08b440f8fdee5c1d47,WORD_FRAGMENT,تَرِ,C0006,C0002|C0003|C0004,2:147,COMPOSED_CANDIDATE_V2,Fragmen dua huruf dari corpus Al-Quran; objek tidak diulang
1,25,TWO_LETTER_MIXED_REVIEW,11,J1-P25-S11,be5b83f223c5c523512b,WORD_FRAGMENT,ذِرِ,C0005,C0002|C0003|C0004,2:213,COMPOSED_CANDIDATE_V2,Fragmen dua huruf dari corpus Al-Quran; objek tidak diulang
1,25,TWO_LETTER_MIXED_REVIEW,12,J1-P25-S12,783aa4d78e14231635c0,WORD_FRAGMENT,تَزَ,C0006,C0002|C0003|C0004,2:197,COMPOSED_CANDIDATE_V2,Fragmen dua huruf dari corpus Al-Quran; objek tidak diulang
1,25,TWO_LETTER_MIXED_REVIEW,13,J1-P25-S13,8597c061045449bc3061,WORD_FRAGMENT,ذِفُ,C0005,C0002|C0003|C0004,21:18,COMPOSED_CANDIDATE_V2,Fragmen dua huruf dari corpus Al-Quran; objek tidak diulang
1,25,TWO_LETTER_MIXED_REVIEW,14,J1-P25-S14,6a8f9fb3bf00dbabe1ff,WORD_FRAGMENT,تَزُ,C0006,C0002|C0003|C0004,14:46,COMPOSED_CANDIDATE_V2,Fragmen dua huruf dari corpus Al-Quran; objek tidak diulang
1,25,TWO_LETTER_MIXED_REVIEW,15,J1-P25-S15,46e30afb985229780c88,WORD_FRAGMENT,ذِفِ,C0005,C0002|C0003|C0004,20:39,COMPOSED_CANDIDATE_V2,Fragmen dua huruf dari corpus Al-Quran; objek tidak diulang
1,25,TWO_LETTER_MIXED_REVIEW,16,J1-P25-S16,3cadf7bfe88e577fe034,WORD_FRAGMENT,تَزِ,C0006,C0002|C0003|C0004,2:222,COMPOSED_CANDIDATE_V2,Fragmen dua huruf dari corpus Al-Quran; objek tidak diulang
1,25,TWO_LETTER_MIXED_REVIEW,17,J1-P25-S17,e56d14aa685aa83afc81,WORD_FRAGMENT,ذِكُ,C0005,C0002|C0003|C0004,2:54,COMPOSED_CANDIDATE_V2,Fragmen dua huruf dari corpus Al-Quran; objek tidak diulang
1,25,TWO_LETTER_MIXED_REVIEW,18,J1-P25-S18,05b934ddaca183a9c5c9,WORD_FRAGMENT,تَسَ,C0006,C0002|C0003|C0004,2:259,COMPOSED_CANDIDATE_V2,Fragmen dua huruf dari corpus Al-Quran; objek tidak diulang
1,25,TWO_LETTER_MIXED_REVIEW,19,J1-P25-S19,38a09831a153119631b9,WORD_FRAGMENT,ذِلُ,C0005,C0002|C0003|C0004,11:27,COMPOSED_CANDIDATE_V2,Fragmen dua huruf dari corpus Al-Quran; objek tidak diulang
1,25,TWO_LETTER_MIXED_REVIEW,20,J1-P25-S20,a090152511a11e176e8d,WORD_FRAGMENT,تَسُ,C0006,C0002|C0003|C0004,2:69,COMPOSED_CANDIDATE_V2,Fragmen dua huruf dari corpus Al-Quran; objek tidak diulang
1,25,TWO_LETTER_MIXED_REVIEW,21,J1-P25-S21,e57730cbc90916bd09ed,WORD_FRAGMENT,ذِمَ,C0005,C0002|C0003|C0004,26:54,COMPOSED_CANDIDATE_V2,Fragmen dua huruf dari corpus Al-Quran; objek tidak diulang
1,25,TWO_LETTER_MIXED_REVIEW,22,J1-P25-S22,d138509faaabcd321aab,WORD_FRAGMENT,تَسِ,C0006,C0002|C0003|C0004,4:43,COMPOSED_CANDIDATE_V2,Fragmen dua huruf dari corpus Al-Quran; objek tidak diulang
1,25,TWO_LETTER_MIXED_REVIEW,23,J1-P25-S23,acbe031db53e1fd30fde,WORD_FRAGMENT,ذِنَ,C0005,C0002|C0003|C0004,10:59,COMPOSED_CANDIDATE_V2,Fragmen dua huruf dari corpus Al-Quran; objek tidak diulang
1,25,TWO_LETTER_MIXED_REVIEW,24,J1-P25-S24,fae48d5ee3f87b0d2514,WORD_FRAGMENT,تَشَ,C0006,C0002|C0003|C0004,2:233,COMPOSED_CANDIDATE_V2,Fragmen dua huruf dari corpus Al-Quran; objek tidak diulang
1,26,TWO_LETTER_MIXED_REVIEW,1,J1-P26-S01,a754258f3f24b2a9c906,WORD_FRAGMENT,تَشِ,C0006,C0002|C0003|C0004,24:19,COMPOSED_CANDIDATE_V2,Fragmen dua huruf dari corpus Al-Quran; objek tidak diulang
1,26,TWO_LETTER_MIXED_REVIEW,2,J1-P26-S02,de2e00e0bcf2ad28ad32,WORD_FRAGMENT,ذِنُ,C0005,C0002|C0003|C0004,9:44,COMPOSED_CANDIDATE_V2,Fragmen dua huruf dari corpus Al-Quran; objek tidak diulang
1,26,TWO_LETTER_MIXED_REVIEW,3,J1-P26-S03,c0d4a1fe6cd75865cc18,WORD_FRAGMENT,تَصَ,C0006,C0002|C0003|C0004,2:280,COMPOSED_CANDIDATE_V2,Fragmen dua huruf dari corpus Al-Quran; objek tidak diulang
1,26,TWO_LETTER_MIXED_REVIEW,4,J1-P26-S04,8473af935756bd077794,WORD_FRAGMENT,ذِهِ,C0005,C0002|C0003|C0004,2:35,COMPOSED_CANDIDATE_V2,Fragmen dua huruf dari corpus Al-Quran; objek tidak diulang
1,26,TWO_LETTER_MIXED_REVIEW,5,J1-P26-S05,294f390cc2bc96595da9,WORD_FRAGMENT,تَصُ,C0006,C0002|C0003|C0004,2:184,COMPOSED_CANDIDATE_V2,Fragmen dua huruf dari corpus Al-Quran; objek tidak diulang
1,26,TWO_LETTER_MIXED_REVIEW,6,J1-P26-S06,02df9682a790d186426a,WORD_FRAGMENT,ذِىَ,C0005,C0002|C0003|C0004,29:10,COMPOSED_CANDIDATE_V2,Fragmen dua huruf dari corpus Al-Quran; objek tidak diulang
1,26,TWO_LETTER_MIXED_REVIEW,7,J1-P26-S07,1de61d6c4a777ead7ee8,WORD_FRAGMENT,تَصِ,C0006,C0002|C0003|C0004,3:44,COMPOSED_CANDIDATE_V2,Fragmen dua huruf dari corpus Al-Quran; objek tidak diulang
1,26,TWO_LETTER_MIXED_REVIEW,8,J1-P26-S08,68d34e486c38e7df839e,WORD_FRAGMENT,رَءَ,C0005,C0002|C0003|C0004,6:40,COMPOSED_CANDIDATE_V2,Fragmen dua huruf dari corpus Al-Quran; objek tidak diulang
1,26,TWO_LETTER_MIXED_REVIEW,9,J1-P26-S09,0b6ebd7cb47a3d34d7e2,WORD_FRAGMENT,تَضَ,C0006,C0002|C0003|C0004,4:102,COMPOSED_CANDIDATE_V2,Fragmen dua huruf dari corpus Al-Quran; objek tidak diulang
1,26,TWO_LETTER_MIXED_REVIEW,10,J1-P26-S10,e30fe198a4628a7e2650,WORD_FRAGMENT,رَءُ,C0005,C0002|C0003|C0004,2:143,COMPOSED_CANDIDATE_V2,Fragmen dua huruf dari corpus Al-Quran; objek tidak diulang
1,26,TWO_LETTER_MIXED_REVIEW,11,J1-P26-S11,ac36d12ab942b222f772,WORD_FRAGMENT,تَضُ,C0006,C0002|C0003|C0004,9:39,COMPOSED_CANDIDATE_V2,Fragmen dua huruf dari corpus Al-Quran; objek tidak diulang
1,26,TWO_LETTER_MIXED_REVIEW,12,J1-P26-S12,8c4635b097e41b03092f,WORD_FRAGMENT,رَأَ,C0005,C0002|C0003|C0004,2:166,COMPOSED_CANDIDATE_V2,Fragmen dua huruf dari corpus Al-Quran; objek tidak diulang
1,26,TWO_LETTER_MIXED_REVIEW,13,J1-P26-S13,d1fc727cd940a402c25f,WORD_FRAGMENT,تَضِ,C0006,C0002|C0003|C0004,2:282,COMPOSED_CANDIDATE_V2,Fragmen dua huruf dari corpus Al-Quran; objek tidak diulang
1,26,TWO_LETTER_MIXED_REVIEW,14,J1-P26-S14,48ddc3b0c4b8eab3c07b,WORD_FRAGMENT,رَؤُ,C0005,C0002|C0003|C0004,17:93,COMPOSED_CANDIDATE_V2,Fragmen dua huruf dari corpus Al-Quran; objek tidak diulang
1,26,TWO_LETTER_MIXED_REVIEW,15,J1-P26-S15,cd2e7759b6e706367b8b,WORD_FRAGMENT,تَطَ,C0006,C0002|C0003|C0004,2:158,COMPOSED_CANDIDATE_V2,Fragmen dua huruf dari corpus Al-Quran; objek tidak diulang
1,26,TWO_LETTER_MIXED_REVIEW,16,J1-P26-S16,1216acbf7c8a475508c5,WORD_FRAGMENT,رَبَ,C0005,C0002|C0003|C0004,2:35,COMPOSED_CANDIDATE_V2,Fragmen dua huruf dari corpus Al-Quran; objek tidak diulang
1,26,TWO_LETTER_MIXED_REVIEW,17,J1-P26-S17,295d497b782f05ace537,WORD_FRAGMENT,تَطِ,C0006,C0002|C0003|C0004,2:273,COMPOSED_CANDIDATE_V2,Fragmen dua huruf dari corpus Al-Quran; objek tidak diulang
1,26,TWO_LETTER_MIXED_REVIEW,18,J1-P26-S18,2c61dafae6973bb564d3,WORD_FRAGMENT,رَبُ,C0005,C0002|C0003|C0004,2:60,COMPOSED_CANDIDATE_V2,Fragmen dua huruf dari corpus Al-Quran; objek tidak diulang
1,26,TWO_LETTER_MIXED_REVIEW,19,J1-P26-S19,0823b0a99a919bf5e6f2,WORD_FRAGMENT,تَظُ,C0006,C0002|C0003|C0004,17:52,COMPOSED_CANDIDATE_V2,Fragmen dua huruf dari corpus Al-Quran; objek tidak diulang
1,26,TWO_LETTER_MIXED_REVIEW,20,J1-P26-S20,cfad345f610806f0ddf9,WORD_FRAGMENT,رَبِ,C0005,C0002|C0003|C0004,2:16,COMPOSED_CANDIDATE_V2,Fragmen dua huruf dari corpus Al-Quran; objek tidak diulang
1,26,TWO_LETTER_MIXED_REVIEW,21,J1-P26-S21,d49ae19e6edb34c8ba89,WORD_FRAGMENT,تَظِ,C0006,C0002|C0003|C0004,6:158,COMPOSED_CANDIDATE_V2,Fragmen dua huruf dari corpus Al-Quran; objek tidak diulang
1,26,TWO_LETTER_MIXED_REVIEW,22,J1-P26-S22,1cc9c9e3d546a8fe9e9b,WORD_FRAGMENT,رَةَ,C0005,C0002|C0003|C0004,2:35,COMPOSED_CANDIDATE_V2,Fragmen dua huruf dari corpus Al-Quran; objek tidak diulang
1,26,TWO_LETTER_MIXED_REVIEW,23,J1-P26-S23,65f44387d63d51c13680,WORD_FRAGMENT,تَعَ,C0006,C0002|C0003|C0004,2:102,COMPOSED_CANDIDATE_V2,Fragmen dua huruf dari corpus Al-Quran; objek tidak diulang
1,26,TWO_LETTER_MIXED_REVIEW,24,J1-P26-S24,d71e4390877bb4411f55,WORD_FRAGMENT,رَةُ,C0005,C0002|C0003|C0004,2:24,COMPOSED_CANDIDATE_V2,Fragmen dua huruf dari corpus Al-Quran; objek tidak diulang
1,27,TWO_LETTER_MIXED_REVIEW,1,J1-P27-S01,69287b68c88d74a4e0df,WORD_FRAGMENT,رَةِ,C0005,C0002|C0003|C0004,2:4,COMPOSED_CANDIDATE_V2,Fragmen dua huruf dari corpus Al-Quran; objek tidak diulang
1,27,TWO_LETTER_MIXED_REVIEW,2,J1-P27-S02,919c1d01b3c4b88357fd,WORD_FRAGMENT,تَعُ,C0006,C0002|C0003|C0004,4:3,COMPOSED_CANDIDATE_V2,Fragmen dua huruf dari corpus Al-Quran; objek tidak diulang
1,27,TWO_LETTER_MIXED_REVIEW,3,J1-P27-S03,1b7c5bd3d440d2fd5ad9,WORD_FRAGMENT,رَتَ,C0005,C0002|C0003|C0004,6:31,COMPOSED_CANDIDATE_V2,Fragmen dua huruf dari corpus Al-Quran; objek tidak diulang
1,27,TWO_LETTER_MIXED_REVIEW,4,J1-P27-S04,6aa8cb3785c75f594b84,WORD_FRAGMENT,تَعِ,C0006,C0002|C0003|C0004,1:5,COMPOSED_CANDIDATE_V2,Fragmen dua huruf dari corpus Al-Quran; objek tidak diulang
1,27,TWO_LETTER_MIXED_REVIEW,5,J1-P27-S05,72b0e1de592f1512c5f8,WORD_FRAGMENT,رَتُ,C0005,C0002|C0003|C0004,2:16,COMPOSED_CANDIDATE_V2,Fragmen dua huruf dari corpus Al-Quran; objek tidak diulang
1,27,TWO_LETTER_MIXED_REVIEW,6,J1-P27-S06,1f61d89ee9d5b5daabf7,WORD_FRAGMENT,تَغَ,C0006,C0002|C0003|C0004,7:189,COMPOSED_CANDIDATE_V2,Fragmen dua huruf dari corpus Al-Quran; objek tidak diulang
1,27,TWO_LETTER_MIXED_REVIEW,7,J1-P27-S07,fd3068883b0b6fe9196f,WORD_FRAGMENT,رَتِ,C0005,C0002|C0003|C0004,4:128,COMPOSED_CANDIDATE_V2,Fragmen dua huruf dari corpus Al-Quran; objek tidak diulang
1,27,TWO_LETTER_MIXED_REVIEW,8,J1-P27-S08,ddd8d2c5567e4a7d22db,WORD_FRAGMENT,تَغُ,C0006,C0002|C0003|C0004,2:187,COMPOSED_CANDIDATE_V2,Fragmen dua huruf dari corpus Al-Quran; objek tidak diulang
1,27,TWO_LETTER_MIXED_REVIEW,9,J1-P27-S09,6513abf200c88940a2ba,WORD_FRAGMENT,رَثَ,C0005,C0002|C0003|C0004,26:85,COMPOSED_CANDIDATE_V2,Fragmen dua huruf dari corpus Al-Quran; objek tidak diulang
1,27,TWO_LETTER_MIXED_REVIEW,10,J1-P27-S10,2856fdf52d54fdf33e0c,WORD_FRAGMENT,تَغِ,C0006,C0002|C0003|C0004,3:85,COMPOSED_CANDIDATE_V2,Fragmen dua huruf dari corpus Al-Quran; objek tidak diulang
1,27,TWO_LETTER_MIXED_REVIEW,11,J1-P27-S11,51e177485c1c9c8f40b6,WORD_FRAGMENT,رَثُ,C0005,C0002|C0003|C0004,4:12,COMPOSED_CANDIDATE_V2,Fragmen dua huruf dari corpus Al-Quran; objek tidak diulang
1,27,TWO_LETTER_MIXED_REVIEW,12,J1-P27-S12,ba8e9923e9712abbf988,WORD_FRAGMENT,تَفَ,C0006,C0002|C0003|C0004,2:74,COMPOSED_CANDIDATE_V2,Fragmen dua huruf dari corpus Al-Quran; objek tidak diulang
1,27,TWO_LETTER_MIXED_REVIEW,13,J1-P27-S13,4085aa306fb125f2313f,WORD_FRAGMENT,رَجَ,C0005,C0002|C0003|C0004,2:22,COMPOSED_CANDIDATE_V2,Fragmen dua huruf dari corpus Al-Quran; objek tidak diulang
1,27,TWO_LETTER_MIXED_REVIEW,14,J1-P27-S14,6b76c1a97906d90098b4,WORD_FRAGMENT,تَفُ,C0006,C0002|C0003|C0004,67:7,COMPOSED_CANDIDATE_V2,Fragmen dua huruf dari corpus Al-Quran; objek tidak diulang
1,27,TWO_LETTER_MIXED_REVIEW,15,J1-P27-S15,f379bc40a18d974cd23c,WORD_FRAGMENT,رَجُ,C0005,C0002|C0003|C0004,2:191,COMPOSED_CANDIDATE_V2,Fragmen dua huruf dari corpus Al-Quran; objek tidak diulang
1,27,TWO_LETTER_MIXED_REVIEW,16,J1-P27-S16,35b35217ea53001c5347,WORD_FRAGMENT,تَفِ,C0006,C0002|C0003|C0004,5:83,COMPOSED_CANDIDATE_V2,Fragmen dua huruf dari corpus Al-Quran; objek tidak diulang
1,27,TWO_LETTER_MIXED_REVIEW,17,J1-P27-S17,fd9e7e2d6552f06513f8,WORD_FRAGMENT,رَجِ,C0005,C0002|C0003|C0004,15:34,COMPOSED_CANDIDATE_V2,Fragmen dua huruf dari corpus Al-Quran; objek tidak diulang
1,27,TWO_LETTER_MIXED_REVIEW,18,J1-P27-S18,b98970ef9598de9d9eb4,WORD_FRAGMENT,تَقَ,C0006,C0002|C0003|C0004,2:36,COMPOSED_CANDIDATE_V2,Fragmen dua huruf dari corpus Al-Quran; objek tidak diulang
1,27,TWO_LETTER_MIXED_REVIEW,19,J1-P27-S19,d24ff358201a6c1302c6,WORD_FRAGMENT,رَحَ,C0005,C0002|C0003|C0004,12:80,COMPOSED_CANDIDATE_V2,Fragmen dua huruf dari corpus Al-Quran; objek tidak diulang
1,27,TWO_LETTER_MIXED_REVIEW,20,J1-P27-S20,3915a3bd375167bcc6c8,WORD_FRAGMENT,تَقُ,C0006,C0002|C0003|C0004,2:80,COMPOSED_CANDIDATE_V2,Fragmen dua huruf dari corpus Al-Quran; objek tidak diulang
1,27,TWO_LETTER_MIXED_REVIEW,21,J1-P27-S21,1afddfd7ca3f39aff306,WORD_FRAGMENT,رَحُ,C0005,C0002|C0003|C0004,3:120,COMPOSED_CANDIDATE_V2,Fragmen dua huruf dari corpus Al-Quran; objek tidak diulang
1,27,TWO_LETTER_MIXED_REVIEW,22,J1-P27-S22,c65d3d7969d7b66c3861,WORD_FRAGMENT,تَقِ,C0006,C0002|C0003|C0004,1:6,COMPOSED_CANDIDATE_V2,Fragmen dua huruf dari corpus Al-Quran; objek tidak diulang
1,27,TWO_LETTER_MIXED_REVIEW,23,J1-P27-S23,cfe6078a95c3529d1a18,WORD_FRAGMENT,رَحِ,C0005,C0002|C0003|C0004,4:29,COMPOSED_CANDIDATE_V2,Fragmen dua huruf dari corpus Al-Quran; objek tidak diulang
1,27,TWO_LETTER_MIXED_REVIEW,24,J1-P27-S24,17f1c3d5b636ef11c833,WORD_FRAGMENT,تَكَ,C0006,C0002|C0003|C0004,2:145,COMPOSED_CANDIDATE_V2,Fragmen dua huruf dari corpus Al-Quran; objek tidak diulang
1,28,TWO_LETTER_MIXED_REVIEW,1,J1-P28-S01,a3bb08e4d107f8fe6a10,WORD_FRAGMENT,تَكُ,C0006,C0002|C0003|C0004,2:35,COMPOSED_CANDIDATE_V2,Fragmen dua huruf dari corpus Al-Quran; objek tidak diulang
1,28,TWO_LETTER_MIXED_REVIEW,2,J1-P28-S02,b01d44eeb1823de4ff20,WORD_FRAGMENT,رَدَ,C0005,C0002|C0003|C0004,2:65,COMPOSED_CANDIDATE_V2,Fragmen dua huruf dari corpus Al-Quran; objek tidak diulang
1,28,TWO_LETTER_MIXED_REVIEW,3,J1-P28-S03,440ee64a0a578fa78c7b,WORD_FRAGMENT,تَكِ,C0006,C0002|C0003|C0004,19:24,COMPOSED_CANDIDATE_V2,Fragmen dua huruf dari corpus Al-Quran; objek tidak diulang
1,28,TWO_LETTER_MIXED_REVIEW,4,J1-P28-S04,381783e2782362abe649,WORD_FRAGMENT,رَدُ,C0005,C0002|C0003|C0004,9:101,COMPOSED_CANDIDATE_V2,Fragmen dua huruf dari corpus Al-Quran; objek tidak diulang
1,28,TWO_LETTER_MIXED_REVIEW,5,J1-P28-S05,76e611b90ebd23d6ba00,WORD_FRAGMENT,تَلَ,C0006,C0002|C0003|C0004,2:37,COMPOSED_CANDIDATE_V2,Fragmen dua huruf dari corpus Al-Quran; objek tidak diulang
1,28,TWO_LETTER_MIXED_REVIEW,6,J1-P28-S06,4eb669b0c44051a862c4,WORD_FRAGMENT,رَدِ,C0005,C0002|C0003|C0004,27:72,COMPOSED_CANDIDATE_V2,Fragmen dua huruf dari corpus Al-Quran; objek tidak diulang
1,28,TWO_LETTER_MIXED_REVIEW,7,J1-P28-S07,59b993c3fd6a5464c588,WORD_FRAGMENT,تَلُ,C0006,C0002|C0003|C0004,2:154,COMPOSED_CANDIDATE_V2,Fragmen dua huruf dari corpus Al-Quran; objek tidak diulang
1,28,TWO_LETTER_MIXED_REVIEW,8,J1-P28-S08,144f5113187cc066f3d9,WORD_FRAGMENT,رَرَ,C0005,C0002|C0003|C0004,80:16,COMPOSED_CANDIDATE_V2,Fragmen dua huruf dari corpus Al-Quran; objek tidak diulang
1,28,TWO_LETTER_MIXED_REVIEW,9,J1-P28-S09,cb4463174c4e594cb90c,WORD_FRAGMENT,تَلِ,C0006,C0002|C0003|C0004,2:113,COMPOSED_CANDIDATE_V2,Fragmen dua huruf dari corpus Al-Quran; objek tidak diulang
1,28,TWO_LETTER_MIXED_REVIEW,10,J1-P28-S10,7ab8b80217c7d410a48d,WORD_FRAGMENT,رَرِ,C0005,C0002|C0003|C0004,4:95,COMPOSED_CANDIDATE_V2,Fragmen dua huruf dari corpus Al-Quran; objek tidak diulang
1,28,TWO_LETTER_MIXED_REVIEW,11,J1-P28-S11,b63a7e5f09dacb9d02f3,WORD_FRAGMENT,تَمَ,C0006,C0002|C0003|C0004,2:7,COMPOSED_CANDIDATE_V2,Fragmen dua huruf dari corpus Al-Quran; objek tidak diulang
1,28,TWO_LETTER_MIXED_REVIEW,12,J1-P28-S12,02c76090aef68d849ba6,WORD_FRAGMENT,رَزَ,C0005,C0002|C0003|C0004,2:3,COMPOSED_CANDIDATE_V2,Fragmen dua huruf dari corpus Al-Quran; objek tidak diulang
1,28,TWO_LETTER_MIXED_REVIEW,13,J1-P28-S13,4c1e4352f3346fc0b4b1,WORD_FRAGMENT,تَمُ,C0006,C0002|C0003|C0004,2:132,COMPOSED_CANDIDATE_V2,Fragmen dua huruf dari corpus Al-Quran; objek tidak diulang
1,28,TWO_LETTER_MIXED_REVIEW,14,J1-P28-S14,d96b8a40961d7db70366,WORD_FRAGMENT,رَزُ,C0005,C0002|C0003|C0004,2:250,COMPOSED_CANDIDATE_V2,Fragmen dua huruf dari corpus Al-Quran; objek tidak diulang
1,28,TWO_LETTER_MIXED_REVIEW,15,J1-P28-S15,8dd4ccddb7534601fbe1,WORD_FRAGMENT,تَمِ,C0006,C0002|C0003|C0004,4:27,COMPOSED_CANDIDATE_V2,Fragmen dua huruf dari corpus Al-Quran; objek tidak diulang
1,28,TWO_LETTER_MIXED_REVIEW,16,J1-P28-S16,ba4203bb9bfd67e44a8e,WORD_FRAGMENT,رَسُ,C0005,C0002|C0003|C0004,2:87,COMPOSED_CANDIDATE_V2,Fragmen dua huruf dari corpus Al-Quran; objek tidak diulang
1,28,TWO_LETTER_MIXED_REVIEW,17,J1-P28-S17,bb1d51427aab01773761,WORD_FRAGMENT,تَنَ,C0006,C0002|C0003|C0004,2:32,COMPOSED_CANDIDATE_V2,Fragmen dua huruf dari corpus Al-Quran; objek tidak diulang
1,28,TWO_LETTER_MIXED_REVIEW,18,J1-P28-S18,e86bff9a67bc5449724e,WORD_FRAGMENT,رَشَ,C0005,C0002|C0003|C0004,18:10,COMPOSED_CANDIDATE_V2,Fragmen dua huruf dari corpus Al-Quran; objek tidak diulang
1,28,TWO_LETTER_MIXED_REVIEW,19,J1-P28-S19,907f4eca76b6cc25185b,WORD_FRAGMENT,تَنُ,C0006,C0002|C0003|C0004,9:126,COMPOSED_CANDIDATE_V2,Fragmen dua huruf dari corpus Al-Quran; objek tidak diulang
1,28,TWO_LETTER_MIXED_REVIEW,20,J1-P28-S20,14694c79a31c9c255d9b,WORD_FRAGMENT,رَشِ,C0005,C0002|C0003|C0004,11:97,COMPOSED_CANDIDATE_V2,Fragmen dua huruf dari corpus Al-Quran; objek tidak diulang
1,28,TWO_LETTER_MIXED_REVIEW,21,J1-P28-S21,8deaff75b99939499525,WORD_FRAGMENT,تَنِ,C0006,C0002|C0003|C0004,4:31,COMPOSED_CANDIDATE_V2,Fragmen dua huruf dari corpus Al-Quran; objek tidak diulang
1,28,TWO_LETTER_MIXED_REVIEW,22,J1-P28-S22,7dbffa71fae2871c3aca,WORD_FRAGMENT,رَصَ,C0005,C0002|C0003|C0004,2:96,COMPOSED_CANDIDATE_V2,Fragmen dua huruf dari corpus Al-Quran; objek tidak diulang
1,28,TWO_LETTER_MIXED_REVIEW,23,J1-P28-S23,b41b71c8de00a453cc18,WORD_FRAGMENT,تَهَ,C0006,C0002|C0003|C0004,2:192,COMPOSED_CANDIDATE_V2,Fragmen dua huruf dari corpus Al-Quran; objek tidak diulang
1,28,TWO_LETTER_MIXED_REVIEW,24,J1-P28-S24,ef39dbd785dd57e3c084,WORD_FRAGMENT,رَضَ,C0005,C0002|C0003|C0004,2:31,COMPOSED_CANDIDATE_V2,Fragmen dua huruf dari corpus Al-Quran; objek tidak diulang
1,29,TWO_LETTER_MIXED_REVIEW,1,J1-P29-S01,9308b003a7b9e05869f3,WORD_FRAGMENT,رَضُ,C0005,C0002|C0003|C0004,5:119,COMPOSED_CANDIDATE_V2,Fragmen dua huruf dari corpus Al-Quran; objek tidak diulang
1,29,TWO_LETTER_MIXED_REVIEW,2,J1-P29-S02,ce41b0f6fb7053103cce,WORD_FRAGMENT,تَهُ,C0006,C0002|C0003|C0004,2:6,COMPOSED_CANDIDATE_V2,Fragmen dua huruf dari corpus Al-Quran; objek tidak diulang
1,29,TWO_LETTER_MIXED_REVIEW,3,J1-P29-S03,a820461bbb3a9ddea5cd,WORD_FRAGMENT,رَضِ,C0005,C0002|C0003|C0004,5:3,COMPOSED_CANDIDATE_V2,Fragmen dua huruf dari corpus Al-Quran; objek tidak diulang
1,29,TWO_LETTER_MIXED_REVIEW,4,J1-P29-S04,1e22bc061be34dc66bd5,WORD_FRAGMENT,تَهِ,C0006,C0002|C0003|C0004,3:61,COMPOSED_CANDIDATE_V2,Fragmen dua huruf dari corpus Al-Quran; objek tidak diulang
1,29,TWO_LETTER_MIXED_REVIEW,5,J1-P29-S05,107a1492ce2fd542b575,WORD_FRAGMENT,رَطُ,C0005,C0002|C0003|C0004,16:62,COMPOSED_CANDIDATE_V2,Fragmen dua huruf dari corpus Al-Quran; objek tidak diulang
1,29,TWO_LETTER_MIXED_REVIEW,6,J1-P29-S06,7902503d1d3515b86a69,WORD_FRAGMENT,تَوَ,C0006,C0002|C0003|C0004,2:29,COMPOSED_CANDIDATE_V2,Fragmen dua huruf dari corpus Al-Quran; objek tidak diulang
1,29,TWO_LETTER_MIXED_REVIEW,7,J1-P29-S07,a4606b707447c84d3cb7,WORD_FRAGMENT,رَعَ,C0005,C0002|C0003|C0004,42:13,COMPOSED_CANDIDATE_V2,Fragmen dua huruf dari corpus Al-Quran; objek tidak diulang
1,29,TWO_LETTER_MIXED_REVIEW,8,J1-P29-S08,901b6fee1cfe11b49c4d,WORD_FRAGMENT,تَوُ,C0006,C0002|C0003|C0004,2:277,COMPOSED_CANDIDATE_V2,Fragmen dua huruf dari corpus Al-Quran; objek tidak diulang
1,29,TWO_LETTER_MIXED_REVIEW,9,J1-P29-S09,65726c298913fa4b8997,WORD_FRAGMENT,رَعُ,C0005,C0002|C0003|C0004,6:62,COMPOSED_CANDIDATE_V2,Fragmen dua huruf dari corpus Al-Quran; objek tidak diulang
1,29,TWO_LETTER_MIXED_REVIEW,10,J1-P29-S10,aed4f727fa80c91f4f4a,WORD_FRAGMENT,تَوِ,C0006,C0002|C0003|C0004,4:95,COMPOSED_CANDIDATE_V2,Fragmen dua huruf dari corpus Al-Quran; objek tidak diulang
1,29,TWO_LETTER_MIXED_REVIEW,11,J1-P29-S11,6586889058fde4e763ca,WORD_FRAGMENT,رَغَ,C0005,C0002|C0003|C0004,2:35,COMPOSED_CANDIDATE_V2,Fragmen dua huruf dari corpus Al-Quran; objek tidak diulang
1,29,TWO_LETTER_MIXED_REVIEW,12,J1-P29-S12,8919a49559193a4b57b4,WORD_FRAGMENT,تَيَ,C0006,C0002|C0003|C0004,2:267,COMPOSED_CANDIDATE_V2,Fragmen dua huruf dari corpus Al-Quran; objek tidak diulang
1,29,TWO_LETTER_MIXED_REVIEW,13,J1-P29-S13,2ca113015a505f153a2d,WORD_FRAGMENT,رَفَ,C0005,C0002|C0003|C0004,2:63,COMPOSED_CANDIDATE_V2,Fragmen dua huruf dari corpus Al-Quran; objek tidak diulang
1,29,TWO_LETTER_MIXED_REVIEW,14,J1-P29-S14,57b90f6a92365659038e,WORD_FRAGMENT,تُؤَ,C0006,C0002|C0003|C0004,2:286,COMPOSED_CANDIDATE_V2,Fragmen dua huruf dari corpus Al-Quran; objek tidak diulang
1,29,TWO_LETTER_MIXED_REVIEW,15,J1-P29-S15,3c3aca561b59aa67fa50,WORD_FRAGMENT,رَفُ,C0005,C0002|C0003|C0004,2:89,COMPOSED_CANDIDATE_V2,Fragmen dua huruf dari corpus Al-Quran; objek tidak diulang
1,29,TWO_LETTER_MIXED_REVIEW,16,J1-P29-S16,daaf1e1a609567026295,WORD_FRAGMENT,تُبَ,C0006,C0002|C0003|C0004,2:282,COMPOSED_CANDIDATE_V2,Fragmen dua huruf dari corpus Al-Quran; objek tidak diulang
1,29,TWO_LETTER_MIXED_REVIEW,17,J1-P29-S17,4899617a339b7851f063,WORD_FRAGMENT,رَفِ,C0005,C0002|C0003|C0004,4:69,COMPOSED_CANDIDATE_V2,Fragmen dua huruf dari corpus Al-Quran; objek tidak diulang
1,29,TWO_LETTER_MIXED_REVIEW,18,J1-P29-S18,fe6680c44f48f09bb2c7,WORD_FRAGMENT,تُبُ,C0006,C0002|C0003|C0004,2:79,COMPOSED_CANDIDATE_V2,Fragmen dua huruf dari corpus Al-Quran; objek tidak diulang
1,29,TWO_LETTER_MIXED_REVIEW,19,J1-P29-S19,846152590762799e36fe,WORD_FRAGMENT,رَقَ,C0005,C0002|C0003|C0004,2:266,COMPOSED_CANDIDATE_V2,Fragmen dua huruf dari corpus Al-Quran; objek tidak diulang
1,29,TWO_LETTER_MIXED_REVIEW,20,J1-P29-S20,3d2b18352128cfd4babe,WORD_FRAGMENT,تُبِ,C0006,C0002|C0003|C0004,2:285,COMPOSED_CANDIDATE_V2,Fragmen dua huruf dari corpus Al-Quran; objek tidak diulang
1,29,TWO_LETTER_MIXED_REVIEW,21,J1-P29-S21,ccf1e04c73e108801714,WORD_FRAGMENT,رَقُ,C0005,C0002|C0003|C0004,6:100,COMPOSED_CANDIDATE_V2,Fragmen dua huruf dari corpus Al-Quran; objek tidak diulang
1,29,TWO_LETTER_MIXED_REVIEW,22,J1-P29-S22,0d8f65829391d4e11261,WORD_FRAGMENT,تُثِ,C0006,C0002|C0003|C0004,2:71,COMPOSED_CANDIDATE_V2,Fragmen dua huruf dari corpus Al-Quran; objek tidak diulang
1,29,TWO_LETTER_MIXED_REVIEW,23,J1-P29-S23,245ffc4033a09132a74c,WORD_FRAGMENT,رَقِ,C0005,C0002|C0003|C0004,4:1,COMPOSED_CANDIDATE_V2,Fragmen dua huruf dari corpus Al-Quran; objek tidak diulang
1,29,TWO_LETTER_MIXED_REVIEW,24,J1-P29-S24,3d11dd0e864f0a3f34bb,WORD_FRAGMENT,تُجِ,C0006,C0002|C0003|C0004,42:16,COMPOSED_CANDIDATE_V2,Fragmen dua huruf dari corpus Al-Quran; objek tidak diulang
1,30,AWAILUS_SUWAR_AND_TWO_LETTER_REVIEW,1,J1-P30-S01,AWAIL-30-01,AWAIL_AL_SUWAR,طسٓ,SPECIAL_AWAIL,C0002|C0003|C0004|C0005|C0006,27:1,COMPOSED_CANDIDATE_V2,Awailus suwar tanpa pengulangan
1,30,AWAILUS_SUWAR_AND_TWO_LETTER_REVIEW,2,J1-P30-S02,AWAIL-30-02,AWAIL_AL_SUWAR,يسٓ,SPECIAL_AWAIL,C0002|C0003|C0004|C0005|C0006,36:1,COMPOSED_CANDIDATE_V2,Awailus suwar tanpa pengulangan
1,30,AWAILUS_SUWAR_AND_TWO_LETTER_REVIEW,3,J1-P30-S03,AWAIL-30-03,AWAIL_AL_SUWAR,صٓ,SPECIAL_AWAIL,C0002|C0003|C0004|C0005|C0006,38:1,COMPOSED_CANDIDATE_V2,Awailus suwar tanpa pengulangan
1,30,AWAILUS_SUWAR_AND_TWO_LETTER_REVIEW,4,J1-P30-S04,AWAIL-30-04,AWAIL_AL_SUWAR,حمٓ,SPECIAL_AWAIL,C0002|C0003|C0004|C0005|C0006,40:1,COMPOSED_CANDIDATE_V2,Awailus suwar tanpa pengulangan
1,30,AWAILUS_SUWAR_AND_TWO_LETTER_REVIEW,5,J1-P30-S05,AWAIL-30-05,AWAIL_AL_SUWAR,عٓسٓقٓ,SPECIAL_AWAIL,C0002|C0003|C0004|C0005|C0006,42:2,COMPOSED_CANDIDATE_V2,Awailus suwar tanpa pengulangan
1,30,AWAILUS_SUWAR_AND_TWO_LETTER_REVIEW,6,J1-P30-S06,AWAIL-30-06,AWAIL_AL_SUWAR,قٓ,SPECIAL_AWAIL,C0002|C0003|C0004|C0005|C0006,50:1,COMPOSED_CANDIDATE_V2,Awailus suwar tanpa pengulangan
1,30,AWAILUS_SUWAR_AND_TWO_LETTER_REVIEW,7,J1-P30-S07,AWAIL-30-07,AWAIL_AL_SUWAR,نٓ,SPECIAL_AWAIL,C0002|C0003|C0004|C0005|C0006,68:1,COMPOSED_CANDIDATE_V2,Awailus suwar tanpa pengulangan
1,30,AWAILUS_SUWAR_AND_TWO_LETTER_REVIEW,8,J1-P30-S08,9b87472307a9da6ac21c,WORD_FRAGMENT,رَكَ,C0005,C0002|C0003|C0004|C0005|C0006,2:17,COMPOSED_CANDIDATE_V2,Fragmen dua huruf dari corpus Al-Quran; objek tidak diulang
1,30,AWAILUS_SUWAR_AND_TWO_LETTER_REVIEW,9,J1-P30-S09,640e566065440cac623b,WORD_FRAGMENT,تُحَ,C0006,C0002|C0003|C0004|C0005|C0006,2:76,COMPOSED_CANDIDATE_V2,Fragmen dua huruf dari corpus Al-Quran; objek tidak diulang
1,30,AWAILUS_SUWAR_AND_TWO_LETTER_REVIEW,10,J1-P30-S10,f0beb573bf77f2d9b7ab,WORD_FRAGMENT,رَكُ,C0005,C0002|C0003|C0004|C0005|C0006,2:96,COMPOSED_CANDIDATE_V2,Fragmen dua huruf dari corpus Al-Quran; objek tidak diulang
1,30,AWAILUS_SUWAR_AND_TWO_LETTER_REVIEW,11,J1-P30-S11,9cb315c8252f1fc35836,WORD_FRAGMENT,تُحِ,C0006,C0002|C0003|C0004|C0005|C0006,2:216,COMPOSED_CANDIDATE_V2,Fragmen dua huruf dari corpus Al-Quran; objek tidak diulang
1,30,AWAILUS_SUWAR_AND_TWO_LETTER_REVIEW,12,J1-P30-S12,fbb7be14cd4ca9949d61,WORD_FRAGMENT,رَكِ,C0005,C0002|C0003|C0004|C0005|C0006,3:42,COMPOSED_CANDIDATE_V2,Fragmen dua huruf dari corpus Al-Quran; objek tidak diulang
1,30,AWAILUS_SUWAR_AND_TWO_LETTER_REVIEW,13,J1-P30-S13,7096addb6dc7f459c995,WORD_FRAGMENT,تُخَ,C0006,C0002|C0003|C0004|C0005|C0006,2:220,COMPOSED_CANDIDATE_V2,Fragmen dua huruf dari corpus Al-Quran; objek tidak diulang
1,30,AWAILUS_SUWAR_AND_TWO_LETTER_REVIEW,14,J1-P30-S14,c118b791ea13179b885f,WORD_FRAGMENT,رَمَ,C0005,C0002|C0003|C0004|C0005|C0006,2:185,COMPOSED_CANDIDATE_V2,Fragmen dua huruf dari corpus Al-Quran; objek tidak diulang
1,30,AWAILUS_SUWAR_AND_TWO_LETTER_REVIEW,15,J1-P30-S15,7c8ea361cf327a9a862d,WORD_FRAGMENT,تُدَ,C0006,C0002|C0003|C0004|C0005|C0006,46:25,COMPOSED_CANDIDATE_V2,Fragmen dua huruf dari corpus Al-Quran; objek tidak diulang
1,30,AWAILUS_SUWAR_AND_TWO_LETTER_REVIEW,16,J1-P30-S16,36c25d5998c257d44744,WORD_FRAGMENT,رَمُ,C0005,C0002|C0003|C0004|C0005|C0006,6:124,COMPOSED_CANDIDATE_V2,Fragmen dua huruf dari corpus Al-Quran; objek tidak diulang
1,30,AWAILUS_SUWAR_AND_TWO_LETTER_REVIEW,17,J1-P30-S17,a07717df9e50f23d1801,WORD_FRAGMENT,تُدِ,C0006,C0002|C0003|C0004|C0005|C0006,2:282,COMPOSED_CANDIDATE_V2,Fragmen dua huruf dari corpus Al-Quran; objek tidak diulang
1,30,AWAILUS_SUWAR_AND_TWO_LETTER_REVIEW,18,J1-P30-S18,56294128df1e2db4b9f6,WORD_FRAGMENT,رَمِ,C0005,C0002|C0003|C0004|C0005|C0006,36:27,COMPOSED_CANDIDATE_V2,Fragmen dua huruf dari corpus Al-Quran; objek tidak diulang
1,30,AWAILUS_SUWAR_AND_TWO_LETTER_REVIEW,19,J1-P30-S19,543dd1494feacfd866e5,WORD_FRAGMENT,تُذَ,C0006,C0002|C0003|C0004|C0005|C0006,2:282,COMPOSED_CANDIDATE_V2,Fragmen dua huruf dari corpus Al-Quran; objek tidak diulang
1,30,AWAILUS_SUWAR_AND_TWO_LETTER_REVIEW,20,J1-P30-S20,b5565c157e0de8915cc2,WORD_FRAGMENT,رَنَ,C0005,C0002|C0003|C0004|C0005|C0006,7:28,COMPOSED_CANDIDATE_V2,Fragmen dua huruf dari corpus Al-Quran; objek tidak diulang
1,30,AWAILUS_SUWAR_AND_TWO_LETTER_REVIEW,21,J1-P30-S21,7c39af9a4b42e63c9bc0,WORD_FRAGMENT,تُذِ,C0006,C0002|C0003|C0004|C0005|C0006,3:26,COMPOSED_CANDIDATE_V2,Fragmen dua huruf dari corpus Al-Quran; objek tidak diulang
1,30,AWAILUS_SUWAR_AND_TWO_LETTER_REVIEW,22,J1-P30-S22,84696c23aa6f91dc51d4,WORD_FRAGMENT,رَنِ,C0005,C0002|C0003|C0004|C0005|C0006,11:51,COMPOSED_CANDIDATE_V2,Fragmen dua huruf dari corpus Al-Quran; objek tidak diulang
1,30,AWAILUS_SUWAR_AND_TWO_LETTER_REVIEW,23,J1-P30-S23,01836061c003dc143890,WORD_FRAGMENT,تُرَ,C0006,C0002|C0003|C0004|C0005|C0006,2:264,COMPOSED_CANDIDATE_V2,Fragmen dua huruf dari corpus Al-Quran; objek tidak diulang
1,30,AWAILUS_SUWAR_AND_TWO_LETTER_REVIEW,24,J1-P30-S24,0f89949ba5e65ddfb7d5,WORD_FRAGMENT,رَهَ,C0005,C0002|C0003|C0004|C0005|C0006,4:56,COMPOSED_CANDIDATE_V2,Fragmen dua huruf dari corpus Al-Quran; objek tidak diulang
1,31,CUMULATIVE_MUROJAAH,1,J1-P31-S01,dcd4e6b15982ed1b3154,WORD_FRAGMENT,رَهُ,C0005,C0001|C0002|C0003|C0004,2:20,COMPOSED_CANDIDATE_V2,Fragmen dua huruf dari corpus Al-Quran; objek tidak diulang
1,31,CUMULATIVE_MUROJAAH,2,J1-P31-S02,ef5f92f06f6a2cd56f8d,WORD_FRAGMENT,تُرُ,C0006,C0001|C0002|C0003|C0004,21:20,COMPOSED_CANDIDATE_V2,Fragmen dua huruf dari corpus Al-Quran; objek tidak diulang
1,31,CUMULATIVE_MUROJAAH,3,J1-P31-S03,6016939e5f15c4bf1e38,WORD_FRAGMENT,رَهِ,C0005,C0001|C0002|C0003|C0004,52:21,COMPOSED_CANDIDATE_V2,Fragmen dua huruf dari corpus Al-Quran; objek tidak diulang
1,31,CUMULATIVE_MUROJAAH,4,J1-P31-S04,8d353b7ae3af1978bd50,WORD_FRAGMENT,تُرِ,C0006,C0001|C0002|C0003|C0004,2:108,COMPOSED_CANDIDATE_V2,Fragmen dua huruf dari corpus Al-Quran; objek tidak diulang
1,31,CUMULATIVE_MUROJAAH,5,J1-P31-S05,3d5711195680632bb24f,WORD_FRAGMENT,رَوَ,C0005,C0001|C0002|C0003|C0004,34:12,COMPOSED_CANDIDATE_V2,Fragmen dua huruf dari corpus Al-Quran; objek tidak diulang
1,31,CUMULATIVE_MUROJAAH,6,J1-P31-S06,08c660a49845b95b6b7f,WORD_FRAGMENT,تُزَ,C0006,C0001|C0002|C0003|C0004,9:103,COMPOSED_CANDIDATE_V2,Fragmen dua huruf dari corpus Al-Quran; objek tidak diulang
1,31,CUMULATIVE_MUROJAAH,7,J1-P31-S07,5d2655c11ede9ac34912,WORD_FRAGMENT,رَوُ,C0005,C0001|C0002|C0003|C0004,2:16,COMPOSED_CANDIDATE_V2,Fragmen dua huruf dari corpus Al-Quran; objek tidak diulang
1,31,CUMULATIVE_MUROJAAH,8,J1-P31-S08,e2b88e7189f21694548d,WORD_FRAGMENT,تُزِ,C0006,C0001|C0002|C0003|C0004,3:8,COMPOSED_CANDIDATE_V2,Fragmen dua huruf dari corpus Al-Quran; objek tidak diulang
1,31,CUMULATIVE_MUROJAAH,9,J1-P31-S09,36cc506bcc46b7504cd6,WORD_FRAGMENT,رَيِ,C0005,C0001|C0002|C0003|C0004,19:26,COMPOSED_CANDIDATE_V2,Fragmen dua huruf dari corpus Al-Quran; objek tidak diulang
1,31,CUMULATIVE_MUROJAAH,10,J1-P31-S10,375d201d1323e4f0cb54,WORD_FRAGMENT,تُسَ,C0006,C0001|C0002|C0003|C0004,4:42,COMPOSED_CANDIDATE_V2,Fragmen dua huruf dari corpus Al-Quran; objek tidak diulang
1,31,CUMULATIVE_MUROJAAH,11,J1-P31-S11,d32f881b0a4c141d141d,WORD_FRAGMENT,رُءُ,C0005,C0001|C0002|C0003|C0004,2:196,COMPOSED_CANDIDATE_V2,Fragmen dua huruf dari corpus Al-Quran; objek tidak diulang
1,31,CUMULATIVE_MUROJAAH,12,J1-P31-S12,5d2a2716b3ef490c556b,WORD_FRAGMENT,تُسِ,C0006,C0001|C0002|C0003|C0004,16:10,COMPOSED_CANDIDATE_V2,Fragmen dua huruf dari corpus Al-Quran; objek tidak diulang
1,31,CUMULATIVE_MUROJAAH,13,J1-P31-S13,99bec7725068e7f903b8,WORD_FRAGMENT,رُبُ,C0005,C0001|C0002|C0003|C0004,18:86,COMPOSED_CANDIDATE_V2,Fragmen dua huruf dari corpus Al-Quran; objek tidak diulang
1,31,CUMULATIVE_MUROJAAH,14,J1-P31-S14,9433aceba30d5aa2bc2d,WORD_FRAGMENT,تُصَ,C0006,C0001|C0002|C0003|C0004,9:84,COMPOSED_CANDIDATE_V2,Fragmen dua huruf dari corpus Al-Quran; objek tidak diulang
1,31,CUMULATIVE_MUROJAAH,15,J1-P31-S15,3b6c9e10365ba6e768d5,WORD_FRAGMENT,رُثُ,C0005,C0001|C0002|C0003|C0004,56:63,COMPOSED_CANDIDATE_V2,Fragmen dua huruf dari corpus Al-Quran; objek tidak diulang
1,31,CUMULATIVE_MUROJAAH,16,J1-P31-S16,36ced3f7e13512e0758e,WORD_FRAGMENT,تُصِ,C0006,C0001|C0002|C0003|C0004,3:120,COMPOSED_CANDIDATE_V2,Fragmen dua huruf dari corpus Al-Quran; objek tidak diulang
1,31,CUMULATIVE_MUROJAAH,17,J1-P31-S17,7db0bde9ce6220669414,WORD_FRAGMENT,رُجَ,C0005,C0001|C0002|C0003|C0004,49:5,COMPOSED_CANDIDATE_V2,Fragmen dua huruf dari corpus Al-Quran; objek tidak diulang
1,31,CUMULATIVE_MUROJAAH,18,J1-P31-S18,21042278a8875d069fd9,WORD_FRAGMENT,تُضَ,C0006,C0001|C0002|C0003|C0004,2:233,COMPOSED_CANDIDATE_V2,Fragmen dua huruf dari corpus Al-Quran; objek tidak diulang
1,31,CUMULATIVE_MUROJAAH,19,J1-P31-S19,90ef9cf209424c6b3768,WORD_FRAGMENT,رُجُ,C0005,C0001|C0002|C0003|C0004,2:74,COMPOSED_CANDIDATE_V2,Fragmen dua huruf dari corpus Al-Quran; objek tidak diulang
1,31,CUMULATIVE_MUROJAAH,20,J1-P31-S20,1c2fe1d7f36591705757,WORD_FRAGMENT,تُضِ,C0006,C0001|C0002|C0003|C0004,7:155,COMPOSED_CANDIDATE_V2,Fragmen dua huruf dari corpus Al-Quran; objek tidak diulang
1,31,CUMULATIVE_MUROJAAH,21,J1-P31-S21,13a1377f70b283d9c505,WORD_FRAGMENT,رُحَ,C0005,C0001|C0002|C0003|C0004,48:29,COMPOSED_CANDIDATE_V2,Fragmen dua huruf dari corpus Al-Quran; objek tidak diulang
1,31,CUMULATIVE_MUROJAAH,22,J1-P31-S22,62fd3b0a47ef6dbb1f20,WORD_FRAGMENT,تُطَ,C0006,C0001|C0002|C0003|C0004,9:103,COMPOSED_CANDIDATE_V2,Fragmen dua huruf dari corpus Al-Quran; objek tidak diulang
1,31,CUMULATIVE_MUROJAAH,23,J1-P31-S23,a00a9434a7f608ac7b96,WORD_FRAGMENT,رُخَ,C0005,C0001|C0002|C0003|C0004,38:36,COMPOSED_CANDIDATE_V2,Fragmen dua huruf dari corpus Al-Quran; objek tidak diulang
1,31,CUMULATIVE_MUROJAAH,24,J1-P31-S24,982b5c10711af56a7b5d,WORD_FRAGMENT,تُطِ,C0006,C0001|C0002|C0003|C0004,3:100,COMPOSED_CANDIDATE_V2,Fragmen dua huruf dari corpus Al-Quran; objek tidak diulang
1,32,CUMULATIVE_MUROJAAH,1,J1-P32-S01,1d79da45b7c2eac4c442,WORD_FRAGMENT,تُعَ,C0006,C0001|C0002|C0003|C0004,3:79,COMPOSED_CANDIDATE_V2,Fragmen dua huruf dari corpus Al-Quran; objek tidak diulang
1,32,CUMULATIVE_MUROJAAH,2,J1-P32-S02,1ddd060d7e850c4b49b8,WORD_FRAGMENT,رُدَ,C0005,C0001|C0002|C0003|C0004,6:52,COMPOSED_CANDIDATE_V2,Fragmen dua huruf dari corpus Al-Quran; objek tidak diulang
1,32,CUMULATIVE_MUROJAAH,3,J1-P32-S03,55eeff2b1b3bbf29c9e3,WORD_FRAGMENT,تُعِ,C0006,C0001|C0002|C0003|C0004,3:26,COMPOSED_CANDIDATE_V2,Fragmen dua huruf dari corpus Al-Quran; objek tidak diulang
1,32,CUMULATIVE_MUROJAAH,4,J1-P32-S04,7717fd51e884684cc2d2,WORD_FRAGMENT,رُدِ,C0005,C0001|C0002|C0003|C0004,6:52,COMPOSED_CANDIDATE_V2,Fragmen dua huruf dari corpus Al-Quran; objek tidak diulang
1,32,CUMULATIVE_MUROJAAH,5,J1-P32-S05,dadf21dd4d06b04d8207,WORD_FRAGMENT,تُفَ,C0006,C0001|C0002|C0003|C0004,7:40,COMPOSED_CANDIDATE_V2,Fragmen dua huruf dari corpus Al-Quran; objek tidak diulang
1,32,CUMULATIVE_MUROJAAH,6,J1-P32-S06,00e227e1ae3fd9fb1dfc,WORD_FRAGMENT,رُزِ,C0005,C0001|C0002|C0003|C0004,2:25,COMPOSED_CANDIDATE_V2,Fragmen dua huruf dari corpus Al-Quran; objek tidak diulang
1,32,CUMULATIVE_MUROJAAH,7,J1-P32-S07,4822767a81ab5361735e,WORD_FRAGMENT,تُفِ,C0006,C0001|C0002|C0003|C0004,10:61,COMPOSED_CANDIDATE_V2,Fragmen dua huruf dari corpus Al-Quran; objek tidak diulang
1,32,CUMULATIVE_MUROJAAH,8,J1-P32-S08,b6f939eee36a532c8714,WORD_FRAGMENT,رُسُ,C0005,C0001|C0002|C0003|C0004,2:98,COMPOSED_CANDIDATE_V2,Fragmen dua huruf dari corpus Al-Quran; objek tidak diulang
1,32,CUMULATIVE_MUROJAAH,9,J1-P32-S09,efbf6efb98ac5101b682,WORD_FRAGMENT,تُقَ,C0006,C0001|C0002|C0003|C0004,2:110,COMPOSED_CANDIDATE_V2,Fragmen dua huruf dari corpus Al-Quran; objek tidak diulang
1,32,CUMULATIVE_MUROJAAH,10,J1-P32-S10,0edd6df8718358d0cd9b,WORD_FRAGMENT,رُصُ,C0005,C0001|C0002|C0003|C0004,6:116,COMPOSED_CANDIDATE_V2,Fragmen dua huruf dari corpus Al-Quran; objek tidak diulang
1,32,CUMULATIVE_MUROJAAH,11,J1-P32-S11,d09ad44d45979242da9d,WORD_FRAGMENT,تُقُ,C0006,C0001|C0002|C0003|C0004,5:27,COMPOSED_CANDIDATE_V2,Fragmen dua huruf dari corpus Al-Quran; objek tidak diulang
1,32,CUMULATIVE_MUROJAAH,12,J1-P32-S12,90a0f0de5720a9a9b91e,WORD_FRAGMENT,رُطَ,C0005,C0001|C0002|C0003|C0004,19:25,COMPOSED_CANDIDATE_V2,Fragmen dua huruf dari corpus Al-Quran; objek tidak diulang
1,32,CUMULATIVE_MUROJAAH,13,J1-P32-S13,34f21a67a861f65f9c49,WORD_FRAGMENT,تُقِ,C0006,C0001|C0002|C0003|C0004,5:68,COMPOSED_CANDIDATE_V2,Fragmen dua huruf dari corpus Al-Quran; objek tidak diulang
1,32,CUMULATIVE_MUROJAAH,14,J1-P32-S14,d5415758539e7077cc20,WORD_FRAGMENT,رُغُ,C0005,C0001|C0002|C0003|C0004,55:31,COMPOSED_CANDIDATE_V2,Fragmen dua huruf dari corpus Al-Quran; objek tidak diulang
1,32,CUMULATIVE_MUROJAAH,15,J1-P32-S15,411ebb534f64d36d88dd,WORD_FRAGMENT,تُكَ,C0006,C0001|C0002|C0003|C0004,2:185,COMPOSED_CANDIDATE_V2,Fragmen dua huruf dari corpus Al-Quran; objek tidak diulang
1,32,CUMULATIVE_MUROJAAH,16,J1-P32-S16,b6abae958489163268ff,WORD_FRAGMENT,رُفَ,C0005,C0001|C0002|C0003|C0004,6:112,COMPOSED_CANDIDATE_V2,Fragmen dua huruf dari corpus Al-Quran; objek tidak diulang
1,32,CUMULATIVE_MUROJAAH,17,J1-P32-S17,835e505109be43d68d73,WORD_FRAGMENT,تُكُ,C0006,C0001|C0002|C0003|C0004,2:28,COMPOSED_CANDIDATE_V2,Fragmen dua huruf dari corpus Al-Quran; objek tidak diulang
1,32,CUMULATIVE_MUROJAAH,18,J1-P32-S18,74a575eee950dcde2cd5,WORD_FRAGMENT,رُفِ,C0005,C0001|C0002|C0003|C0004,88:18,COMPOSED_CANDIDATE_V2,Fragmen dua huruf dari corpus Al-Quran; objek tidak diulang
1,32,CUMULATIVE_MUROJAAH,19,J1-P32-S19,3dbed7ab2ae54f213cba,WORD_FRAGMENT,تُكِ,C0006,C0001|C0002|C0003|C0004,27:74,COMPOSED_CANDIDATE_V2,Fragmen dua huruf dari corpus Al-Quran; objek tidak diulang
1,32,CUMULATIVE_MUROJAAH,20,J1-P32-S20,4bf7c85402172edffd74,WORD_FRAGMENT,رُقُ,C0005,C0001|C0002|C0003|C0004,18:18,COMPOSED_CANDIDATE_V2,Fragmen dua huruf dari corpus Al-Quran; objek tidak diulang
1,32,CUMULATIVE_MUROJAAH,21,J1-P32-S21,f96039f163d8d36bd439,WORD_FRAGMENT,تُلَ,C0006,C0001|C0002|C0003|C0004,4:92,COMPOSED_CANDIDATE_V2,Fragmen dua huruf dari corpus Al-Quran; objek tidak diulang
1,32,CUMULATIVE_MUROJAAH,22,J1-P32-S22,5c0883ba23db0841f141,WORD_FRAGMENT,رُقِ,C0005,C0001|C0002|C0003|C0004,17:93,COMPOSED_CANDIDATE_V2,Fragmen dua huruf dari corpus Al-Quran; objek tidak diulang
1,32,CUMULATIVE_MUROJAAH,23,J1-P32-S23,5d1a53d6af9350a127a5,WORD_FRAGMENT,تُلُ,C0006,C0001|C0002|C0003|C0004,2:54,COMPOSED_CANDIDATE_V2,Fragmen dua huruf dari corpus Al-Quran; objek tidak diulang
1,32,CUMULATIVE_MUROJAAH,24,J1-P32-S24,326b29248b2d8e7b4575,WORD_FRAGMENT,رُكَ,C0005,C0001|C0002|C0003|C0004,3:39,COMPOSED_CANDIDATE_V2,Fragmen dua huruf dari corpus Al-Quran; objek tidak diulang
1,33,CUMULATIVE_MUROJAAH,1,J1-P33-S01,3ea0dc176298b1a41294,WORD_FRAGMENT,رُكُ,C0005,C0001|C0002|C0003|C0004,2:67,COMPOSED_CANDIDATE_V2,Fragmen dua huruf dari corpus Al-Quran; objek tidak diulang
1,33,CUMULATIVE_MUROJAAH,2,J1-P33-S02,4f7480f49a57ab113de3,WORD_FRAGMENT,تُلِ,C0006,C0001|C0002|C0003|C0004,8:2,COMPOSED_CANDIDATE_V2,Fragmen dua huruf dari corpus Al-Quran; objek tidak diulang
1,33,CUMULATIVE_MUROJAAH,3,J1-P33-S03,013ebe9444eb7fc75c33,WORD_FRAGMENT,رُكِ,C0005,C0001|C0002|C0003|C0004,3:45,COMPOSED_CANDIDATE_V2,Fragmen dua huruf dari corpus Al-Quran; objek tidak diulang
1,33,CUMULATIVE_MUROJAAH,4,J1-P33-S04,ccd986e3091ae6b9b15f,WORD_FRAGMENT,تُمَ,C0006,C0001|C0002|C0003|C0004,2:35,COMPOSED_CANDIDATE_V2,Fragmen dua huruf dari corpus Al-Quran; objek tidak diulang
1,33,CUMULATIVE_MUROJAAH,5,J1-P33-S05,05f91be0088d331853da,WORD_FRAGMENT,رُمُ,C0005,C0001|C0002|C0003|C0004,9:5,COMPOSED_CANDIDATE_V2,Fragmen dua huruf dari corpus Al-Quran; objek tidak diulang
1,33,CUMULATIVE_MUROJAAH,6,J1-P33-S06,1fed4525c81d41ecf7dd,WORD_FRAGMENT,تُمُ,C0006,C0001|C0002|C0003|C0004,2:33,COMPOSED_CANDIDATE_V2,Fragmen dua huruf dari corpus Al-Quran; objek tidak diulang
1,33,CUMULATIVE_MUROJAAH,7,J1-P33-S07,ea24d7631cd0884655c3,WORD_FRAGMENT,رُنَ,C0005,C0001|C0002|C0003|C0004,6:34,COMPOSED_CANDIDATE_V2,Fragmen dua huruf dari corpus Al-Quran; objek tidak diulang
1,33,CUMULATIVE_MUROJAAH,8,J1-P33-S08,e12c02c0a79ec5f1f669,WORD_FRAGMENT,تُمِ,C0006,C0001|C0002|C0003|C0004,2:283,COMPOSED_CANDIDATE_V2,Fragmen dua huruf dari corpus Al-Quran; objek tidak diulang
1,33,CUMULATIVE_MUROJAAH,9,J1-P33-S09,9ce583b179e70c75a48a,WORD_FRAGMENT,رُنِ,C0005,C0001|C0002|C0003|C0004,11:30,COMPOSED_CANDIDATE_V2,Fragmen dua huruf dari corpus Al-Quran; objek tidak diulang
1,33,CUMULATIVE_MUROJAAH,10,J1-P33-S10,042b4dfa2763a740537a,WORD_FRAGMENT,تُنَ,C0006,C0001|C0002|C0003|C0004,3:93,COMPOSED_CANDIDATE_V2,Fragmen dua huruf dari corpus Al-Quran; objek tidak diulang
1,33,CUMULATIVE_MUROJAAH,11,J1-P33-S11,4b5d23114513aa60335d,WORD_FRAGMENT,رُهَ,C0005,C0001|C0002|C0003|C0004,6:138,COMPOSED_CANDIDATE_V2,Fragmen dua huruf dari corpus Al-Quran; objek tidak diulang
1,33,CUMULATIVE_MUROJAAH,12,J1-P33-S12,5b82e1930f8b3817e266,WORD_FRAGMENT,تُنِ,C0006,C0001|C0002|C0003|C0004,26:81,COMPOSED_CANDIDATE_V2,Fragmen dua huruf dari corpus Al-Quran; objek tidak diulang
1,33,CUMULATIVE_MUROJAAH,13,J1-P33-S13,e338b45d3ea984371729,WORD_FRAGMENT,رُهُ,C0005,C0001|C0002|C0003|C0004,2:62,COMPOSED_CANDIDATE_V2,Fragmen dua huruf dari corpus Al-Quran; objek tidak diulang
1,33,CUMULATIVE_MUROJAAH,14,J1-P33-S14,285bcb6309bbd4634774,WORD_FRAGMENT,تُهَ,C0006,C0001|C0002|C0003|C0004,3:36,COMPOSED_CANDIDATE_V2,Fragmen dua huruf dari corpus Al-Quran; objek tidak diulang
1,33,CUMULATIVE_MUROJAAH,15,J1-P33-S15,5bf524c0341b07aa9796,WORD_FRAGMENT,رُوَ,C0005,C0001|C0002|C0003|C0004,86:17,COMPOSED_CANDIDATE_V2,Fragmen dua huruf dari corpus Al-Quran; objek tidak diulang
1,33,CUMULATIVE_MUROJAAH,16,J1-P33-S16,5464cddbf4a97ce9ea7c,WORD_FRAGMENT,تُهُ,C0006,C0001|C0002|C0003|C0004,2:16,COMPOSED_CANDIDATE_V2,Fragmen dua huruf dari corpus Al-Quran; objek tidak diulang
1,33,CUMULATIVE_MUROJAAH,17,J1-P33-S17,ef566f8bbda34b983ea0,WORD_FRAGMENT,رِئَ,C0005,C0001|C0002|C0003|C0004,2:264,COMPOSED_CANDIDATE_V2,Fragmen dua huruf dari corpus Al-Quran; objek tidak diulang
1,33,CUMULATIVE_MUROJAAH,18,J1-P33-S18,fbda3a2e632e2c774cdf,WORD_FRAGMENT,تُوَ,C0006,C0001|C0002|C0003|C0004,2:115,COMPOSED_CANDIDATE_V2,Fragmen dua huruf dari corpus Al-Quran; objek tidak diulang
1,33,CUMULATIVE_MUROJAAH,19,J1-P33-S19,1c2db1d19da0a9ccdcc7,WORD_FRAGMENT,رِئُ,C0005,C0001|C0002|C0003|C0004,3:49,COMPOSED_CANDIDATE_V2,Fragmen dua huruf dari corpus Al-Quran; objek tidak diulang
1,33,CUMULATIVE_MUROJAAH,20,J1-P33-S20,a99f08eca35dcda41aff,WORD_FRAGMENT,تِبَ,C0006,C0001|C0002|C0003|C0004,2:178,COMPOSED_CANDIDATE_V2,Fragmen dua huruf dari corpus Al-Quran; objek tidak diulang
1,33,CUMULATIVE_MUROJAAH,21,J1-P33-S21,16c7408479b68ccfbd3c,WORD_FRAGMENT,رِئِ,C0005,C0001|C0002|C0003|C0004,2:54,COMPOSED_CANDIDATE_V2,Fragmen dua huruf dari corpus Al-Quran; objek tidak diulang
1,33,CUMULATIVE_MUROJAAH,22,J1-P33-S22,74e32cd50d904d1306e5,WORD_FRAGMENT,تِبُ,C0006,C0001|C0002|C0003|C0004,21:94,COMPOSED_CANDIDATE_V2,Fragmen dua huruf dari corpus Al-Quran; objek tidak diulang
1,33,CUMULATIVE_MUROJAAH,23,J1-P33-S23,f5e781614560979f9600,WORD_FRAGMENT,رِبَ,C0005,C0001|C0002|C0003|C0004,2:26,COMPOSED_CANDIDATE_V2,Fragmen dua huruf dari corpus Al-Quran; objek tidak diulang
1,33,CUMULATIVE_MUROJAAH,24,J1-P33-S24,18647b00bb20056c05ae,WORD_FRAGMENT,تِبِ,C0006,C0001|C0002|C0003|C0004,82:11,COMPOSED_CANDIDATE_V2,Fragmen dua huruf dari corpus Al-Quran; objek tidak diulang
1,34,CUMULATIVE_MUROJAAH,1,J1-P34-S01,4543c56f8a30dbd9c71e,WORD_FRAGMENT,تِحَ,C0006,C0001|C0002|C0003|C0004,21:96,COMPOSED_CANDIDATE_V2,Fragmen dua huruf dari corpus Al-Quran; objek tidak diulang
1,34,CUMULATIVE_MUROJAAH,2,J1-P34-S02,3da344b7318693a32588,WORD_FRAGMENT,رِبُ,C0005,C0001|C0002|C0003|C0004,2:73,COMPOSED_CANDIDATE_V2,Fragmen dua huruf dari corpus Al-Quran; objek tidak diulang
1,34,CUMULATIVE_MUROJAAH,3,J1-P34-S03,b6a4fa9fcd7af4bd8d05,WORD_FRAGMENT,تِحُ,C0006,C0001|C0002|C0003|C0004,2:89,COMPOSED_CANDIDATE_V2,Fragmen dua huruf dari corpus Al-Quran; objek tidak diulang
1,34,CUMULATIVE_MUROJAAH,4,J1-P34-S04,cdb0b01197ac98632175,WORD_FRAGMENT,رِبِ,C0005,C0001|C0002|C0003|C0004,2:177,COMPOSED_CANDIDATE_V2,Fragmen dua huruf dari corpus Al-Quran; objek tidak diulang
1,34,CUMULATIVE_MUROJAAH,5,J1-P34-S05,c51cf346aca022cf562b,WORD_FRAGMENT,تِحِ,C0006,C0001|C0002|C0003|C0004,7:89,COMPOSED_CANDIDATE_V2,Fragmen dua huruf dari corpus Al-Quran; objek tidak diulang
1,34,CUMULATIVE_MUROJAAH,6,J1-P34-S06,f4f3cecde721cf365941,WORD_FRAGMENT,رِثَ,C0005,C0001|C0002|C0003|C0004,4:11,COMPOSED_CANDIDATE_V2,Fragmen dua huruf dari corpus Al-Quran; objek tidak diulang
1,34,CUMULATIVE_MUROJAAH,7,J1-P34-S07,04eb0b77109638d84d3a,WORD_FRAGMENT,تِرَ,C0006,C0001|C0002|C0003|C0004,6:138,COMPOSED_CANDIDATE_V2,Fragmen dua huruf dari corpus Al-Quran; objek tidak diulang
1,34,CUMULATIVE_MUROJAAH,8,J1-P34-S08,0bcd74af1717cd023bae,WORD_FRAGMENT,رِثُ,C0005,C0001|C0002|C0003|C0004,4:19,COMPOSED_CANDIDATE_V2,Fragmen dua huruf dari corpus Al-Quran; objek tidak diulang
1,34,CUMULATIVE_MUROJAAH,9,J1-P34-S09,2e432d4ef3cadfc6d125,WORD_FRAGMENT,تِرُ,C0006,C0001|C0002|C0003|C0004,41:22,COMPOSED_CANDIDATE_V2,Fragmen dua huruf dari corpus Al-Quran; objek tidak diulang
1,34,CUMULATIVE_MUROJAAH,10,J1-P34-S10,0964094f255f44b73178,WORD_FRAGMENT,رِثِ,C0005,C0001|C0002|C0003|C0004,2:233,COMPOSED_CANDIDATE_V2,Fragmen dua huruf dari corpus Al-Quran; objek tidak diulang
1,34,CUMULATIVE_MUROJAAH,11,J1-P34-S11,ec192009880d39c1e105,WORD_FRAGMENT,تِرِ,C0006,C0001|C0002|C0003|C0004,2:236,COMPOSED_CANDIDATE_V2,Fragmen dua huruf dari corpus Al-Quran; objek tidak diulang
1,34,CUMULATIVE_MUROJAAH,12,J1-P34-S12,798cdf4f24aff1226329,WORD_FRAGMENT,رِجَ,C0005,C0001|C0002|C0003|C0004,2:239,COMPOSED_CANDIDATE_V2,Fragmen dua huruf dari corpus Al-Quran; objek tidak diulang
1,34,CUMULATIVE_MUROJAAH,13,J1-P34-S13,1c902d54a1faa180abae,WORD_FRAGMENT,تِعَ,C0006,C0001|C0002|C0003|C0004,4:102,COMPOSED_CANDIDATE_V2,Fragmen dua huruf dari corpus Al-Quran; objek tidak diulang
1,34,CUMULATIVE_MUROJAAH,14,J1-P34-S14,eefc83d5a279d0a6b72e,WORD_FRAGMENT,رِجُ,C0005,C0001|C0002|C0003|C0004,2:84,COMPOSED_CANDIDATE_V2,Fragmen dua huruf dari corpus Al-Quran; objek tidak diulang
1,34,CUMULATIVE_MUROJAAH,15,J1-P34-S15,173dd9312b0270c796ad,WORD_FRAGMENT,تِغَ,C0006,C0001|C0002|C0003|C0004,2:207,COMPOSED_CANDIDATE_V2,Fragmen dua huruf dari corpus Al-Quran; objek tidak diulang
1,34,CUMULATIVE_MUROJAAH,16,J1-P34-S16,d54a87192a58152f233d,WORD_FRAGMENT,رِجِ,C0005,C0001|C0002|C0003|C0004,2:167,COMPOSED_CANDIDATE_V2,Fragmen dua huruf dari corpus Al-Quran; objek tidak diulang
1,34,CUMULATIVE_MUROJAAH,17,J1-P34-S17,413d370efadead39bf22,WORD_FRAGMENT,تِقَ,C0006,C0001|C0002|C0003|C0004,3:4,COMPOSED_CANDIDATE_V2,Fragmen dua huruf dari corpus Al-Quran; objek tidak diulang
1,34,CUMULATIVE_MUROJAAH,18,J1-P34-S18,65fb0ab571ed2b7e0cf2,WORD_FRAGMENT,رِحَ,C0005,C0001|C0002|C0003|C0004,9:81,COMPOSED_CANDIDATE_V2,Fragmen dua huruf dari corpus Al-Quran; objek tidak diulang
1,34,CUMULATIVE_MUROJAAH,19,J1-P34-S19,f8c8677172866139b696,WORD_FRAGMENT,تِكَ,C0006,C0001|C0002|C0003|C0004,2:129,COMPOSED_CANDIDATE_V2,Fragmen dua huruf dari corpus Al-Quran; objek tidak diulang
1,34,CUMULATIVE_MUROJAAH,20,J1-P34-S20,3f0e838ad9bddc499013,WORD_FRAGMENT,رِحُ,C0005,C0001|C0002|C0003|C0004,6:44,COMPOSED_CANDIDATE_V2,Fragmen dua huruf dari corpus Al-Quran; objek tidak diulang
1,34,CUMULATIVE_MUROJAAH,21,J1-P34-S21,74f37d34cf899f71118b,WORD_FRAGMENT,تِكُ,C0006,C0001|C0002|C0003|C0004,2:56,COMPOSED_CANDIDATE_V2,Fragmen dua huruf dari corpus Al-Quran; objek tidak diulang
1,34,CUMULATIVE_MUROJAAH,22,J1-P34-S22,f66c53152eee690f81ad,WORD_FRAGMENT,رِحِ,C0005,C0001|C0002|C0003|C0004,3:170,COMPOSED_CANDIDATE_V2,Fragmen dua huruf dari corpus Al-Quran; objek tidak diulang
1,34,CUMULATIVE_MUROJAAH,23,J1-P34-S23,58c3c4273c65d1785261,WORD_FRAGMENT,تِلَ,C0006,C0001|C0002|C0003|C0004,2:121,COMPOSED_CANDIDATE_V2,Fragmen dua huruf dari corpus Al-Quran; objek tidak diulang
1,34,CUMULATIVE_MUROJAAH,24,J1-P34-S24,f57520f10fafc0a08ab0,WORD_FRAGMENT,رِخُ,C0005,C0001|C0002|C0003|C0004,28:18,COMPOSED_CANDIDATE_V2,Fragmen dua huruf dari corpus Al-Quran; objek tidak diulang
1,35,CUMULATIVE_MUROJAAH,1,J1-P35-S01,5d1abf4372ddd6b2e3dd,WORD_FRAGMENT,رِخِ,C0005,C0001|C0002|C0003|C0004,14:22,COMPOSED_CANDIDATE_V2,Fragmen dua huruf dari corpus Al-Quran; objek tidak diulang
1,35,CUMULATIVE_MUROJAAH,2,J1-P35-S02,cdc748d6281ee0cd082d,WORD_FRAGMENT,تِلُ,C0006,C0001|C0002|C0003|C0004,2:190,COMPOSED_CANDIDATE_V2,Fragmen dua huruf dari corpus Al-Quran; objek tidak diulang
1,35,CUMULATIVE_MUROJAAH,3,J1-P35-S03,72568416140200b90257,WORD_FRAGMENT,رِدَ,C0005,C0001|C0002|C0003|C0004,12:19,COMPOSED_CANDIDATE_V2,Fragmen dua huruf dari corpus Al-Quran; objek tidak diulang
1,35,CUMULATIVE_MUROJAAH,4,J1-P35-S04,5ac7f947baffc0a43098,WORD_FRAGMENT,تِمُ,C0006,C0001|C0002|C0003|C0004,36:65,COMPOSED_CANDIDATE_V2,Fragmen dua huruf dari corpus Al-Quran; objek tidak diulang
1,35,CUMULATIVE_MUROJAAH,5,J1-P35-S05,ca0899f26672084913b5,WORD_FRAGMENT,رِدُ,C0005,C0001|C0002|C0003|C0004,19:71,COMPOSED_CANDIDATE_V2,Fragmen dua huruf dari corpus Al-Quran; objek tidak diulang
1,35,CUMULATIVE_MUROJAAH,6,J1-P35-S06,12244e866d50924bfd8d,WORD_FRAGMENT,تِنَ,C0006,C0001|C0002|C0003|C0004,2:39,COMPOSED_CANDIDATE_V2,Fragmen dua huruf dari corpus Al-Quran; objek tidak diulang
1,35,CUMULATIVE_MUROJAAH,7,J1-P35-S07,0e3628914f506b57e753,WORD_FRAGMENT,رِدِ,C0005,C0001|C0002|C0003|C0004,5:41,COMPOSED_CANDIDATE_V2,Fragmen dua huruf dari corpus Al-Quran; objek tidak diulang
1,35,CUMULATIVE_MUROJAAH,8,J1-P35-S08,cc7a5bee6d2d69b057f5,WORD_FRAGMENT,تِنُ,C0006,C0001|C0002|C0003|C0004,5:49,COMPOSED_CANDIDATE_V2,Fragmen dua huruf dari corpus Al-Quran; objek tidak diulang
1,35,CUMULATIVE_MUROJAAH,9,J1-P35-S09,7f94e6cd8a6d6fda011e,WORD_FRAGMENT,رِزَ,C0005,C0001|C0002|C0003|C0004,18:47,COMPOSED_CANDIDATE_V2,Fragmen dua huruf dari corpus Al-Quran; objek tidak diulang
1,35,CUMULATIVE_MUROJAAH,10,J1-P35-S10,13457a5ceb28dc6c2933,WORD_FRAGMENT,تِنِ,C0006,C0001|C0002|C0003|C0004,37:162,COMPOSED_CANDIDATE_V2,Fragmen dua huruf dari corpus Al-Quran; objek tidak diulang
1,35,CUMULATIVE_MUROJAAH,11,J1-P35-S11,bb700de06dc8416e16fe,WORD_FRAGMENT,رِزُ,C0005,C0001|C0002|C0003|C0004,40:16,COMPOSED_CANDIDATE_V2,Fragmen dua huruf dari corpus Al-Quran; objek tidak diulang
1,35,CUMULATIVE_MUROJAAH,12,J1-P35-S12,f8a735db38aa54d876b9,WORD_FRAGMENT,تِهَ,C0006,C0001|C0002|C0003|C0004,2:25,COMPOSED_CANDIDATE_V2,Fragmen dua huruf dari corpus Al-Quran; objek tidak diulang
1,35,CUMULATIVE_MUROJAAH,13,J1-P35-S13,89d79ecfb15519a63862,WORD_FRAGMENT,رِسَ,C0005,C0001|C0002|C0003|C0004,5:67,COMPOSED_CANDIDATE_V2,Fragmen dua huruf dari corpus Al-Quran; objek tidak diulang
1,35,CUMULATIVE_MUROJAAH,14,J1-P35-S14,52a3d6dd946df73f109b,WORD_FRAGMENT,تِهِ,C0006,C0001|C0002|C0003|C0004,2:73,COMPOSED_CANDIDATE_V2,Fragmen dua huruf dari corpus Al-Quran; objek tidak diulang
1,35,CUMULATIVE_MUROJAAH,15,J1-P35-S15,0e4c6abf6e67a96cd548,WORD_FRAGMENT,رِشُ,C0005,C0001|C0002|C0003|C0004,7:137,COMPOSED_CANDIDATE_V2,Fragmen dua huruf dari corpus Al-Quran; objek tidak diulang
1,35,CUMULATIVE_MUROJAAH,16,J1-P35-S16,974f24bf00d80a4a03ff,WORD_FRAGMENT,تِىَ,C0006,C0001|C0002|C0003|C0004,2:40,COMPOSED_CANDIDATE_V2,Fragmen dua huruf dari corpus Al-Quran; objek tidak diulang
1,35,CUMULATIVE_MUROJAAH,17,J1-P35-S17,29cb3ba22be24ead5c31,WORD_FRAGMENT,رِضَ,C0005,C0001|C0002|C0003|C0004,17:28,COMPOSED_CANDIDATE_V2,Fragmen dua huruf dari corpus Al-Quran; objek tidak diulang
1,35,CUMULATIVE_MUROJAAH,18,J1-P35-S18,fdcc2165e393e17ce4ca,WORD_FRAGMENT,تِيَ,C0006,C0001|C0002|C0003|C0004,2:38,COMPOSED_CANDIDATE_V2,Fragmen dua huruf dari corpus Al-Quran; objek tidak diulang
1,35,CUMULATIVE_MUROJAAH,19,J1-P35-S19,9532de662d0cc36779ea,WORD_FRAGMENT,رِضُ,C0005,C0001|C0002|C0003|C0004,2:83,COMPOSED_CANDIDATE_V2,Fragmen dua huruf dari corpus Al-Quran; objek tidak diulang
1,35,CUMULATIVE_MUROJAAH,20,J1-P35-S20,e07cd747934456a77be1,WORD_FRAGMENT,ثَةَ,C0006,C0001|C0002|C0003|C0004,2:228,COMPOSED_CANDIDATE_V2,Fragmen dua huruf dari corpus Al-Quran; objek tidak diulang
1,35,CUMULATIVE_MUROJAAH,21,J1-P35-S21,2dad9ad0996f2e22aa60,WORD_FRAGMENT,رِضِ,C0005,C0001|C0002|C0003|C0004,6:4,COMPOSED_CANDIDATE_V2,Fragmen dua huruf dari corpus Al-Quran; objek tidak diulang
1,35,CUMULATIVE_MUROJAAH,22,J1-P35-S22,f4e1d2118091e7c743c1,WORD_FRAGMENT,ثَةُ,C0006,C0001|C0002|C0003|C0004,65:4,COMPOSED_CANDIDATE_V2,Fragmen dua huruf dari corpus Al-Quran; objek tidak diulang
1,35,CUMULATIVE_MUROJAAH,23,J1-P35-S23,4790d95f17a79f263f50,WORD_FRAGMENT,رِعَ,C0005,C0001|C0002|C0003|C0004,13:31,COMPOSED_CANDIDATE_V2,Fragmen dua huruf dari corpus Al-Quran; objek tidak diulang
1,35,CUMULATIVE_MUROJAAH,24,J1-P35-S24,26ce1613a1753376dee2,WORD_FRAGMENT,ثَةِ,C0006,C0001|C0002|C0003|C0004,2:196,COMPOSED_CANDIDATE_V2,Fragmen dua huruf dari corpus Al-Quran; objek tidak diulang
1,36,CUMULATIVE_MUROJAAH,1,J1-P36-S01,0bfde22cea8f0eb0ad41,WORD_FRAGMENT,ثَرَ,C0006,C0001|C0002|C0003|C0004,2:243,COMPOSED_CANDIDATE_V2,Fragmen dua huruf dari corpus Al-Quran; objek tidak diulang
1,36,CUMULATIVE_MUROJAAH,2,J1-P36-S02,897a5d5302d4dab9f6a5,WORD_FRAGMENT,رِعُ,C0005,C0001|C0002|C0003|C0004,3:114,COMPOSED_CANDIDATE_V2,Fragmen dua huruf dari corpus Al-Quran; objek tidak diulang
1,36,CUMULATIVE_MUROJAAH,3,J1-P36-S03,fa27aac97825a0ff6e8f,WORD_FRAGMENT,ثَرُ,C0006,C0001|C0002|C0003|C0004,2:100,COMPOSED_CANDIDATE_V2,Fragmen dua huruf dari corpus Al-Quran; objek tidak diulang
1,36,CUMULATIVE_MUROJAAH,4,J1-P36-S04,94444a6993db74d02f60,WORD_FRAGMENT,رِفَ,C0005,C0001|C0002|C0003|C0004,7:47,COMPOSED_CANDIDATE_V2,Fragmen dua huruf dari corpus Al-Quran; objek tidak diulang
1,36,CUMULATIVE_MUROJAAH,5,J1-P36-S05,dbc522eb9f282cb13163,WORD_FRAGMENT,ثَرِ,C0006,C0001|C0002|C0003|C0004,7:102,COMPOSED_CANDIDATE_V2,Fragmen dua huruf dari corpus Al-Quran; objek tidak diulang
1,36,CUMULATIVE_MUROJAAH,6,J1-P36-S06,bd3d9e195ace298fa382,WORD_FRAGMENT,رِفُ,C0005,C0001|C0002|C0003|C0004,2:146,COMPOSED_CANDIDATE_V2,Fragmen dua huruf dari corpus Al-Quran; objek tidak diulang
1,36,CUMULATIVE_MUROJAAH,7,J1-P36-S07,9b81a7a7cd75c8e17586,WORD_FRAGMENT,ثَقَ,C0006,C0001|C0002|C0003|C0004,5:7,COMPOSED_CANDIDATE_V2,Fragmen dua huruf dari corpus Al-Quran; objek tidak diulang
1,36,CUMULATIVE_MUROJAAH,8,J1-P36-S08,c37530319e89cb3f54f4,WORD_FRAGMENT,رِفِ,C0005,C0001|C0002|C0003|C0004,6:141,COMPOSED_CANDIDATE_V2,Fragmen dua huruf dari corpus Al-Quran; objek tidak diulang
1,36,CUMULATIVE_MUROJAAH,9,J1-P36-S09,3d4bb71fc893ffd53b12,WORD_FRAGMENT,ثَقُ,C0006,C0001|C0002|C0003|C0004,7:8,COMPOSED_CANDIDATE_V2,Fragmen dua huruf dari corpus Al-Quran; objek tidak diulang
1,36,CUMULATIVE_MUROJAAH,10,J1-P36-S10,cb6d3dfffa06ab002cb0,WORD_FRAGMENT,رِقَ,C0005,C0001|C0002|C0003|C0004,5:38,COMPOSED_CANDIDATE_V2,Fragmen dua huruf dari corpus Al-Quran; objek tidak diulang
1,36,CUMULATIVE_MUROJAAH,11,J1-P36-S11,23aa15b6a368d814d243,WORD_FRAGMENT,ثَقِ,C0006,C0001|C0002|C0003|C0004,2:191,COMPOSED_CANDIDATE_V2,Fragmen dua huruf dari corpus Al-Quran; objek tidak diulang
1,36,CUMULATIVE_MUROJAAH,12,J1-P36-S12,68de28f2d14f4d13cebd,WORD_FRAGMENT,رِقُ,C0005,C0001|C0002|C0003|C0004,2:115,COMPOSED_CANDIDATE_V2,Fragmen dua huruf dari corpus Al-Quran; objek tidak diulang
1,36,CUMULATIVE_MUROJAAH,13,J1-P36-S13,bdd4919937b4078419ff,WORD_FRAGMENT,ثَكَ,C0006,C0001|C0002|C0003|C0004,17:79,COMPOSED_CANDIDATE_V2,Fragmen dua huruf dari corpus Al-Quran; objek tidak diulang
1,36,CUMULATIVE_MUROJAAH,14,J1-P36-S14,9aa16e95777cd02d726c,WORD_FRAGMENT,رِقِ,C0005,C0001|C0002|C0003|C0004,2:177,COMPOSED_CANDIDATE_V2,Fragmen dua huruf dari corpus Al-Quran; objek tidak diulang
1,36,CUMULATIVE_MUROJAAH,15,J1-P36-S15,a41f33a4a88b8e2e721a,WORD_FRAGMENT,ثَكُ,C0006,C0001|C0002|C0003|C0004,2:223,COMPOSED_CANDIDATE_V2,Fragmen dua huruf dari corpus Al-Quran; objek tidak diulang
1,36,CUMULATIVE_MUROJAAH,16,J1-P36-S16,3947a26bbd04db072649,WORD_FRAGMENT,رِكَ,C0005,C0001|C0002|C0003|C0004,2:221,COMPOSED_CANDIDATE_V2,Fragmen dua huruf dari corpus Al-Quran; objek tidak diulang
1,36,CUMULATIVE_MUROJAAH,17,J1-P36-S17,a22451d140343426f47c,WORD_FRAGMENT,ثَلَ,C0006,C0001|C0002|C0003|C0004,3:59,COMPOSED_CANDIDATE_V2,Fragmen dua huruf dari corpus Al-Quran; objek tidak diulang
1,36,CUMULATIVE_MUROJAAH,18,J1-P36-S18,e753007628ecdbb1373e,WORD_FRAGMENT,رِكُ,C0005,C0001|C0002|C0003|C0004,2:84,COMPOSED_CANDIDATE_V2,Fragmen dua huruf dari corpus Al-Quran; objek tidak diulang
1,36,CUMULATIVE_MUROJAAH,19,J1-P36-S19,a53b65fda9c0a647c5c7,WORD_FRAGMENT,ثَلُ,C0006,C0001|C0002|C0003|C0004,2:17,COMPOSED_CANDIDATE_V2,Fragmen dua huruf dari corpus Al-Quran; objek tidak diulang
1,36,CUMULATIVE_MUROJAAH,20,J1-P36-S20,7e284085148d6da9f1a1,WORD_FRAGMENT,رِكِ,C0005,C0001|C0002|C0003|C0004,2:105,COMPOSED_CANDIDATE_V2,Fragmen dua huruf dari corpus Al-Quran; objek tidak diulang
1,36,CUMULATIVE_MUROJAAH,21,J1-P36-S21,c99cc935515e25243c47,WORD_FRAGMENT,ثَلِ,C0006,C0001|C0002|C0003|C0004,2:17,COMPOSED_CANDIDATE_V2,Fragmen dua huruf dari corpus Al-Quran; objek tidak diulang
1,36,CUMULATIVE_MUROJAAH,22,J1-P36-S22,fc76f15841f34d00e22a,WORD_FRAGMENT,رِمَ,C0005,C0001|C0002|C0003|C0004,5:2,COMPOSED_CANDIDATE_V2,Fragmen dua huruf dari corpus Al-Quran; objek tidak diulang
1,36,CUMULATIVE_MUROJAAH,23,J1-P36-S23,7bb53780f82c6ae3c5bd,WORD_FRAGMENT,ثَمَ,C0006,C0001|C0002|C0003|C0004,2:25,COMPOSED_CANDIDATE_V2,Fragmen dua huruf dari corpus Al-Quran; objek tidak diulang
1,36,CUMULATIVE_MUROJAAH,24,J1-P36-S24,e22cb932b92cef4d3440,WORD_FRAGMENT,رِمُ,C0005,C0001|C0002|C0003|C0004,8:8,COMPOSED_CANDIDATE_V2,Fragmen dua huruf dari corpus Al-Quran; objek tidak diulang
