CanonicalKey,ObjectType,Text,SourceRef,WordCount
8f862e56588e11edfa7b,LETTER,ءَ,2:6,1
7de94f8e86e0fbb0c51f,LETTER,ءُ,2:13,1
9c05358ede4d09afb78c,LETTER,ءِ,2:19,1
301e1ec3d241993fb30b,LETTER,أَ,1:7,1
b1c52c7ac7ee3a8f70a9,LETTER,أُ,2:4,1
654ca6a3c835a03d8e1d,LETTER,ؤَ,2:225,1
7095de44c7e586f0a8c8,LETTER,ؤُ,2:31,1
0aab9e52632ecdeb9143,LETTER,ؤِ,56:23,1
03ff3aad020c1467b0f4,LETTER,إِ,1:5,1
405aa1fd432f51b1630b,LETTER,ئَ,2:81,1
46cc6319ab94982a0426,LETTER,ئُ,2:15,1
3bce9127740640aa8c90,LETTER,ئِ,2:5,1
579017940bea869aa647,LETTER,بَ,2:2,1
5223b87a4e1cecef2c86,LETTER,بُ,1:5,1
ccb2b9ef2f2e76534705,LETTER,بِ,1:1,1
526f05ffcb821057b3f1,LETTER,ةَ,2:3,1
eea8749ac961b70a08c0,LETTER,ةُ,2:24,1
3c69a75b1b2ff8c259e5,LETTER,ةِ,2:4,1
51cf632e67e5ff5da13b,LETTER,تَ,1:5,1
7a6def4c27ba27d0e5f2,LETTER,تُ,2:6,1
0fb72aba075dd1592daf,LETTER,تِ,2:19,1
9c697ad1c64b4a388397,LETTER,ثَ,2:17,1
fca69081ff27606bec50,LETTER,ثُ,2:28,1
53c0e84ff873405baf5c,LETTER,ثِ,2:26,1
f1cf75e820914dc3d1cc,LETTER,جَ,2:22,1
4fcc5c1c10a3e25b3a71,LETTER,جُ,2:34,1
d95578ac49faa09b6556,LETTER,جِ,2:18,1
c8d9fe153e46739fac67,LETTER,حَ,1:2,1
b3ef8da208c945099d13,LETTER,حُ,2:5,1
686d71c8f68d6dadc9e9,LETTER,حِ,1:1,1
cbe9bce0e319c70bfa42,LETTER,خَ,2:7,1
1de86a7dc4d31f1a45dd,LETTER,خُ,2:58,1
a72b17174c641aea06b9,LETTER,خِ,2:4,1
fb462a9918f53fc06224,LETTER,دَ,2:9,1
b2c57921bf4227f01cda,LETTER,دُ,1:2,1
a71492c7eac74b563ea4,LETTER,دِ,1:6,1
86b8fdc548b3478f3aa2,LETTER,ذَ,2:6,1
cb38192194c4fe833272,LETTER,ذُ,2:48,1
df3f6d0541fa142265de,LETTER,ذِ,1:7,1
9267f3bd94d46ecad45d,LETTER,رَ,1:2,1
24cf9ce16be2f50c9b73,LETTER,رُ,2:6,1
5c0e7ee6ea4f63ee0365,LETTER,رِ,1:7,1
9d264546b1a198b92a54,LETTER,زَ,2:3,1
a45b557cc0bea105aa21,LETTER,زُ,2:67,1
e2328899f3e52fa28b5e,LETTER,زِ,2:4,1
2e2f6c2d428f8970ee45,LETTER,سَ,2:6,1
8eef91859a6de8d69105,LETTER,سُ,2:13,1
c52f5ac1d862cadab540,LETTER,سِ,2:8,1
68ccdcc43eb5e6b87f0b,LETTER,شَ,2:14,1
35c116668fcc2e6699da,LETTER,شُ,2:23,1
a88472a86ef1f82b1a10,LETTER,شِ,2:35,1
6b8136ffd4a1faf79967,LETTER,صَ,2:19,1
6d45e193eb219bb57fb2,LETTER,صُ,2:18,1
d2578fedcb9fe785a36d,LETTER,صِ,1:7,1
c4ac952044079cce821f,LETTER,ضَ,2:17,1
1545c6edcc16647b003d,LETTER,ضُ,1:7,1
14b48d3de3d646a18812,LETTER,ضِ,2:11,1
88fa2a63303a95bdd451,LETTER,طَ,1:6,1
8b6dd148bf148d779fe1,LETTER,طُ,2:15,1
009c7cb94587178c7c6d,LETTER,طِ,2:14,1
c8eb35196d4df5ac756a,LETTER,ظَ,2:54,1
f22c047bbd319d239bba,LETTER,ظُ,2:17,1
85c09f671e0eb4884a6a,LETTER,ظِ,2:7,1
b71bd0a31a1feb3e7508,LETTER,عَ,1:7,1
25404e3824c89bfb927f,LETTER,عُ,2:9,1
fb3c056180d657f4b23d,LETTER,عِ,1:5,1
57c7e692a062c17e0832,LETTER,غَ,1:7,1
cfd311b1ae45a8ec6e77,LETTER,غُ,2:88,1
e512fa96a77cd3b366eb,LETTER,غِ,2:7,1
747c7ffd328f521920bd,LETTER,فَ,2:6,1
dc7b8bee222f3a19917f,LETTER,فُ,2:9,1
ae8c0cfc8c1a1e8ffb0b,LETTER,فِ,2:2,1
29312bbd7043ececd8ac,LETTER,قَ,2:4,1
647db5806a6517fde744,LETTER,قُ,2:3,1
669f681198ef56aca5a2,LETTER,قِ,1:6,1
5f5f9c198a64d6075d1d,LETTER,كَ,1:5,1
606b60b9e2fea63c41fc,LETTER,كُ,2:14,1
832bf77278875d149f56,LETTER,كِ,1:4,1
5fd8601fc1a968ab025c,LETTER,لَ,1:2,1
7048e947520c507aeacb,LETTER,لُ,2:7,1
06e6f7ee2651c5cc416b,LETTER,لِ,1:2,1
1a40e83aaf4418c37091,LETTER,مَ,1:6,1
d9bcde79800fe58039a6,LETTER,مُ,1:6,1
2f1e8f0be1c6389ce156,LETTER,مِ,1:1,1
a622dfbbf11a4d4a34c4,LETTER,نَ,1:2,1
67aac0e73dbe679f70ec,LETTER,نُ,1:5,1
a003f9105ba584fe5ccd,LETTER,نِ,1:1,1
bc02b341a627174ac144,LETTER,هَ,2:9,1
01661d78b82106f55589,LETTER,هُ,2:2,1
13183fd1c0696ec0678f,LETTER,هِ,1:1,1
6816565ffd4546e5430d,LETTER,وَ,1:5,1
60ede3b44d4fa4d0d266,LETTER,وُ,2:16,1
acf28243c5d428e77605,LETTER,وِ,2:148,1
3d2563b712f5ee4d755b,LETTER,ىَ,2:38,1
01dd0d16a5a38bc1b4b7,LETTER,ىُ,2:196,1
d863cf83246409aad8c7,LETTER,ىِ,2:73,1
59afbe3d9ffed7d70ac1,LETTER,يَ,1:4,1
8479a86207776a2da552,LETTER,يُ,2:3,1
3c2c8d3e5320c3c25732,LETTER,يِ,2:28,1
3b65faee8089140fa547,WORD_FRAGMENT,ٱل,1:1,1
05f573d304472d00bc36,WORD_FRAGMENT,ونَ,2:3,1
bb97172ba9da0196338b,WORD_FRAGMENT,وا,2:6,1
8c903cbf403d3d4985c8,WORD_FRAGMENT,ينَ,1:2,1
b2e8313880fdeb86a117,WORD_FRAGMENT,مَا,2:8,1
75b22305ca19d5eda5de,WORD_FRAGMENT,وَٱ,2:4,1
6e67380037855d06e74f,WORD_FRAGMENT,نَا,1:6,1
23d88c2d14428759f895,WORD_FRAGMENT,عَلَ,1:7,1
f4a56a4f1fcbfc20bedf,WORD_FRAGMENT,لَا,1:7,1
a627759c0b3eaf2612b0,WORD_FRAGMENT,لُو,2:7,1
3a5a74c297e98df4e743,WORD_FRAGMENT,وَلَ,1:7,1
f2b571c5e60b207ae3c3,WORD_FRAGMENT,هَا,2:21,1
fcc6b45c910850029946,WORD_FRAGMENT,فِى,2:10,1
f230a62f98b604bd5699,WORD_FRAGMENT,أَن,2:6,1
81667a7d0588b7d2341c,WORD_FRAGMENT,ذِي,1:7,1
5ccdada3b73c1c723ef8,WORD_FRAGMENT,رُو,2:6,1
efb3304fb689e91b9ddf,WORD_FRAGMENT,ءَا,2:8,1
fc33860f7420828cd2fc,WORD_FRAGMENT,قَا,2:11,1
b666e9566e60277b6051,WORD_FRAGMENT,مِن,2:4,1
19e8df5465b95373be85,WORD_FRAGMENT,ذَا,2:7,1
7773f07c09e3623573f4,WORD_FRAGMENT,وَمَ,2:4,1
09046be66571415eec6e,WORD_FRAGMENT,نُو,2:3,1
6d4b316381c85b2fdc18,WORD_FRAGMENT,كَا,2:10,1
fdfefcbf3620e7db18ea,WORD_FRAGMENT,لَهُ,2:7,1
b2a029e82a3fc09b5487,WORD_FRAGMENT,وَأَ,2:20,1
0a59f264bcdb84b184a8,WORD_FRAGMENT,مُو,2:3,1
30f3e9b531e205948f41,WORD_FRAGMENT,إِلَ,2:4,1
bf5fdbc406431e98e325,WORD_FRAGMENT,قُو,2:3,1
a27c506c17fd71cc65a5,WORD_FRAGMENT,الَ,2:30,1
955f357fe146574e5b13,WORD_FRAGMENT,وَإِ,1:5,1
136042c9d7c1f4e5e407,WORD_FRAGMENT,دُو,2:11,1
1ae664001ef640f5a4b7,WORD_FRAGMENT,بِٱ,2:3,1
19eddaf34a0371709093,WORD_FRAGMENT,مَآ,2:4,1
f8d9274c30a59bfb8781,WORD_FRAGMENT,آءَ,2:17,1
8a741d3f48b64dccfc4c,WORD_FRAGMENT,انَ,2:34,1
220184b3672289f0566a,WORD_FRAGMENT,إِن,2:23,1
cc0c3ab4deaec5b39b0a,WORD_FRAGMENT,مَن,2:8,1
20a769c90b1b565e73ac,WORD_FRAGMENT,رِي,2:19,1
e12db9c988436ce40de8,WORD_FRAGMENT,هُم,2:8,1
1e55d08365cf7797c92c,WORD_FRAGMENT,مِي,1:2,1
f972652c018e5c5e63c5,WORD_FRAGMENT,فِي,2:2,1
b211376e59e2237647c1,WORD_FRAGMENT,بِي,2:45,1
4afb829adf1500ccb204,WORD_FRAGMENT,مِنَ,2:8,1
52de416f60eb71ce33d9,WORD_FRAGMENT,لِكَ,2:2,1
53c9849cca9b7b2c1190,WORD_FRAGMENT,عُو,2:9,1
61e5f5adf4b0d2dcbb72,WORD_FRAGMENT,لِي,2:10,1
9d793ed1a726c3653199,WORD_FRAGMENT,هُوَ,2:29,1
9d42655636d6b7bb0008,WORD_FRAGMENT,كُم,2:23,1
c4dbac81f7f240f1ce94,WORD_FRAGMENT,لَمُ,2:13,1
08b3e62e93db97fa8822,WORD_FRAGMENT,لَى,2:29,1
e3502ae1699d264fb7b9,WORD_FRAGMENT,فَلَ,2:17,1
67170c88c28bda43dff3,WORD_FRAGMENT,بِهِ,2:7,1
25b9f15f5d811f3f048c,WORD_FRAGMENT,إِذَ,2:11,1
472306ab3fbdd1b0dd8e,WORD_FRAGMENT,نتُ,2:22,1
96b4938b0b4f91d9957c,WORD_FRAGMENT,الُ,2:11,1
cf20c738c5d454ffd40d,WORD_FRAGMENT,دِي,2:16,1
fd0b97d34d4f4b67a565,WORD_FRAGMENT,امَ,2:8,1
fd8eb4ed36a0c2c54563,WORD_FRAGMENT,حِي,1:1,1
21091689766d0d57c802,WORD_FRAGMENT,بُو,2:10,1
3c2b63ae85ee99dd8f27,WORD_FRAGMENT,وَيَ,2:15,1
2084c7fb5907298e0b97,WORD_FRAGMENT,فَإِ,2:24,1
7261ca61a2c02c81bd20,WORD_FRAGMENT,لَكُ,2:22,1
157cf4637b65fef1a1da,WORD_FRAGMENT,أُو,2:5,1
02c9429b4004f79d66dc,WORD_FRAGMENT,فَٱ,2:24,1
fd058c1076162626d6e1,WORD_FRAGMENT,بِمَ,2:4,1
83a533ecccd1cece0b58,WORD_FRAGMENT,قِي,1:6,1
24ced9e986f95c8f0bf7,WORD_FRAGMENT,بَا,2:35,1
d347d33d61015c374b85,WORD_FRAGMENT,هُمُ,2:5,1
80402b6c4f52d0721283,WORD_FRAGMENT,وَهُ,2:25,1
4882cb763fd7524ed3ce,WORD_FRAGMENT,فَأَ,2:22,1
f12d3c5c60e10af0d3dd,WORD_FRAGMENT,كُو,2:35,1
7a9430fb0444f6d2597b,WORD_FRAGMENT,عَذَ,2:7,1
332b3122eb314cd69dd4,WORD_FRAGMENT,كُن,2:23,1
a742f73f34bcbaa3a61e,WORD_FRAGMENT,يهِ,2:2,1
abb8fad806030060e8e2,WORD_FRAGMENT,سُو,2:23,1
1e8e1525fc309f8928cb,WORD_FRAGMENT,ولُ,2:8,1
9c2aeb56aef177945a3c,WORD_FRAGMENT,فُو,2:40,1
bd6db39432855f703f91,WORD_FRAGMENT,انُ,2:10,1
664d29cde2f31a329d5e,WORD_FRAGMENT,نَآ,2:22,1
a49f2075d4ba05fd8573,WORD_FRAGMENT,وَقَ,2:75,1
dcbbfd084b1cca790723,WORD_FRAGMENT,لَقَ,2:21,1
ed467712181414ff8ba4,WORD_FRAGMENT,ئِكَ,2:5,1
262316a8a84d087dffc4,WORD_FRAGMENT,نِي,2:8,1
4104a05d04ca99fd0d08,WORD_FRAGMENT,وهُ,2:73,1
c0222432418e4f4de473,WORD_FRAGMENT,آءِ,2:19,1
b1d6b0d7e9985d01d1ce,WORD_FRAGMENT,ذِى,2:17,1
631401657acd2ec79660,WORD_FRAGMENT,مَنُ,2:9,1
5eb8562c11c4f83a057d,WORD_FRAGMENT,لَآ,2:12,1
2eb09d53a5f21ae1a761,WORD_FRAGMENT,كَفَ,2:6,1
b27a42ea73401764ff59,WORD_FRAGMENT,ونِ,2:23,1
f55982a6783381bbf52a,WORD_FRAGMENT,وَكَ,2:34,1
a06a617b6cf0719d66ea,WORD_FRAGMENT,يهَ,2:25,1
491564c95eddb4d538ef,WORD_FRAGMENT,آءُ,2:13,1
954eda0506cdde1507a1,WORD_FRAGMENT,جَآ,2:87,1
5fb69b3bf0e6e83699db,WORD_FRAGMENT,كُمُ,2:21,1
1ec7af888d74c948b005,WORD_FRAGMENT,جَعَ,2:22,1
f0127fa4922a55fa539b,WORD_FRAGMENT,ابَ,2:37,1
2228f1c8279a5ac82862,WORD_FRAGMENT,تُو,2:23,1
6aa874ed5afde48c5152,WORD_FRAGMENT,شَآ,2:20,1
0a6497e253238d01c37f,WORD_FRAGMENT,رَا,2:26,1
35cefb043b08df7bad0a,WORD_FRAGMENT,نَهُ,2:75,1
ec0666870f04d0a0bb8a,WORD_FRAGMENT,ارِ,2:39,1
7a383fb421b74443c4bb,WORD_FRAGMENT,وَرَ,2:19,1
828d1197d8b70938791f,WORD_FRAGMENT,مِنُ,2:3,1
e9d038d8206627075be3,WORD_FRAGMENT,وَعَ,2:7,1
a0f8da7decb8495afa63,WORD_FRAGMENT,عَلِ,2:29,1
1cf54e7d66524cb4bd9b,WORD_FRAGMENT,كِي,2:32,1
6ed33b07f5a6a3228e01,WORD_FRAGMENT,يَا,2:85,1
ddd39b8bc3c25df1f298,WORD_FRAGMENT,يَقُ,2:8,1
0ece00a555629759bf8c,WORD_FRAGMENT,فَمَ,2:16,1
30f803446e9520bae040,WORD_FRAGMENT,آئِ,2:33,1
03f3051e00d188c5353b,WORD_FRAGMENT,عِي,1:5,1
f1f1143233bafa09bb22,WORD_FRAGMENT,لِهِ,2:23,1
fb5a4099b9ff7ec66c35,WORD_FRAGMENT,صِي,2:96,1
513c51395bf9761e2e84,WORD_FRAGMENT,فَرُ,2:6,1
784ff696fa23be893097,WORD_FRAGMENT,يمِ,1:1,1
1cb68f6697eb8d1588e9,WORD_FRAGMENT,تَرَ,2:16,1
054378e1b2ebcd8a89b2,WORD_FRAGMENT,عِن,2:54,1
6fc463d1f24b273675ac,WORD_FRAGMENT,زِي,2:58,1
4c59ed7c5669a38b19c2,WORD_FRAGMENT,خَلَ,2:14,1
15a04ced3a5b5660f93e,WORD_FRAGMENT,وَلِ,2:90,1
fe93fe1f5caeb288dc84,WORD_FRAGMENT,بِأَ,2:31,1
59949561e9558122999a,WORD_FRAGMENT,نِى,2:31,1
ac1e98d8035dc29f9548,WORD_FRAGMENT,ابِ,2:49,1
b81f76d9fdff1aa8b626,WORD_FRAGMENT,نتَ,2:32,1
368770b4b61e632123cb,WORD_FRAGMENT,انِ,2:19,1
87929fdf25bb7404a396,WORD_FRAGMENT,وَتَ,2:17,1
36b851a155d801ea68e5,WORD_FRAGMENT,وَجَ,3:37,1
7902503d1d3515b86a69,WORD_FRAGMENT,تَوَ,2:29,1
877b1f96f57396e827e3,WORD_FRAGMENT,اسِ,2:8,1
38c84eef27a3af076dde,WORD_FRAGMENT,مَلُ,2:74,1
cb0b8972d86c32d948f0,WORD_FRAGMENT,وَمِ,2:3,1
db320a19f1676955ecfe,WORD_FRAGMENT,اخِ,2:4,1
03c4d0f8b0d26bcde6c5,WORD_FRAGMENT,تُم,2:64,1
94eef64547e928349157,WORD_FRAGMENT,ذُو,2:63,1
023801e3dcfd8873cb10,WORD_FRAGMENT,يُو,2:4,1
661698a862cdec382fe6,WORD_FRAGMENT,ندَ,2:22,1
ba4203bb9bfd67e44a8e,WORD_FRAGMENT,رَسُ,2:87,1
bc997239bf60f539e7f1,WORD_FRAGMENT,نفُ,2:9,1
8b9e5c4b40132b74d3db,WORD_FRAGMENT,جُو,2:84,1
57b902e828cf57f8c7d6,WORD_FRAGMENT,أَلَ,2:12,1
f5eb92421704f56ce2f4,WORD_FRAGMENT,عَن,2:48,1
4e8e5d14e5fe966d8385,WORD_FRAGMENT,اتَ,2:53,1
22f18c3c0f8e6148ed3e,WORD_FRAGMENT,عَا,2:61,1
94ef0741879fe9135b8c,WORD_FRAGMENT,لِيَ,2:79,1
48a242255e34e30650c7,WORD_FRAGMENT,وَيُ,2:3,1
5e238366720a82292989,WORD_FRAGMENT,مِنِ,2:8,1
b1c986ec6d7b0b738c34,WORD_FRAGMENT,يمُ,2:3,1
868477abdad95c1fbf9a,WORD_FRAGMENT,يَتَ,2:74,1
ccf8ff01eb881347b025,WORD_FRAGMENT,حُو,2:5,1
9c2779be46c8fc93a162,WORD_FRAGMENT,يلَ,2:11,1
86687b34b5791aad297c,WORD_FRAGMENT,يدُ,2:58,1
52a3d6dd946df73f109b,WORD_FRAGMENT,تِهِ,2:73,1
3c900983d7302a0ad5d9,WORD_FRAGMENT,لِكُ,2:21,1
5d7728f4aea5f2f210e4,WORD_FRAGMENT,مَعَ,2:14,1
805d8f483caf133dd25a,WORD_FRAGMENT,نكُ,2:52,1
583bd76ab030a6eafc40,WORD_FRAGMENT,هَآ,2:13,1
a8dd47e08fa88af62e82,WORD_FRAGMENT,هِم,2:10,1
0c52360b496edfd84a5c,WORD_FRAGMENT,الِ,2:49,1
bdaf71d1bd58b8b59073,WORD_FRAGMENT,لِمَ,2:60,1
c934e22c2b652a957c78,WORD_FRAGMENT,لَعَ,2:21,1
80b571ef9c3b4ba8f440,WORD_FRAGMENT,وَا,2:68,1
11e2dda665a0a66daca5,WORD_FRAGMENT,يَن,2:27,1
e9dda185627297ed28d5,WORD_FRAGMENT,أَفَ,2:44,1
49e2b0ac25667326df4e,WORD_FRAGMENT,وسَ,2:51,1
25eee6ee9998045cd0e7,WORD_FRAGMENT,لَنَ,2:32,1
976d07dd0c6d1b6a27be,WORD_FRAGMENT,هِي,2:90,1
212409f692c0bd005a04,WORD_FRAGMENT,سَبِ,2:154,1
40f009c3637d5030ac30,WORD_FRAGMENT,يَكُ,2:117,1
46c5b59ee2f00e3f9aa6,WORD_FRAGMENT,ادَ,2:10,1
f9143d45b04e13b0bd5c,WORD_FRAGMENT,فَتَ,2:35,1
f1df6d2885d039c478c4,WORD_FRAGMENT,نزَ,2:22,1
bd1316064f21e8c84987,WORD_FRAGMENT,يَشَ,2:90,1
1ed89b18c4bf2c849379,WORD_FRAGMENT,ادِ,2:90,1
ac3443fbc74a4ee6db35,WORD_FRAGMENT,لِمِ,2:35,1
9fb9fdb784b0eb1581c6,WORD_FRAGMENT,هُمَ,2:36,1
669ecec6ad670a1b8983,WORD_FRAGMENT,وَنَ,2:30,1
a3bb08e4d107f8fe6a10,WORD_FRAGMENT,تَكُ,2:35,1
028a55c5b3f05a4ea30e,WORD_FRAGMENT,فَقَ,2:31,1
cadde2247ea4a64bcdb7,WORD_FRAGMENT,يلِ,2:108,1
ee1e4f516524aa9cf645,WORD_FRAGMENT,خِرَ,2:4,1
29f21286e5f67bd97334,WORD_FRAGMENT,دَا,2:22,1
0c6a9718812bd9927c7e,WORD_FRAGMENT,ولَ,2:102,1
0e9e62370d54958d7080,WORD_FRAGMENT,ٱن,2:60,1
12244e866d50924bfd8d,WORD_FRAGMENT,تِنَ,2:39,1
cd6fb322de9d9b59477a,WORD_FRAGMENT,خَا,2:54,1
dd7eef2da72302f2474a,WORD_FRAGMENT,سَا,2:83,1
bd0fbbda908ccda27183,WORD_FRAGMENT,لَكَ,2:30,1
9a24a9df98419e2d6392,WORD_FRAGMENT,ينِ,1:4,1
2f659658bc328f106803,WORD_FRAGMENT,أَخَ,2:55,1
94700cd8a6bcb2563cd5,WORD_FRAGMENT,طِي,2:14,1
69287b68c88d74a4e0df,WORD_FRAGMENT,رَةِ,2:4,1
bdf070d44cf7a0066d97,WORD_FRAGMENT,ظِي,2:7,1
f32dfd6e24f41a199031,WORD_FRAGMENT,اتِ,2:200,1
e58ca0ec2e20045c324d,WORD_FRAGMENT,تِى,2:24,1
048a1369eff8770fbd86,WORD_FRAGMENT,ارَ,2:24,1
5f592c4c24c8b976ede4,WORD_FRAGMENT,قُلُ,2:7,1
6372527bc41594ebad70,WORD_FRAGMENT,جَا,2:24,1
357ad88315ab0159ad02,WORD_FRAGMENT,ونُ,2:41,1
53bd6299243157de6164,WORD_FRAGMENT,هُو,2:15,1
233dc7951decac01200a,WORD_FRAGMENT,أَحَ,2:96,1
777df37c380cd584d056,WORD_FRAGMENT,امِ,2:13,1
cae0144d8266f7e4ad98,WORD_FRAGMENT,عَظِ,2:7,1
4dd93cf4d2f2af8414fb,WORD_FRAGMENT,لُهُ,2:17,1
97585e03f678fbb7508c,WORD_FRAGMENT,تِي,2:118,1
12826295b71fc7181dfb,WORD_FRAGMENT,ولِ,2:179,1
e59948b7925d8f52fca3,WORD_FRAGMENT,وَءَ,2:41,1
11508d4f73b38ab355d2,WORD_FRAGMENT,عَمِ,2:25,1
3b10965b8c8aa46dc785,WORD_FRAGMENT,عِبَ,2:90,1
ce06c260a98b536ab591,WORD_FRAGMENT,نِهِ,2:14,1
57ef2c6de0bff222afd4,WORD_FRAGMENT,وَبَ,2:19,1
63baaaada196595da29c,WORD_FRAGMENT,عَلُ,2:19,1
e58287bffd04885c7f8e,WORD_FRAGMENT,بُدُ,1:5,1
f3dba90f4a57e64068b3,WORD_FRAGMENT,دِهِ,2:51,1
3df8386832e262dc860a,WORD_FRAGMENT,لَمِ,1:2,1
46e4a18b817da5f1fcbd,WORD_FRAGMENT,يعُ,2:117,1
465045e12652a0fff9b6,WORD_FRAGMENT,تَا,2:37,1
529cf51a0d2b694ae5b9,WORD_FRAGMENT,سَآ,2:49,1
92c31b62660c4f949595,WORD_FRAGMENT,فِرِ,2:19,1
297d1d4040613a6b3680,WORD_FRAGMENT,ثِي,2:26,1
dcd4e6b15982ed1b3154,WORD_FRAGMENT,رَهُ,2:20,1
bdd899475670ef8e6b40,WORD_FRAGMENT,عَزِ,2:129,1
c1930f1e0ab2e8aed2e8,WORD_FRAGMENT,فَسَ,2:29,1
df06f43dbd3709fc6eaa,WORD_FRAGMENT,لِل,2:83,1
fe80a910570688752a72,WORD_FRAGMENT,مَةِ,2:85,1
ddc52450149e2a0a3ffe,WORD_FRAGMENT,يمَ,1:6,1
936e66d030b197b0afd4,WORD_FRAGMENT,يرُ,2:71,1
795440e160e7cadd6eaf,WORD_FRAGMENT,بِكُ,2:29,1
7d0b160b873c6e096a44,WORD_FRAGMENT,حَكِ,2:32,1
e338b45d3ea984371729,WORD_FRAGMENT,رُهُ,2:62,1
b99d4e05bf23ff1f9496,WORD_FRAGMENT,ايَ,2:106,1
f433b78f5a19db429921,WORD_FRAGMENT,مِلُ,2:25,1
4c71a632e081c5f36111,WORD_FRAGMENT,ورِ,2:17,1
f63676519c9a3c120fd5,WORD_FRAGMENT,ذَآ,2:20,1
1151bbe62e8d7b725a4a,WORD_FRAGMENT,كُرُ,2:40,1
3125453afebbafbd61be,WORD_FRAGMENT,لِى,2:152,1
2f3a20ebe46cf2de0873,WORD_FRAGMENT,وبِ,1:7,1
741905ad040eb947b617,WORD_FRAGMENT,أَرَ,2:26,1
b264526a8117947ff4a6,WORD_FRAGMENT,رِهِ,2:7,1
7e53828d6ef3a827ebb4,WORD_FRAGMENT,لِمُ,2:51,1
ce41b0f6fb7053103cce,WORD_FRAGMENT,تَهُ,2:6,1
2e0a23c6074472c72889,WORD_FRAGMENT,غَفُ,2:173,1
9203ee66d504ec133571,WORD_FRAGMENT,نَكُ,2:49,1
566d6b6455a8ef89b901,WORD_FRAGMENT,ابُ,2:37,1
1fed4525c81d41ecf7dd,WORD_FRAGMENT,تُمُ,2:33,1
2c37e85688ea32ddaafc,WORD_FRAGMENT,نزِ,2:4,1
d9c8a62361e4dc87767f,WORD_FRAGMENT,ءَهُ,2:89,1
fd05397e1ae43283eb77,WORD_FRAGMENT,أَتَ,2:30,1
76fa0cfcf1e3ae884b77,WORD_FRAGMENT,بَآ,2:61,1
34a7207019f26e3e4438,WORD_FRAGMENT,بِهَ,2:99,1
e8f5e598ab9140523f59,WORD_FRAGMENT,حَا,2:164,1
8e265df7f1807b70edcd,WORD_FRAGMENT,رِى,2:25,1
6b5df2bd112f8f37db00,WORD_FRAGMENT,فَعَ,2:234,1
d770db14c517f2358fa8,WORD_FRAGMENT,لَمَ,2:20,1
7da34e6a0349213025aa,WORD_FRAGMENT,وَأُ,2:5,1
0b50bb640c7cf74c5b69,WORD_FRAGMENT,جَهَ,2:206,1
f76556ba941b2524b060,WORD_FRAGMENT,سِهِ,2:109,1
58d8da1e037c418a91fb,WORD_FRAGMENT,لَهَ,2:134,1
e768b47f615d373c242e,WORD_FRAGMENT,ءُو,2:14,1
2dc5c57f3748d399d267,WORD_FRAGMENT,أُن,2:4,1
a3609b934fdcedca897e,WORD_FRAGMENT,عَنِ,2:189,1
64aa7bb5b8b7f7c6b834,WORD_FRAGMENT,كَمَ,2:13,1
e244da05d3709d452b85,WORD_FRAGMENT,صَا,2:60,1
85ec4fc294136032a5e3,WORD_FRAGMENT,فَهُ,2:18,1
9be67a67ab3e00e7ad78,WORD_FRAGMENT,نظُ,2:50,1
17b17eb8f0978e7c7bd9,WORD_FRAGMENT,دِى,2:26,1
5028a83f61db80aa49d8,WORD_FRAGMENT,قَلِ,2:41,1
678b9ffe95774f56b1b4,WORD_FRAGMENT,يُرِ,2:73,1
333b5787b5a600659eb3,WORD_FRAGMENT,مَلَ,2:102,1
772075abf1e1afb28a0c,WORD_FRAGMENT,أَنَ,2:160,1
049ce708d05de81cf05d,WORD_FRAGMENT,تَن,2:44,1
3836c919397ce16a4a53,WORD_FRAGMENT,دَهُ,2:10,1
15e688d58cfc8b6771f9,WORD_FRAGMENT,سِي,2:273,1
9b87472307a9da6ac21c,WORD_FRAGMENT,رَكَ,2:17,1
4035271bbb0c89777d5b,WORD_FRAGMENT,لَن,2:24,1
c72fc91e217255ae5ed3,WORD_FRAGMENT,وَكُ,2:28,1
0d57682b514b6ded99ee,WORD_FRAGMENT,فِرُ,2:199,1
7d302d8a39cc6c3a8c41,WORD_FRAGMENT,كُلُ,2:57,1
b6e05d3cb29cf740ed65,WORD_FRAGMENT,مَئِ,2:260,1
a21a666d6c9ebfe1aae2,WORD_FRAGMENT,يكُ,2:28,1
c92a25b317d9b27f04d1,WORD_FRAGMENT,يُن,2:3,1
c02100215fc7670a37ee,WORD_FRAGMENT,حَيَ,2:85,1
584d1f03418e71d4751c,WORD_FRAGMENT,سَنَ,2:58,1
898e91a6fa1da6be7973,WORD_FRAGMENT,فُسِ,2:109,1
9fc2fbd862e97b62e7c0,WORD_FRAGMENT,هِمُ,2:61,1
d71d69bdd67461823e2e,WORD_FRAGMENT,وَسَ,2:58,1
48f72d6eded91c218447,WORD_FRAGMENT,يَآ,2:91,1
28360853d814a2ec1159,WORD_FRAGMENT,بَلَ,2:49,1
78f8d9e2c9a06e74e82e,WORD_FRAGMENT,ضُو,1:7,1
eb2c2855ee6b5d5dbb2a,WORD_FRAGMENT,كَثِ,2:26,1
89751fba78bdb760d103,WORD_FRAGMENT,أَلِ,2:10,1
b6f939eee36a532c8714,WORD_FRAGMENT,رُسُ,2:98,1
ae6991e322eb7bbe73df,WORD_FRAGMENT,زَلَ,2:22,1
2bb7745a9532691453f7,WORD_FRAGMENT,فَيَ,2:26,1
8c4635b097e41b03092f,WORD_FRAGMENT,رَأَ,2:166,1
8a9df1157d79b3a8d628,WORD_FRAGMENT,وهَ,2:71,1
7ad52fb657ddbd634da7,WORD_FRAGMENT,فَرَ,2:50,1
5f483a7132ec57450549,WORD_FRAGMENT,فَكَ,3:25,1
9011b50ebc73bcbb4a51,WORD_FRAGMENT,أَبَ,2:34,1
5464cddbf4a97ce9ea7c,WORD_FRAGMENT,تُهُ,2:16,1
93e47d27e8e5dca7fa7e,WORD_FRAGMENT,فَا,2:68,1
9747dd7b9eb6deefcd78,WORD_FRAGMENT,مَنَ,2:13,1
155672c1b5d7986ee4c9,WORD_FRAGMENT,مُن,2:213,1
55826924010bfd38101e,WORD_FRAGMENT,بَنِ,2:40,1
1bb55d26d4677195799e,WORD_FRAGMENT,عَدُ,2:36,1
6340b4a48689e1f29f20,WORD_FRAGMENT,قَدِ,2:20,1
2648c498b0c4d824fa41,WORD_FRAGMENT,كُمَ,2:213,1
ee7478fccdccbdd276ee,WORD_FRAGMENT,هَدَ,2:23,1
40996398915609ef4306,WORD_FRAGMENT,ادُ,2:20,1
23d745a64026cc36c0ac,WORD_FRAGMENT,قُل,2:33,1
8cec69bb6fcb24fe3eac,WORD_FRAGMENT,بِرَ,2:61,1
252926b08075e02bc3bd,WORD_FRAGMENT,تَبَ,2:79,1
411ebb534f64d36d88dd,WORD_FRAGMENT,تُكَ,2:185,1
5d6f1a1e125455531caf,WORD_FRAGMENT,لِيُ,2:76,1
f910b159c258495180d4,WORD_FRAGMENT,مَعُ,2:75,1
de08f3706ecc8ac9a8cd,WORD_FRAGMENT,نفَ,2:60,1
2699c65cb7b24a6d3a23,WORD_FRAGMENT,بَعَ,2:56,1
4b7bfd1774108b092f64,WORD_FRAGMENT,نَكَ,2:32,1
b1a2b0fcf0f4a5480f8d,WORD_FRAGMENT,هِىَ,2:68,1
e9b21ff9e65e1fb64fb2,WORD_FRAGMENT,وبُ,2:54,1
c67ba88f80ebcfbe3b68,WORD_FRAGMENT,ارُ,2:80,1
2afe2026669c84079c46,WORD_FRAGMENT,جَمِ,2:29,1
e7c66b7d136b2e5465ed,WORD_FRAGMENT,زَا,2:10,1
c65d3d7969d7b66c3861,WORD_FRAGMENT,تَقِ,1:6,1
5124ffbf3ddaca19f64f,WORD_FRAGMENT,كَرِ,3:37,1
0da4eee39b67e4648d28,WORD_FRAGMENT,اسَ,2:44,1
d6aebc08c25aac4661f4,WORD_FRAGMENT,اعَ,2:233,1
5d12537d8eba28fbe765,WORD_FRAGMENT,لِحُ,2:5,1
ff483f79ac2381207b42,WORD_FRAGMENT,بُهُ,2:118,1
c4bf3da602f4bb1de07e,WORD_FRAGMENT,بِعُ,2:143,1
e753007628ecdbb1373e,WORD_FRAGMENT,رِكُ,2:84,1
ac8264a497487af5d404,WORD_FRAGMENT,فَبِ,3:159,1
e34a005a8382b83a561b,WORD_FRAGMENT,فِقُ,2:3,1
6ef93d5ca5c1b8b76c40,WORD_FRAGMENT,مَثَ,2:17,1
6a052ca9ec3d2c259f43,WORD_FRAGMENT,نفِ,2:3,1
90ac824ecb7a4d7b8dc8,WORD_FRAGMENT,وَقُ,2:24,1
e0d94cefcd9d7ed1788d,WORD_FRAGMENT,دَآ,2:23,1
b55cbcd9809163b7aa0d,WORD_FRAGMENT,سَمِ,2:93,1
1462cfb54ddd333720c5,WORD_FRAGMENT,لِقَ,2:54,1
b301c841bc31c8601560,WORD_FRAGMENT,يَهُ,2:113,1
ddeab9f5074d13e5114e,WORD_FRAGMENT,يُحِ,2:165,1
e267e93f06f444f97ac1,WORD_FRAGMENT,أَوَ,2:77,1
8159e79a19e309ebfd66,WORD_FRAGMENT,بَرُ,2:217,1
74f37d34cf899f71118b,WORD_FRAGMENT,تِكُ,2:56,1
e0287b6833ef8674fec7,WORD_FRAGMENT,جِي,2:167,1
c4a742ff6d5fc0763325,WORD_FRAGMENT,خَذَ,2:55,1
19cbd918b0891940503e,WORD_FRAGMENT,ظَلَ,2:54,1
ac28adc7f0a836dcaa59,WORD_FRAGMENT,فُسَ,2:9,1
96bc506d363531c3fea3,WORD_FRAGMENT,لَيَ,2:144,1
933dc45055ea6f79aea8,WORD_FRAGMENT,أَجَ,2:231,1
aa8f41fb688ac634eaa9,WORD_FRAGMENT,إِي,2:93,1
3915a3bd375167bcc6c8,WORD_FRAGMENT,تَقُ,2:80,1
7847cc162303554bbab6,WORD_FRAGMENT,خَبِ,2:234,1
76f2dc2c773fe3099302,WORD_FRAGMENT,رَآ,2:69,1
67c4774df6d42bd4be8d,WORD_FRAGMENT,زِلَ,2:4,1
3e0594df2e7d09d9235d,WORD_FRAGMENT,فَأُ,2:81,1
2daae78af40f54fea711,WORD_FRAGMENT,لَئِ,2:120,1
766bec5874021f93a692,WORD_FRAGMENT,وَبِ,2:4,1
1bfb8312299c4365aae7,WORD_FRAGMENT,يَرَ,2:165,1
f0beb573bf77f2d9b7ab,WORD_FRAGMENT,رَكُ,2:96,1
1a61b58a0edafd90f518,WORD_FRAGMENT,عَهُ,2:19,1
4bebcaf5737dd377f0fc,WORD_FRAGMENT,وتُ,2:101,1
f7fc848ea95f3940bf80,WORD_FRAGMENT,وتِ,2:136,1
53a97dccfc2beef9ed9d,WORD_FRAGMENT,افُ,3:175,1
f8a735db38aa54d876b9,WORD_FRAGMENT,تِهَ,2:25,1
70f34fcc0e2d03069bf0,WORD_FRAGMENT,فَرِ,2:75,1
5259ae44fcfaf9d27d33,WORD_FRAGMENT,قَهُ,2:212,1
662e259ebc06bf7ff073,WORD_FRAGMENT,مَنِ,2:102,1
25c0506706bae0771aba,WORD_FRAGMENT,بِعَ,2:19,1
d0bb702ce26b9a250719,WORD_FRAGMENT,حَرَ,2:144,1
8361101c714831c71567,WORD_FRAGMENT,شَهِ,2:143,1
8125d2f42dc547a5e4a9,WORD_FRAGMENT,طُو,2:36,1
ead30be563f9a39ecf99,WORD_FRAGMENT,مِهِ,2:54,1
4f98939ca2e95553d9b7,WORD_FRAGMENT,ينُ,1:5,1
7cd3b0c3511a43df05c2,WORD_FRAGMENT,يُنَ,2:90,1
f4140bafc43717490a32,WORD_FRAGMENT,اتُ,2:43,1
e168724aae6e8c00e509,WORD_FRAGMENT,اهُ,2:172,1
22d898deb954076d3862,WORD_FRAGMENT,حَسَ,2:109,1
454ab94dfdd8a6414c0c,WORD_FRAGMENT,سَبَ,2:81,1
f11581f0192c68feee68,WORD_FRAGMENT,غُو,2:187,1
a779d6eb1a04fc8d0621,WORD_FRAGMENT,فُرُ,2:28,1
a85c8aac8d8cc53df347,WORD_FRAGMENT,لِتَ,2:188,1
b22d21da9eae5330e528,WORD_FRAGMENT,لِهَ,2:61,1
2547318dda71de9bbcc1,WORD_FRAGMENT,مَهُ,2:15,1
6702570d746ac0db4279,WORD_FRAGMENT,بَصِ,2:96,1
c8ad0bdf56554705d8e0,WORD_FRAGMENT,بَهُ,2:60,1
113caa55709e66d3081a,WORD_FRAGMENT,بِإِ,2:97,1
7e04f20c2cb0a4733562,WORD_FRAGMENT,ودُ,2:24,1
8c2ef6ca92d0d852375b,WORD_FRAGMENT,آؤُ,2:170,1
b98970ef9598de9d9eb4,WORD_FRAGMENT,تَقَ,2:36,1
b63a7e5f09dacb9d02f3,WORD_FRAGMENT,تَمَ,2:7,1
68d34e486c38e7df839e,WORD_FRAGMENT,رَءَ,6:40,1
0bff546fbb584de6e384,WORD_FRAGMENT,فِرَ,2:175,1
46183ca759f4c89b5114,WORD_FRAGMENT,كِن,2:12,1
ad58e244866667d0c516,WORD_FRAGMENT,وَآ,2:6,1
ead3bf73428a58155b51,WORD_FRAGMENT,ءَكُ,2:23,1
ca2b9ae4d9424bbd255c,WORD_FRAGMENT,بِغَ,2:61,1
76e611b90ebd23d6ba00,WORD_FRAGMENT,تَلَ,2:37,1
6bf103a521df3cfc37b8,WORD_FRAGMENT,نذِ,2:6,1
fa3c4777255ffe7a0666,WORD_FRAGMENT,نكَ,2:120,1
b546bf9a6a0c221f7c36,WORD_FRAGMENT,دِقِ,2:23,1
0331dccca95a3a09884d,WORD_FRAGMENT,شَدِ,2:165,1
42594c12a728e4180d9f,WORD_FRAGMENT,كَأَ,2:101,1
a4ca6b441a0473e65400,WORD_FRAGMENT,ورُ,2:210,1
39e3765e1f438a3b0cf6,WORD_FRAGMENT,تَذَ,2:221,1
fdcc2165e393e17ce4ca,WORD_FRAGMENT,تِيَ,2:38,1
d18f930a89e7465db556,WORD_FRAGMENT,سَهُ,2:9,1
d3f71aef89d0018faf15,WORD_FRAGMENT,لَأَ,2:220,1
f9f50a0edb7a030fd4f9,WORD_FRAGMENT,لَتَ,2:96,1
bf18644f2421df22d2c5,WORD_FRAGMENT,نَهَ,2:249,1
f7af6b4076a8cde93391,WORD_FRAGMENT,وكُ,2:76,1
6339646ad7653fc95dab,WORD_FRAGMENT,اذَ,2:19,1
39280f4f029f2204e0da,WORD_FRAGMENT,تَجِ,2:96,1
2fdeaa10b1b5e3290505,WORD_FRAGMENT,ثُو,2:76,1
143ddab271305403a4cc,WORD_FRAGMENT,جِعُ,2:18,1
6f5bbdee6155d9b3527b,WORD_FRAGMENT,دُهُ,2:96,1
1cf49b591f18cad2f0c3,WORD_FRAGMENT,قَآ,3:18,1
4941814c67f51d71a178,WORD_FRAGMENT,قِلُ,2:44,1
0bfde22cea8f0eb0ad41,WORD_FRAGMENT,ثَرَ,2:243,1
5b1e1c57685c7361f828,WORD_FRAGMENT,عَمَ,3:195,1
64ec1ac2207885fb25b1,WORD_FRAGMENT,لِأَ,2:110,1
369170af9357c5018af7,WORD_FRAGMENT,مَرَ,2:10,1
f9f1f91855c5a95cf172,WORD_FRAGMENT,ؤُلَ,2:31,1
d3dd46064caf11351026,WORD_FRAGMENT,اسُ,2:13,1
51e60f72a6bf07742739,WORD_FRAGMENT,ظُرُ,2:50,1
0dc58d88d9c81360ee7b,WORD_FRAGMENT,فَقُ,2:60,1
771841f4d176c2505412,WORD_FRAGMENT,كَلِ,2:37,1
f215e72c3e51ad1d226f,WORD_FRAGMENT,وَفِ,2:49,1
22618d07160b41904476,WORD_FRAGMENT,وَنُ,2:30,1
27da10d45c12f6db95bf,WORD_FRAGMENT,يزُ,2:129,1
0d1f630f9eafdc10b378,WORD_FRAGMENT,يُبَ,2:68,1
93ff6957ec61db71dff6,WORD_FRAGMENT,يُعَ,2:96,1
bf5759baabcc3131bf94,WORD_FRAGMENT,خُلُ,2:58,1
72f1ffe5fa7d11e1231b,WORD_FRAGMENT,خِذُ,2:67,1
012b9f47d04a64f9bb0c,WORD_FRAGMENT,لِدِ,2:162,1
819ce5a16f2a5513ca6f,WORD_FRAGMENT,مَتِ,2:40,1
5eb79924534ba5ab7165,WORD_FRAGMENT,ءِي,2:40,1
e157c4a85f7ff9656cfc,WORD_FRAGMENT,سَيَ,2:137,1
cd6f34766825401418f4,WORD_FRAGMENT,كَبِ,2:45,1
457440dfd12aa180a59b,WORD_FRAGMENT,وبَ,2:103,1
ef282601bc2d06089caa,WORD_FRAGMENT,ورَ,2:23,1
e954d767da81b6633426,WORD_FRAGMENT,بِرُ,2:87,1
eefc83d5a279d0a6b72e,WORD_FRAGMENT,رِجُ,2:84,1
c75dd781ef7f6dd0eeac,WORD_FRAGMENT,زَآ,2:85,1
d3e9833d5efd8f6d959e,WORD_FRAGMENT,لِنَ,2:143,1
58526d19ffc152ebf47f,WORD_FRAGMENT,ندِ,2:79,1
aa89e406be9b0d5bde10,WORD_FRAGMENT,نُهُ,2:159,1
67dfa3686698a9ab7606,WORD_FRAGMENT,هُدَ,2:16,1
5bee6f086a94ab47fd0a,WORD_FRAGMENT,هِمَ,2:124,1
0d06ce0689f5893996a8,WORD_FRAGMENT,وَحَ,2:144,1
85e73792a2247b200d05,WORD_FRAGMENT,تَدُ,2:53,1
cdc748d6281ee0cd082d,WORD_FRAGMENT,تِلُ,2:190,1
f32ac46ee1d944e879b7,WORD_FRAGMENT,جِدُ,2:110,1
87dcd4c9095236d47418,WORD_FRAGMENT,حَمِ,2:267,1
825578366d44c578eec7,WORD_FRAGMENT,حِسَ,2:202,1
519704a4863beaab30cb,WORD_FRAGMENT,سِكُ,2:110,1
88ee33a0cf2ee8aece86,WORD_FRAGMENT,سِنِ,2:58,1
7854a41d411c4cb42428,WORD_FRAGMENT,كَسَ,2:81,1
34ee8720a45f173b446a,WORD_FRAGMENT,كَٱ,2:74,1
dfb1e5fb8023543c5f01,WORD_FRAGMENT,نَتَ,2:60,1
bb1d51427aab01773761,WORD_FRAGMENT,تَنَ,2:32,1
8473af935756bd077794,WORD_FRAGMENT,ذِهِ,2:35,1
6e0e3eadf0f3416d2535,WORD_FRAGMENT,سَنُ,2:138,1
f1861a5dda3914c90e60,WORD_FRAGMENT,طَا,2:247,1
22013f3541513587f950,WORD_FRAGMENT,قَكُ,2:21,1
0bd2e67702bf393aea32,WORD_FRAGMENT,كَآ,2:208,1
6d7176589ef025123939,WORD_FRAGMENT,وَعِ,2:136,1
437e731ec140de10ef0a,WORD_FRAGMENT,يتُ,2:28,1
9eb1d6e55fd89587577d,WORD_FRAGMENT,يَدَ,2:66,1
e9fc395e4e963fcdcfe0,WORD_FRAGMENT,أَمَ,2:27,1
c6265be35e135917353a,WORD_FRAGMENT,اخَ,4:91,1
ba2d012efa2bb4fa882f,WORD_FRAGMENT,امُ,2:20,1
ba8e9923e9712abbf988,WORD_FRAGMENT,تَفَ,2:74,1
f379bc40a18d974cd23c,WORD_FRAGMENT,رَجُ,2:191,1
d26bac6cde9d99dc15b6,WORD_FRAGMENT,سَبُ,2:202,1
4a996fd239d52970c1c7,WORD_FRAGMENT,فَنَ,2:167,1
e00dfeb87e6d203ac9db,WORD_FRAGMENT,قِبَ,2:143,1
48eda6a7568bc532dfd8,WORD_FRAGMENT,أَمِ,2:140,1
5e950574c60b7bfd9d8d,WORD_FRAGMENT,ؤُا,5:18,1
835e505109be43d68d73,WORD_FRAGMENT,تُكُ,2:28,1
878593ac3634012d831e,WORD_FRAGMENT,جَزَ,2:85,1
4085aa306fb125f2313f,WORD_FRAGMENT,رَجَ,2:22,1
884804a16b9eade09a78,WORD_FRAGMENT,رِمِ,6:55,1
5dac599fc70cbcd21d90,WORD_FRAGMENT,سَى,2:53,1
4c9de128c0f7af30b7a5,WORD_FRAGMENT,لُكُ,2:139,1
49ec7735ffc123521c22,WORD_FRAGMENT,لِفُ,2:113,1
c95538d9f81729bf891b,WORD_FRAGMENT,نَصِ,2:107,1
25481a51ebef8760f029,WORD_FRAGMENT,وكَ,3:20,1
c0867a7b15e73a52973e,WORD_FRAGMENT,يَمَ,2:87,1
f6e1f4cd41e76dbcaf53,WORD_FRAGMENT,خِرِ,2:8,1
591480273f98d9c1e163,WORD_FRAGMENT,شُرَ,4:12,1
800f1e95002c71570fb9,WORD_FRAGMENT,فَهَ,2:13,1
4bb3f2ef5815b00da727,WORD_FRAGMENT,فَيُ,2:245,1
174d37fff45f8f054171,WORD_FRAGMENT,مَكَ,3:54,1
406e7ff8fce6cc9ab19f,WORD_FRAGMENT,مُتَ,2:25,1
43dffcfc1eb35192634e,WORD_FRAGMENT,وَوَ,2:79,1
dee105af23bee51f257d,WORD_FRAGMENT,وُجُ,2:144,1
65855fbb27507a315214,WORD_FRAGMENT,يُضِ,2:26,1
14932be16d9fb4907ab8,WORD_FRAGMENT,ئِن,3:157,1
987ecfed0afe6e5a6422,WORD_FRAGMENT,بَشَ,3:47,1
8e603998bc7af8d33047,WORD_FRAGMENT,بُيُ,2:189,1
a37d745cd0f2031007b8,WORD_FRAGMENT,بِرِ,2:153,1
767fdfc006090523f679,WORD_FRAGMENT,تَرُ,2:41,1
bd4647f153e60bb8294c,WORD_FRAGMENT,تُن,2:6,1
fa27aac97825a0ff6e8f,WORD_FRAGMENT,ثَرُ,2:100,1
5c927061653b18dbc938,WORD_FRAGMENT,ذَرُ,2:234,1
2c61dafae6973bb564d3,WORD_FRAGMENT,رَبُ,2:60,1
7e284085148d6da9f1a1,WORD_FRAGMENT,رِكِ,2:105,1
b9a4cfcb19f179edeeee,WORD_FRAGMENT,صُو,2:139,1
203ab531ded75a585d0b,WORD_FRAGMENT,نصُ,2:250,1
8e7e14db7a09e84936f8,WORD_FRAGMENT,هَدُ,2:84,1
5864db45b60c3f2bd6f7,WORD_FRAGMENT,يبُ,2:186,1
3b3c0bbf321fd6cdd88e,WORD_FRAGMENT,يسَ,2:34,1
aa2e87f49a7047357401,WORD_FRAGMENT,أَشَ,2:74,1
0fa532dc2e0865440286,WORD_FRAGMENT,اقَ,2:249,1
282fdf2f21aa8d1a79c2,WORD_FRAGMENT,بَعُ,2:26,1
5d1a53d6af9350a127a5,WORD_FRAGMENT,تُلُ,2:54,1
974f24bf00d80a4a03ff,WORD_FRAGMENT,تِىَ,2:40,1
a921553f08074ff4ce96,WORD_FRAGMENT,جَعُ,2:28,1
5cd4caf6221102ea41f9,WORD_FRAGMENT,قَرِ,2:186,1
0e4fcc3bba2cec716ffb,WORD_FRAGMENT,قُلِ,2:219,1
136ee472fbcd1b1096ec,WORD_FRAGMENT,مُهُ,2:114,1
ee8b0b6fb0ac1adc06cc,WORD_FRAGMENT,نَذِ,2:119,1
452785d27ab6323e2513,WORD_FRAGMENT,افِ,2:41,1
05c0daf5b8d74b4a23ae,WORD_FRAGMENT,اقِ,2:69,1
536972f51e2a57b0cc84,WORD_FRAGMENT,جَرَ,2:35,1
a119712b3ef98d3a18f6,WORD_FRAGMENT,خَرَ,2:114,1
02c76090aef68d849ba6,WORD_FRAGMENT,رَزَ,2:3,1
7fe64bf066a3e721f6f5,WORD_FRAGMENT,عَكُ,2:14,1
c08df2b8ef4fe8b0fa07,WORD_FRAGMENT,مِعُ,3:9,1
6c75bc54541e278373f0,WORD_FRAGMENT,ودَ,2:80,1
f2a53df748d126d0bd15,WORD_FRAGMENT,يرَ,2:45,1
f61c1db9531deb7ecd7a,WORD_FRAGMENT,جِبَ,7:74,1
f4eebd0a66d0b4244d22,WORD_FRAGMENT,خَذُ,2:48,1
798cdf4f24aff1226329,WORD_FRAGMENT,رِجَ,2:239,1
f6a03d510fb3d92dfa97,WORD_FRAGMENT,فَعُ,2:102,1
f6c625799319790d4020,WORD_FRAGMENT,كَذِ,2:200,1
8555c5cee382293f8e2b,WORD_FRAGMENT,لَبِ,2:102,1
7603aeae1eeaa9b640ed,WORD_FRAGMENT,مَعِ,2:161,1
1f4c8cef70b5becc4e20,WORD_FRAGMENT,نبَ,2:33,1
1df405a0d8f0799c5c9b,WORD_FRAGMENT,وحِ,2:87,1
43ec7f8a0ae77899917b,WORD_FRAGMENT,ومُ,2:49,1
eb5f8c2d09d795add87a,WORD_FRAGMENT,وَتُ,2:85,1
a56d46b697a8aa83063f,WORD_FRAGMENT,ئِهِ,2:33,1
94fa517f3673336341d0,WORD_FRAGMENT,بَةُ,3:137,1
0c1c4a4b2ca14a94bfd7,WORD_FRAGMENT,بِيَ,2:91,1
17f1c3d5b636ef11c833,WORD_FRAGMENT,تَكَ,2:145,1
cb4463174c4e594cb90c,WORD_FRAGMENT,تَلِ,2:113,1
7bc22d4a9052f9f40fc2,WORD_FRAGMENT,حَدِ,3:91,1
1ef1cf0de87142a1c553,WORD_FRAGMENT,دِيَ,4:26,1
90ef9cf209424c6b3768,WORD_FRAGMENT,رُجُ,2:74,1
7ab80b48ced1862a20ae,WORD_FRAGMENT,عَآ,2:158,1
0327fb44c5855d2d6819,WORD_FRAGMENT,فَكُ,2:58,1
2327df3921d073719431,WORD_FRAGMENT,لِبَ,2:36,1
95fbc4025775198b463d,WORD_FRAGMENT,مُرُ,2:44,1
79744b2fa970d08ad842,WORD_FRAGMENT,وعَ,2:232,1
19f3c54be208b30bd45e,WORD_FRAGMENT,وَهَ,3:8,1
491ab0f7a8f79b56ed83,WORD_FRAGMENT,بَرَ,2:34,1
717f2c31d56af4540a8a,WORD_FRAGMENT,بَعِ,2:51,1
4c3073b61c0a16859543,WORD_FRAGMENT,بِكَ,2:97,1
159a94f63a325041c227,WORD_FRAGMENT,جُنُ,2:249,1
a5dd4f92a219baf23e37,WORD_FRAGMENT,حِدَ,2:213,1
0833b2c9e01d1e085c5e,WORD_FRAGMENT,سُلَ,2:102,1
9851accdb3d45c9a940b,WORD_FRAGMENT,عَسَ,2:216,1
84b2f364d202c8059f47,WORD_FRAGMENT,فَجَ,2:60,1
176fe25e032aa8b3eb3d,WORD_FRAGMENT,مِلَ,2:62,1
5356b61f0f0ad0fa5663,WORD_FRAGMENT,نصَ,2:48,1
3f7972d37a170defc2fa,WORD_FRAGMENT,نَةِ,3:7,1
d96557104bb7c2854c21,WORD_FRAGMENT,وقُ,3:106,1
0ce946dcd523e0b181a9,WORD_FRAGMENT,أَطِ,3:32,1
7c23b1d713fe18b6639d,WORD_FRAGMENT,بِبَ,2:73,1
d045f626e3c86ed94c61,WORD_FRAGMENT,بِعِ,4:166,1
042b4dfa2763a740537a,WORD_FRAGMENT,تُنَ,3:93,1
27dd3f44e809cc2aa464,WORD_FRAGMENT,دِلُ,2:61,1
b60998295913ed522b73,WORD_FRAGMENT,زِى,2:48,1
2fc06348f64fcc2f279a,WORD_FRAGMENT,سُلُ,2:253,1
eca7615011f3ea8a6181,WORD_FRAGMENT,عَصَ,2:60,1
055b543ffcbf54f64fef,WORD_FRAGMENT,فَوَ,2:79,1
4ca787810454b06fa640,WORD_FRAGMENT,كَةُ,2:210,1
fd820916fa8c25ea784e,WORD_FRAGMENT,وسُ,2:279,1
0cd987f80a3ea781957e,WORD_FRAGMENT,وِي,3:7,1
a7ccd5b7c5870f09892d,WORD_FRAGMENT,يُكَ,2:118,1
2326817098638f594be1,WORD_FRAGMENT,تَتَ,2:219,1
5f2d8264627d359f36fd,WORD_FRAGMENT,تَخَ,2:275,1
6be2aacf8f6d3a10320b,WORD_FRAGMENT,تَدَ,2:65,1
8deaff75b99939499525,WORD_FRAGMENT,تَنِ,4:31,1
7be703c5b5b8f8dd84d8,WORD_FRAGMENT,خُذُ,2:63,1
f774a3b2129d3992c109,WORD_FRAGMENT,رَى,2:55,1
e355f4c34fe432282a83,WORD_FRAGMENT,سُلِ,2:87,1
603a8e8210f842bf9b2e,WORD_FRAGMENT,شَرَ,2:102,1
f4d2582d54571ff47455,WORD_FRAGMENT,صِرُ,2:17,1
a91e9cbed80f349740ed,WORD_FRAGMENT,قَرَ,2:67,1
ec88e46257bf340d8781,WORD_FRAGMENT,لَفِ,2:176,1
9eac9c2ee8f1d54a71b4,WORD_FRAGMENT,لِحِ,2:130,1
65161c904037ccede255,WORD_FRAGMENT,لِدُ,2:25,1
26e8171c3d353db2e735,WORD_FRAGMENT,مَةَ,2:129,1
e49b19dfbfc1acae3eee,WORD_FRAGMENT,مَتَ,2:214,1
1aefcd2c82cbe82d5304,WORD_FRAGMENT,وَفَ,2:87,1
ca6bf7a8bf6c6590fad7,WORD_FRAGMENT,وَمُ,2:213,1
ef82fb204ff10f849ebb,WORD_FRAGMENT,يبَ,2:156,1
caeed6c12014be871de9,WORD_FRAGMENT,يُحَ,2:75,1
67794dd79c9dc1a3f9f1,WORD_FRAGMENT,أَصَ,2:264,1
b74d9c45be376c8818c5,WORD_FRAGMENT,بَنَ,3:8,1
8a8caa76ee9d03e0bc5f,WORD_FRAGMENT,بِى,2:186,1
e914defe20657a3ab0a7,WORD_FRAGMENT,تَدِ,2:16,1
65f44387d63d51c13680,WORD_FRAGMENT,تَعَ,2:102,1
778307f0377691719502,WORD_FRAGMENT,ثَا,2:125,1
0d7d53b8bb6ebd44b060,WORD_FRAGMENT,خِي,2:178,1
d71e4390877bb4411f55,WORD_FRAGMENT,رَةُ,2:24,1
cd25fa97c7a548211901,WORD_FRAGMENT,عُرُ,2:9,1
42468d7634e1d81c1a23,WORD_FRAGMENT,قِهِ,2:27,1
bc2835235e0ad6916565,WORD_FRAGMENT,كَةِ,2:30,1
309dd79b9c09e4e687d0,WORD_FRAGMENT,وُا,2:16,1
2aef807782a82ae23ce1,WORD_FRAGMENT,أَكُ,2:67,1
3f128f70fd5bb66a7dbd,WORD_FRAGMENT,ئِفَ,3:69,1
cf770e521ed1eabf587e,WORD_FRAGMENT,بِحَ,2:16,1
1de61d6c4a777ead7ee8,WORD_FRAGMENT,تَصِ,3:44,1
1216acbf7c8a475508c5,WORD_FRAGMENT,رَبَ,2:35,1
b4365afd5b88b8712b9f,WORD_FRAGMENT,زُو,2:250,1
492fc9402051fbff64e1,WORD_FRAGMENT,ضَرَ,2:133,1
ade623da212e70c7a9e2,WORD_FRAGMENT,ضِىَ,2:210,1
0a18ece9832c441b03e9,WORD_FRAGMENT,عَرَ,2:31,1
d8f6bf5a1ed68b176bc1,WORD_FRAGMENT,عِدُ,2:235,1
38ce95d5b6fb3f4e2ce3,WORD_FRAGMENT,عِقَ,2:55,1
2ca7341b60be63a8543b,WORD_FRAGMENT,قَمَ,6:77,1
aff82b17e4a5c3148449,WORD_FRAGMENT,لَأُ,3:195,1
cf9a64e3bac07bacea6e,WORD_FRAGMENT,لَتِ,2:113,1
ca5a3ed1b63f30fb2b4f,WORD_FRAGMENT,لَغَ,3:40,1
db8b6fd732c08d78754b,WORD_FRAGMENT,مَصِ,2:126,1
1605a0211b52be6a87f4,WORD_FRAGMENT,نقَ,2:143,1
fb62e8a86fba8ce2dd23,WORD_FRAGMENT,نَبَ,2:101,1
72d6da2de7e8f2625214,WORD_FRAGMENT,وَخَ,3:175,1
92477acba351fff8c2be,WORD_FRAGMENT,وَكِ,2:233,1
974e8f5c3c8037e1f197,WORD_FRAGMENT,أَءِ,12:90,1
82d22ecca4a2d4c9d303,WORD_FRAGMENT,أَضَ,2:17,1
225f706031e7bfbbff9d,WORD_FRAGMENT,احَ,2:158,1
ee15175b0d803bd1bb04,WORD_FRAGMENT,بِمُ,2:8,1
295d497b782f05ace537,WORD_FRAGMENT,تَطِ,2:273,1
8dd4ccddb7534601fbe1,WORD_FRAGMENT,تَمِ,4:27,1
a53b65fda9c0a647c5c7,WORD_FRAGMENT,ثَلُ,2:17,1
8bfc3294182e7f8907b8,WORD_FRAGMENT,جِدَ,2:96,1
1cc9c9e3d546a8fe9e9b,WORD_FRAGMENT,رَةَ,2:35,1
b0b7d6902123d3d17a13,WORD_FRAGMENT,سَوَ,2:6,1
c40967bf33f2af2a75ac,WORD_FRAGMENT,سِرُ,2:27,1
4e53ba8f56bfe39afc03,WORD_FRAGMENT,شَا,2:158,1
ab76c0b8a7e4d5a1d3ad,WORD_FRAGMENT,شِي,2:119,1
df4204a727fb26510a53,WORD_FRAGMENT,صَدَ,2:177,1
615594ee99e5a30feb2b,WORD_FRAGMENT,ضِي,2:143,1
f4297075461b88428a47,WORD_FRAGMENT,طَآ,3:154,1
c4706270cc16e17fc128,WORD_FRAGMENT,عَةُ,6:31,1
27a339fabdf045f9d065,WORD_FRAGMENT,عَدَ,2:61,1
f98390ea196784f54e1a,WORD_FRAGMENT,لَدَ,3:44,1
70d18897a229c51f26da,WORD_FRAGMENT,مُكَ,3:137,1
e578136a617d8053b8d1,WORD_FRAGMENT,نكِ,2:221,1
6f643666ba38e0302f9c,WORD_FRAGMENT,ودِ,2:125,1
ad6bdadfdee1e00c1de6,WORD_FRAGMENT,وَرُ,2:98,1
ca4ccb9657b1aa7df614,WORD_FRAGMENT,وَصَ,2:217,1
d7538bf8e09306c12b20,WORD_FRAGMENT,يَجِ,2:196,1
89857a3afb307bd2c503,WORD_FRAGMENT,يَمِ,3:179,1
17fb71cd66d3d78cda28,WORD_FRAGMENT,ثَمُ,7:73,1
89a43446f5be09a7d24e,WORD_FRAGMENT,جَحِ,2:119,1
27a0e18381bf7639fbb5,WORD_FRAGMENT,جِدِ,2:144,1
3da344b7318693a32588,WORD_FRAGMENT,رِبُ,2:73,1
9532de662d0cc36779ea,WORD_FRAGMENT,رِضُ,2:83,1
3c435f2f3687428313cf,WORD_FRAGMENT,سَلِ,2:252,1
35527cc6a1d4261d1824,WORD_FRAGMENT,سِبُ,2:79,1
3f95b294ca91af3c96ff,WORD_FRAGMENT,عُهُ,2:102,1
ea1cde5ff56254e6a833,WORD_FRAGMENT,لِبُ,2:143,1
0adf376d975d1a50e03f,WORD_FRAGMENT,لِدَ,2:83,1
bf0f46e9af7aa210f1e9,WORD_FRAGMENT,نشَ,6:6,1
7ee23c0bee9acf689b37,WORD_FRAGMENT,وقِ,2:4,1
edd91f63387ee4807aef,WORD_FRAGMENT,وَزَ,2:35,1
621f61b3512648045ea2,WORD_FRAGMENT,وَضَ,3:36,1
c7ccbc5b660cefe0bb30,WORD_FRAGMENT,أَخِ,2:178,1
3d5edbeed135015a5f20,WORD_FRAGMENT,أَقِ,2:43,1
7f4b3f7534404db877ed,WORD_FRAGMENT,أَنِ,4:66,1
a62cddca5614b45ca4e9,WORD_FRAGMENT,اعِ,2:30,1
f0ab99de6166ef09d73f,WORD_FRAGMENT,جُنَ,2:158,1
eeef114ecb1ed9a726b0,WORD_FRAGMENT,دَعَ,2:186,1
9a9ffa5f136c0b692a05,WORD_FRAGMENT,ذُنُ,3:11,1
bd3d9e195ace298fa382,WORD_FRAGMENT,رِفُ,2:146,1
d48ef7d1c18db5b14e2b,WORD_FRAGMENT,شُو,4:34,1
c0fd6a977659b4a9d73a,WORD_FRAGMENT,صَرُ,2:48,1
70b003fcba3ebeba5781,WORD_FRAGMENT,صَلَ,2:27,1
27e83c225f77fb4eb479,WORD_FRAGMENT,ضَآ,2:17,1
40eba3f072727e8665dd,WORD_FRAGMENT,ضُهُ,2:76,1
0cc7c51e144fbddfd81c,WORD_FRAGMENT,عَنَ,2:88,1
f8f8cbb52a11afb77ffa,WORD_FRAGMENT,غَا,3:160,1
3abb394f8d3f10ecbdb6,WORD_FRAGMENT,فَلِ,2:91,1
8ed16ebcf65ffbf7ef93,WORD_FRAGMENT,قَضَ,2:117,1
f0dcfca77f755e9586ad,WORD_FRAGMENT,لِتُ,2:185,1
7d5873ca66572f6ca9f1,WORD_FRAGMENT,نبِ,2:33,1
36ed0ff61045ac9bd4a8,WORD_FRAGMENT,نِكُ,2:109,1
e8eff6dfc961519c9b73,WORD_FRAGMENT,نِيَ,2:273,1
2c9144350c439169a589,WORD_FRAGMENT,هِدُ,2:204,1
f6cb664312f05c773c97,WORD_FRAGMENT,وَرِ,3:15,1
a68a61df124fc1ea4fdb,WORD_FRAGMENT,يدِ,3:182,1
565b8b4c4f2368925769,WORD_FRAGMENT,يلُ,2:127,1
b79086b778801a71799f,WORD_FRAGMENT,يَتِ,5:26,1
58d89a5852c5b9faa0ad,WORD_FRAGMENT,ءَنَ,2:170,1
400c9af276946de3215e,WORD_FRAGMENT,إِنِ,2:192,1
24599f0f0a450209f5c4,WORD_FRAGMENT,اصِ,2:179,1
0cbe09937c7aabdf7409,WORD_FRAGMENT,بَقَ,2:67,1
ca4b2e8b62a6f9da70af,WORD_FRAGMENT,بِسُ,2:23,1
ddd8d2c5567e4a7d22db,WORD_FRAGMENT,تَغُ,2:187,1
86c01b37041a6f890507,WORD_FRAGMENT,خُو,3:7,1
51cc19adb844abeb71ab,WORD_FRAGMENT,دَخَ,3:37,1
12cf92bfd8158393a87e,WORD_FRAGMENT,دِرُ,2:264,1
67eccea8edffbf965e42,WORD_FRAGMENT,صُرُ,3:81,1
05187e250a133b21c1fe,WORD_FRAGMENT,عَكَ,4:102,1
7307e14ab7fafad9e7a9,WORD_FRAGMENT,فِقِ,3:17,1
ad71e18bb4879fcc590b,WORD_FRAGMENT,مَلِ,2:246,1
9f1e997c0b3630e3ec2a,WORD_FRAGMENT,مُبِ,5:92,1
b966bc91b9ba5cff4dac,WORD_FRAGMENT,نثَ,2:178,1
197ed6a15ab36f8c5086,WORD_FRAGMENT,هَبَ,2:17,1
48445643e3cb3ac6d2b7,WORD_FRAGMENT,وفِ,2:40,1
0ddcb8f760f21d9ec14c,WORD_FRAGMENT,اجِ,3:154,1
b41b71c8de00a453cc18,WORD_FRAGMENT,تَهَ,2:192,1
8c13e9126e6925a212e9,WORD_FRAGMENT,دِنَ,1:6,1
33e11d1469c340a03dc4,WORD_FRAGMENT,سَأَ,2:61,1
ee1afbbb8621f1e2ff29,WORD_FRAGMENT,سَكُ,2:44,1
8f83b85d7a78cb25a00e,WORD_FRAGMENT,سَلَ,2:275,1
cddf2fd33f54921312e4,WORD_FRAGMENT,صَبَ,6:34,1
47201ae968ca6ad5b354,WORD_FRAGMENT,عَةِ,2:226,1
1ce4f4577066f76c120c,WORD_FRAGMENT,عَثُ,4:35,1
0378575ba07c134fb13f,WORD_FRAGMENT,غَآ,2:207,1
99c354fba4967a1d9c06,WORD_FRAGMENT,غَنِ,2:263,1
1890ac54eec5844c19c9,WORD_FRAGMENT,فَآ,2:226,1
f3f889219ae9970514df,WORD_FRAGMENT,فَبَ,2:59,1
c820fde5b3911c393b9b,WORD_FRAGMENT,لِرَ,2:131,1
21052648d2d0fbcf33b7,WORD_FRAGMENT,نسَ,2:44,1
123aa0708487dea7ae9c,WORD_FRAGMENT,وَغَ,3:24,1
fc9164946e8f2ef3bf20,WORD_FRAGMENT,وَقِ,2:61,1
ce697fe40450440ea807,WORD_FRAGMENT,يرِ,2:173,1
cc5c02c3655c76aa9003,WORD_FRAGMENT,يَزِ,4:173,1
b071af318c0360caf4d6,WORD_FRAGMENT,أَبِ,6:74,1
1327b2a5605904b687be,WORD_FRAGMENT,أَقَ,2:177,1
15ef443755a343e2ea61,WORD_FRAGMENT,ؤُكُ,2:223,1
16cf8fb2454b809543dc,WORD_FRAGMENT,ئِكُ,2:54,1
5ab78fb1610690b8f37e,WORD_FRAGMENT,اوِ,2:259,1
f122b5b34f2b549791dc,WORD_FRAGMENT,بِنَ,2:22,1
f8c8677172866139b696,WORD_FRAGMENT,تِكَ,2:129,1
fc30796f7b116497f0b1,WORD_FRAGMENT,ذِرَ,6:19,1
3ea0dc176298b1a41294,WORD_FRAGMENT,رُكُ,2:67,1
eb3c7a227a55ad96cf54,WORD_FRAGMENT,فَمِ,2:200,1
38f608bb0ae9be7f3d00,WORD_FRAGMENT,قَتَ,2:72,1
289b7b22042cd783df67,WORD_FRAGMENT,لَفَ,2:213,1
128b1aa3190c74cea988,WORD_FRAGMENT,لَنُ,2:144,1
43b7fc0e61adc1649401,WORD_FRAGMENT,مُصَ,2:41,1
24326b757e86d7e356bf,WORD_FRAGMENT,نَنَ,2:139,1
0580b865ff2d1daf511c,WORD_FRAGMENT,نِسَ,2:49,1
da4d6e2c4132628cffc8,WORD_FRAGMENT,يَسِ,4:30,1
1fb0edfa5fc0f0b09af9,WORD_FRAGMENT,أَعَ,4:93,1
7e92fa67075f27766ae5,WORD_FRAGMENT,احِ,2:235,1
aeb7a5bded1aa76beff2,WORD_FRAGMENT,اوُ,2:233,1
f67c4b8492a6ca55f6f9,WORD_FRAGMENT,بِقُ,2:63,1
020b653861916ea85a59,WORD_FRAGMENT,تَبِ,2:38,1
9664873d9883009e40c3,WORD_FRAGMENT,تَجَ,3:172,1
7bb53780f82c6ae3c5bd,WORD_FRAGMENT,ثَمَ,2:25,1
1375ac9f709ba8b6d56d,WORD_FRAGMENT,جُدُ,2:34,1
2bffe0c3d70924d09d6e,WORD_FRAGMENT,حَدُ,2:96,1
6b7142350677c266d0fc,WORD_FRAGMENT,حَمَ,2:286,1
aa25568687640221d519,WORD_FRAGMENT,دَرَ,2:228,1
2ca113015a505f153a2d,WORD_FRAGMENT,رَفَ,2:63,1
8a922c692c83a5bbbe0d,WORD_FRAGMENT,سِرِ,2:64,1
796de9aed23fb37ef342,WORD_FRAGMENT,طَعَ,2:61,1
0a9b1202ae7e15f5e0c1,WORD_FRAGMENT,عَل,3:41,1
9204f2d9b9d6a9d191d7,WORD_FRAGMENT,غِي,2:282,1
7f6ecf35465bea0423fe,WORD_FRAGMENT,فُسُ,2:87,1
2da6982a104dd967d815,WORD_FRAGMENT,قَدَ,2:17,1
47dcf45b79974994f5dd,WORD_FRAGMENT,كَرَ,2:114,1
e26a8cfefccb01352edc,WORD_FRAGMENT,كِرَ,6:118,1
19563fc7ba9aa9a5f4ae,WORD_FRAGMENT,لَحَ,2:182,1
c53582ee2b06622925dc,WORD_FRAGMENT,لُقُ,3:47,1
5581d32a42c9d012f27d,WORD_FRAGMENT,لُنَ,2:139,1
5de9ac1969b3290945c1,WORD_FRAGMENT,نسِ,2:106,1
532fa951267184f7b735,WORD_FRAGMENT,نَن,2:106,1
71826b0ad2bf41c763ed,WORD_FRAGMENT,هِهِ,3:118,1
14004dbec6bbddd0c647,WORD_FRAGMENT,وتَ,2:102,1
a7b6f6d874d70b4dcfb3,WORD_FRAGMENT,وَشَ,2:259,1
4818fd55b0d74a999390,WORD_FRAGMENT,وَطَ,3:42,1
85811e3c6e6a7f9b3009,WORD_FRAGMENT,يقَ,4:169,1
d35f3647c7398bb5c9a4,WORD_FRAGMENT,يَتُ,3:41,1
148f7856ce34d76ec343,WORD_FRAGMENT,يَمُ,2:15,1
74c233458b9c4b20b281,WORD_FRAGMENT,يَنَ,2:124,1
3a9c1ec72384d54655e3,WORD_FRAGMENT,ءَأَ,2:6,1
55b0976b45845b48015f,WORD_FRAGMENT,أَتُ,2:76,1
205c809ef0d6751d9857,WORD_FRAGMENT,اطِ,2:136,1
cd2e7759b6e706367b8b,WORD_FRAGMENT,تَطَ,2:158,1
999e1bf565bb35316bb3,WORD_FRAGMENT,دَكَ,5:28,1
b44f64f84bb9d6d9f592,WORD_FRAGMENT,دَمَ,2:31,1
9308b003a7b9e05869f3,WORD_FRAGMENT,رَضُ,5:119,1
e22cb932b92cef4d3440,WORD_FRAGMENT,رِمُ,8:8,1
f90cc51eb107b29d50be,WORD_FRAGMENT,ضَا,2:185,1
ce29cc0b4d323d268c7c,WORD_FRAGMENT,ظُو,2:238,1
8846bdc82c875f6530ac,WORD_FRAGMENT,فَتُ,2:54,1
217f408f0f75229d6a76,WORD_FRAGMENT,قُضِ,2:210,1
459291744bef64a4f2ee,WORD_FRAGMENT,لَقُ,2:14,1
c02c1caa982839b2ee0f,WORD_FRAGMENT,مُبَ,2:213,1
7bb149dab3b717de6ed2,WORD_FRAGMENT,نجَ,2:50,1
68609a647226e62b4ec4,WORD_FRAGMENT,يدَ,2:282,1
aad698f6e656aa4eb2b3,WORD_FRAGMENT,يُسَ,4:65,1
cea7a442ca64995f425c,WORD_FRAGMENT,أَسَ,5:52,1
b65856771c2b6e43ef93,WORD_FRAGMENT,ئُكُ,3:15,1
05e7928570e6d67ec41b,WORD_FRAGMENT,بَرِ,4:112,1
52d689f61375798b590f,WORD_FRAGMENT,بِقَ,3:37,1
b3b7b36faafc182e1a7e,WORD_FRAGMENT,بِلِ,6:31,1
de08b440f8fdee5c1d47,WORD_FRAGMENT,تَرِ,2:147,1
52e79fa2817276033047,WORD_FRAGMENT,حَآ,2:76,1
4ce7caacc350cca9dc33,WORD_FRAGMENT,حَسِ,2:214,1
37423889a631ae4f4ad9,WORD_FRAGMENT,دَكُ,2:180,1
86308cea6faad1508dc6,WORD_FRAGMENT,ذَهَ,2:17,1
e30fe198a4628a7e2650,WORD_FRAGMENT,رَءُ,2:143,1
ca3d4567746d8565a30f,WORD_FRAGMENT,زَنُ,2:38,1
23fae574ad8b192b58b6,WORD_FRAGMENT,سُفَ,6:84,1
f62c83c61c0cb2eb8cb6,WORD_FRAGMENT,سُهُ,3:154,1
658edc5db9ff6921d4d7,WORD_FRAGMENT,صُدُ,3:29,1
c4656d26ac72a483ab5b,WORD_FRAGMENT,عَةَ,2:233,1
8fda355034cf7e58cc0b,WORD_FRAGMENT,عُكُ,3:55,1
63c0c91154e455cbce3f,WORD_FRAGMENT,قُرَ,6:92,1
e9fa895f153ddacad902,WORD_FRAGMENT,كَتَ,2:79,1
7ed293ea876b16c1978f,WORD_FRAGMENT,لُهَ,3:140,1
1960cd47c30562669f73,WORD_FRAGMENT,لِنُ,2:77,1
11f7026cb622dacb5129,WORD_FRAGMENT,مُقَ,3:14,1
23bb74bb288923d75fcd,WORD_FRAGMENT,نِىَ,3:10,1
545a6f385cd06ae53702,WORD_FRAGMENT,يَةَ,2:58,1
15889342aece97adf716,WORD_FRAGMENT,يَةِ,2:74,1
f855e28af12ce69349b2,WORD_FRAGMENT,يَخَ,2:229,1
e948bce70110e32a11bb,WORD_FRAGMENT,يُؤَ,2:225,1
1d20e35481728aa29978,WORD_FRAGMENT,يُوَ,2:272,1
2e7fb607e539fc70acaf,WORD_FRAGMENT,أُمِ,2:258,1
4d32b72d98bbf06d9fac,WORD_FRAGMENT,ؤُهُ,2:170,1
eb7f50ca7db0c7f2b4e8,WORD_FRAGMENT,افَ,2:182,1
88e9f75764c4525f7ca0,WORD_FRAGMENT,بَدَ,3:118,1
660df2d194c4b25f6b2b,WORD_FRAGMENT,بَلِ,3:150,1
21a24a469a004cf29f27,WORD_FRAGMENT,بِخَ,2:106,1
fe91f2b88b160453f257,WORD_FRAGMENT,تَحَ,2:76,1
05b934ddaca183a9c5c9,WORD_FRAGMENT,تَسَ,2:259,1
ce4d2a3d02ec7db338ae,WORD_FRAGMENT,جِلُ,6:57,1
fc840d37892bf45d8f1b,WORD_FRAGMENT,حِجَ,2:24,1
c15b991214b8a7952c3c,WORD_FRAGMENT,خَرِ,4:91,1
82a96d78023b14ed5a75,WORD_FRAGMENT,خِلُ,3:180,1
463c5cadbd29a3ad1733,WORD_FRAGMENT,دَنَ,3:156,1
5f6270e04e86f932ed6b,WORD_FRAGMENT,دَى,2:120,1
5475f3825936e717cb5a,WORD_FRAGMENT,ذِبُ,2:10,1
f2663f6f6a98d1ccdec1,WORD_FRAGMENT,رِهَ,2:189,1
818fa6f87a99619fda9a,WORD_FRAGMENT,سَيُ,3:180,1
cc5a9ef84142d8509cf7,WORD_FRAGMENT,سِدِ,2:60,1
194284e4b628107a169d,WORD_FRAGMENT,سِقِ,2:26,1
b3d070b2ad8a08a416d5,WORD_FRAGMENT,سِلَ,7:6,1
41650e441d917f56e220,WORD_FRAGMENT,سِلُ,4:43,1
1744990ed00f4b3a58f7,WORD_FRAGMENT,فَطَ,2:265,1
f946998b25f9f292fc7d,WORD_FRAGMENT,لَيُ,4:119,1
c15f29482b08cd2c88b3,WORD_FRAGMENT,نَتِ,4:46,1
6310ed62ad8d93501b25,WORD_FRAGMENT,وحَ,5:45,1
7381a890ea4fd27d4fa8,WORD_FRAGMENT,وَتِ,2:121,1
c2ce7ddc70b284159f4c,WORD_FRAGMENT,وَثَ,2:250,1
5353b7469485362da65c,WORD_FRAGMENT,وَذَ,2:278,1
efe16fbbcf6eda2eefd7,WORD_FRAGMENT,يزِ,3:126,1
08fad446cdef4ad2df33,WORD_FRAGMENT,يعَ,2:143,1
9acad0029f9b149094a4,WORD_FRAGMENT,يَضُ,2:102,1
3f09ab58c0f90f84cc58,WORD_FRAGMENT,اجَ,2:218,1
0f56c260e08856dfaec4,WORD_FRAGMENT,اكِ,2:158,1
87f7226a350358cc8d45,WORD_FRAGMENT,بِطَ,2:217,1
01836061c003dc143890,WORD_FRAGMENT,تُرَ,2:264,1
982b5c10711af56a7b5d,WORD_FRAGMENT,تُطِ,3:100,1
ae15bc691ddd5c5454dd,WORD_FRAGMENT,جَدَ,3:37,1
de4c43609226ca81e794,WORD_FRAGMENT,حِشَ,3:135,1
9a63c12d55b665193c90,WORD_FRAGMENT,خَلُ,3:180,1
1d9a88871f687d95f7e7,WORD_FRAGMENT,خِذَ,3:64,1
0936382f106050b38e06,WORD_FRAGMENT,دُكُ,2:266,1
e1fb98eabc8dd8cd4be9,WORD_FRAGMENT,ذِرُ,6:130,1
cfad345f610806f0ddf9,WORD_FRAGMENT,رَبِ,2:16,1
ef39dbd785dd57e3c084,WORD_FRAGMENT,رَضَ,2:31,1
3947a26bbd04db072649,WORD_FRAGMENT,رِكَ,2:221,1
ec1190fcb4514afb49ac,WORD_FRAGMENT,رِنَ,2:128,1
942dcdd8b3c1a9a465fc,WORD_FRAGMENT,رِيَ,5:31,1
9a82b0f1ca7445ae2dd3,WORD_FRAGMENT,زِءُ,2:14,1
07706213d79f57b5af14,WORD_FRAGMENT,سِقُ,2:99,1
1fc90ada35860f8e993b,WORD_FRAGMENT,عَثَ,2:213,1
5aea34b2c2343c24768b,WORD_FRAGMENT,فَذَ,2:71,1
c9c3e9ab2eb84a0a5f6d,WORD_FRAGMENT,فَصَ,2:249,1
fed7f90fd8e5b53c70b7,WORD_FRAGMENT,قُتِ,3:144,1
251abaa17981ffa648b6,WORD_FRAGMENT,نَةُ,2:61,1
04c1c3cac9bef7998195,WORD_FRAGMENT,نَعُ,5:14,1
75b08a053f29110c7a54,WORD_FRAGMENT,ومِ,2:61,1
9437cf9af7376f08c6f4,WORD_FRAGMENT,وَجِ,2:98,1
b85b9b20c10278a2d0ad,WORD_FRAGMENT,وَسُ,4:163,1
70295eeb1ecedb52d269,WORD_FRAGMENT,وَظَ,2:57,1
620366136cb0a9981fd0,WORD_FRAGMENT,وِى,2:177,1
f530bd03fd4ebec9e12a,WORD_FRAGMENT,يَصُ,2:185,1
01e213ca26df0fd1b85b,WORD_FRAGMENT,يُصِ,2:265,1
5627c80fda8f97dfeeb0,WORD_FRAGMENT,أَوِ,2:158,1
0cf26a0e00b9ea4b7f67,WORD_FRAGMENT,أُمَ,2:126,1
90e00f8c491e093e663c,WORD_FRAGMENT,ؤُنَ,3:15,1
2097459bdfe4830db8a9,WORD_FRAGMENT,اوَ,2:121,1
1cc27a9eef95e0002f42,WORD_FRAGMENT,بَل,2:88,1
50959dfbc210cf0e2654,WORD_FRAGMENT,بِجَ,2:249,1
8e1f30fedd12dbbafa5e,WORD_FRAGMENT,بِذَ,3:119,1
0b6ebd7cb47a3d34d7e2,WORD_FRAGMENT,تَضَ,4:102,1
59b993c3fd6a5464c588,WORD_FRAGMENT,تَلُ,2:154,1
aed4f727fa80c91f4f4a,WORD_FRAGMENT,تَوِ,4:95,1
abfe9ccde24fb0da9e61,WORD_FRAGMENT,دِىَ,3:101,1
f99a2918982c59005df6,WORD_FRAGMENT,ذِبِ,3:61,1
4c1081d6aaa5df75c434,WORD_FRAGMENT,رِىَ,5:31,1
6eff2ed10631367844da,WORD_FRAGMENT,زُقُ,2:212,1
1d7cfa533ffad2911213,WORD_FRAGMENT,سَكَ,2:256,1
f050396e381c2342297b,WORD_FRAGMENT,شِرُ,2:187,1
46f1fab07b94d32c7a63,WORD_FRAGMENT,صَرَ,3:123,1
dfee0084fb084ca3e92f,WORD_FRAGMENT,ضَهُ,2:31,1
67f37174df7213e8a1cf,WORD_FRAGMENT,طَرَ,3:14,1
b99f02108db6249045d8,WORD_FRAGMENT,عَتِ,4:102,1
533f3d61fcbb14228e72,WORD_FRAGMENT,فَخُ,2:260,1
7d4abc3596c861b82eb9,WORD_FRAGMENT,فِهِ,3:170,1
705935b2fe9f0c5f93fd,WORD_FRAGMENT,قَبَ,4:92,1
0866c04b130e6897e6a4,WORD_FRAGMENT,قَلَ,3:144,1
f5cc753cdac9d3d52c00,WORD_FRAGMENT,لَعِ,3:13,1
fd4416c3b0cbd47b3532,WORD_FRAGMENT,لِقُ,2:196,1
80a8d8d3ec2a931c98bf,WORD_FRAGMENT,مَتُ,2:64,1
fb2f7cd5f6a81eef2116,WORD_FRAGMENT,مَدِ,7:123,1
54dc3f45c1cc1935edba,WORD_FRAGMENT,نَسِ,9:67,1
14793705d776863dfd13,WORD_FRAGMENT,نَصَ,3:123,1
05b6096cb53eba92039e,WORD_FRAGMENT,نَفَ,6:35,1
714e92b87cfe51657b3c,WORD_FRAGMENT,نَقُ,3:181,1
599973deb387ee7a5806,WORD_FRAGMENT,نُكُ,2:93,1
ae428ef9833b5e83c5d1,WORD_FRAGMENT,هَبُ,2:40,1
363b90099328d27b1b75,WORD_FRAGMENT,يَعِ,2:231,1
63a36ebd8dc03e9dc8f8,WORD_FRAGMENT,يَكَ,2:20,1
7aca9c5bee7b13de6152,WORD_FRAGMENT,يُمِ,2:28,1
12a505b98edb822e4b31,WORD_FRAGMENT,أَئِ,6:19,1
7a9d12e0015b57cf305a,WORD_FRAGMENT,أَقُ,2:33,1
27f13ce7328886a39e93,WORD_FRAGMENT,ؤَا,2:225,1
6de96bf73e5a04eeb148,WORD_FRAGMENT,ازِ,5:60,1
4ee2ed26df19be4fae0c,WORD_FRAGMENT,اكَ,1:5,1
4acef4d432b19358b8a9,WORD_FRAGMENT,اهِ,2:273,1
40be2c72f059f5975038,WORD_FRAGMENT,بَحُ,2:67,1
801720de4a8a6f96ea15,WORD_FRAGMENT,بَصَ,2:61,1
565f31c5774ab482103d,WORD_FRAGMENT,بُكُ,2:74,1
fb9d978fb76ec9577663,WORD_FRAGMENT,بُنَ,2:88,1
d49ae19e6edb34c8ba89,WORD_FRAGMENT,تَظِ,6:158,1
6aa8cb3785c75f594b84,WORD_FRAGMENT,تَعِ,1:5,1
9cb315c8252f1fc35836,WORD_FRAGMENT,تُحِ,2:216,1
8d353b7ae3af1978bd50,WORD_FRAGMENT,تُرِ,2:108,1
36ced3f7e13512e0758e,WORD_FRAGMENT,تُصِ,3:120,1
e0bef2c5e2aa6504a30c,WORD_FRAGMENT,جَلَ,2:231,1
a6bce84c6a6540d5d4bf,WORD_FRAGMENT,جِزِ,6:134,1
bc4e295147e1f1e799d9,WORD_FRAGMENT,حَفِ,4:34,1
83600d33226bb22794ff,WORD_FRAGMENT,حَلِ,2:225,1
6d3e64251e13d03f3ac3,WORD_FRAGMENT,حَمُ,3:132,1
1e70e2637f2241ffa556,WORD_FRAGMENT,خَرُ,2:212,1
436b1a4b3e84606ea9a9,WORD_FRAGMENT,خَسِ,4:119,1
c7f1ed612d90e9885ee5,WORD_FRAGMENT,خِرُ,3:49,1
876aaf9c2942471b48c8,WORD_FRAGMENT,دَةِ,2:282,1
528091843a6e21d9ccb6,WORD_FRAGMENT,ذَهُ,2:100,1
b49ba89f40cbfcbd968b,WORD_FRAGMENT,ذِبَ,3:75,1
1afddfd7ca3f39aff306,WORD_FRAGMENT,رَحُ,3:120,1
0bcd74af1717cd023bae,WORD_FRAGMENT,رِثُ,4:19,1
ea29ae497535935ef932,WORD_FRAGMENT,زَقَ,4:39,1
c58a86d6da724b55a3d5,WORD_FRAGMENT,شَجَ,4:65,1
d56cc61160d17c32078a,WORD_FRAGMENT,شُرُ,4:172,1
dedff95b90384815ffb2,WORD_FRAGMENT,عَشِ,3:41,1
4a538c103eedcd9393d1,WORD_FRAGMENT,عِىَ,7:105,1
570f706c061e32efe340,WORD_FRAGMENT,فَحَ,2:206,1
49cab199f994524f4145,WORD_FRAGMENT,فَخَ,7:169,1
c2c0b8fd5c2d106897ee,WORD_FRAGMENT,قُرُ,2:228,1
fec7361a520b8aa6a666,WORD_FRAGMENT,لَإِ,2:246,1
166a59797f6943c9ea89,WORD_FRAGMENT,لَةَ,2:16,1
cb99e219cf5fcaafcaba,WORD_FRAGMENT,مَرُ,2:68,1
cfaaaf2efcf455e298e3,WORD_FRAGMENT,مُعَ,4:129,1
5c6613329cacdb48ba9f,WORD_FRAGMENT,مِى,5:29,1
a735c521dd2d5d37cfd5,WORD_FRAGMENT,نجِ,3:3,1
1b4ecf4288eef8e1ba96,WORD_FRAGMENT,نَةَ,3:87,1
c7f65dc7a60d0c8e519e,WORD_FRAGMENT,نَرَ,2:55,1
1664752642bfd7dae111,WORD_FRAGMENT,هَرُ,2:85,1
75f4bb5257dec1f2ae40,WORD_FRAGMENT,هُنَ,3:38,1
c8ef68d674b155ffbf4e,WORD_FRAGMENT,وَحُ,3:148,1
6509ca9faec326e98c35,WORD_FRAGMENT,وَنِ,2:171,1
3a99e059fae175a81ebf,WORD_FRAGMENT,أَجِ,6:145,1
f3b8e9cea83dfeddf295,WORD_FRAGMENT,أَذَ,2:264,1
8af68f763a01b58c6f1a,WORD_FRAGMENT,أَطَ,2:285,1
2b48c711b33992c75153,WORD_FRAGMENT,اضِ,2:196,1
9ff7fec2d19d71263097,WORD_FRAGMENT,بَتِ,12:4,1
3e71125fac66fa618954,WORD_FRAGMENT,بَكُ,2:221,1
fae48d5ee3f87b0d2514,WORD_FRAGMENT,تَشَ,2:233,1
c0d4a1fe6cd75865cc18,WORD_FRAGMENT,تَصَ,2:280,1
4c1e4352f3346fc0b4b1,WORD_FRAGMENT,تَمُ,2:132,1
173dd9312b0270c796ad,WORD_FRAGMENT,تِغَ,2:207,1
772a0c65af718c12a972,WORD_FRAGMENT,حُدُ,2:187,1
76fe7cfe5ef4b61b600e,WORD_FRAGMENT,دَتِ,2:251,1
bb1aeada4d530482775d,WORD_FRAGMENT,دُعَ,2:171,1
a3da87fd5a592cd58d5b,WORD_FRAGMENT,ذَن,9:49,1
3c3aca561b59aa67fa50,WORD_FRAGMENT,رَفُ,2:89,1
c118b791ea13179b885f,WORD_FRAGMENT,رَمَ,2:185,1
ea24d7631cd0884655c3,WORD_FRAGMENT,رُنَ,6:34,1
7c9216315c3196cb8172,WORD_FRAGMENT,سَعَ,2:114,1
6b5b496a1113c906bcf9,WORD_FRAGMENT,سَفَ,2:184,1
df1897feb05e3d0f0be4,WORD_FRAGMENT,سِدُ,2:11,1
622bfc45be0bc95b91c2,WORD_FRAGMENT,سِرَ,4:119,1
91ad1094290e6076ba37,WORD_FRAGMENT,سِىَ,13:3,1
dba83bd9996db51c9c38,WORD_FRAGMENT,شَرُ,2:203,1
621a8a289884d8f07ec8,WORD_FRAGMENT,شُهَ,2:23,1
f8ce54006e3410ac8d55,WORD_FRAGMENT,غَضَ,2:61,1
1e6cbc0d9729382fc0cb,WORD_FRAGMENT,كَبُ,6:35,1
6735fdc6e4cd92454e3e,WORD_FRAGMENT,كِنِ,2:253,1
9de75bdc87e6ce694b85,WORD_FRAGMENT,لَتُ,2:228,1
fa01741f8f4f85353d76,WORD_FRAGMENT,لِسَ,5:78,1
89b5cf2ebe8078422b9e,WORD_FRAGMENT,لِفَ,2:80,1
dbec62f8839c5ca9685a,WORD_FRAGMENT,مُهَ,4:100,1
d1fe63dbd66f1e3e78f6,WORD_FRAGMENT,نذَ,2:6,1
caf578ed45d72f6672d5,WORD_FRAGMENT,نطَ,3:14,1
282ff275c73beb6d56cc,WORD_FRAGMENT,نُرِ,5:113,1
24924d5c8bc6c1e89b55,WORD_FRAGMENT,نِكَ,10:92,1
a67d73960a45aebae46b,WORD_FRAGMENT,هِدِ,3:53,1
120b99f53b0dd93f983f,WORD_FRAGMENT,وَجُ,2:249,1
ed3de1a234e062d5ed01,WORD_FRAGMENT,يحَ,4:157,1
015cb48be336fd2ab712,WORD_FRAGMENT,يكَ,2:98,1
8f05af953208c1d15a18,WORD_FRAGMENT,يَصِ,4:90,1
a5a61cfb060d56ffdc6a,WORD_FRAGMENT,يُرَ,2:85,1
23defdc75a091dbf94e8,WORD_FRAGMENT,ءَكَ,2:120,1
c10be2d7c5200dc14345,WORD_FRAGMENT,أُحِ,2:187,1
47265716771502b98518,WORD_FRAGMENT,أُمُ,2:210,1
78c6889c2db54e982f10,WORD_FRAGMENT,أُنَ,2:60,1
f6eb42b401fe92c5220d,WORD_FRAGMENT,ئِنِ,2:120,1
253d8466699d178bd89a,WORD_FRAGMENT,بُطُ,2:174,1
50ac62fe2b7e74d283bd,WORD_FRAGMENT,تَحِ,2:230,1
783aa4d78e14231635c0,WORD_FRAGMENT,تَزَ,2:197,1
3cadf7bfe88e577fe034,WORD_FRAGMENT,تَزِ,2:222,1
fe6680c44f48f09bb2c7,WORD_FRAGMENT,تُبُ,2:79,1
285bcb6309bbd4634774,WORD_FRAGMENT,تُهَ,3:36,1
a99f08eca35dcda41aff,WORD_FRAGMENT,تِبَ,2:178,1
c99cc935515e25243c47,WORD_FRAGMENT,ثَلِ,2:17,1
2145106433336b97b38d,WORD_FRAGMENT,جَبَ,2:221,1
9b5bed7af8f109581810,WORD_FRAGMENT,حَدَ,2:180,1
07f50b351631c85db5bb,WORD_FRAGMENT,دِكَ,2:30,1
846152590762799e36fe,WORD_FRAGMENT,رَقَ,2:266,1
326b29248b2d8e7b4575,WORD_FRAGMENT,رُكَ,3:39,1
98241e4b13bc73472fa4,WORD_FRAGMENT,سَرِ,2:202,1
e61e7900e48f05f20fd5,WORD_FRAGMENT,سِمُ,5:3,1
8efb2bcab4a06144c704,WORD_FRAGMENT,صِفُ,6:100,1
150a4928f8a9e1e62431,WORD_FRAGMENT,طِعِ,4:13,1
59dec31081995a6f3f02,WORD_FRAGMENT,طِلُ,2:264,1
4a8e54dc2b00a6116be1,WORD_FRAGMENT,ظُهُ,2:101,1
9895ba06369a98a576ca,WORD_FRAGMENT,ظِرُ,6:158,1
5b1b097716b8fc3de6fc,WORD_FRAGMENT,عَفَ,2:52,1
2bc4dbdad4f234740055,WORD_FRAGMENT,عِهِ,2:7,1
1c22dc173ccfe2adb860,WORD_FRAGMENT,غِى,6:114,1
72c09d7da65c64016859,WORD_FRAGMENT,فَذُ,3:106,1
2f8aaab75acfeef5026c,WORD_FRAGMENT,قِتَ,2:216,1
d89b1f2b5c68f9cd57e7,WORD_FRAGMENT,قِنُ,2:4,1
3c78e7a4df24477f69c7,WORD_FRAGMENT,كَرُ,3:36,1
2183128da64c75326b8c,WORD_FRAGMENT,كَفُ,4:173,1
8b1c9c26253d214169d2,WORD_FRAGMENT,كُتِ,2:178,1
9d806634fbc57b514d3f,WORD_FRAGMENT,كِرِ,3:54,1
99df4dbef3264652985a,WORD_FRAGMENT,لُوَ,2:155,1
57049fc49f3b6c51228e,WORD_FRAGMENT,لِجُ,3:27,1
cd9ff3ed4a6ef9aa34a8,WORD_FRAGMENT,لِىَ,3:154,1
1a9840c262b813902d83,WORD_FRAGMENT,نَبِ,2:246,1
d1d2586eda17e2de5588,WORD_FRAGMENT,نَسُ,5:13,1
e4fbfb8101dffe7cf8df,WORD_FRAGMENT,نَعَ,2:114,1
ddc7924f1108628c25da,WORD_FRAGMENT,نَعِ,9:21,1
52773bde7d84eb660869,WORD_FRAGMENT,نُكَ,4:31,1
2fe7ae62898a3ddfec76,WORD_FRAGMENT,نُنَ,10:23,1
bebb1f17d3451254b5cd,WORD_FRAGMENT,هَوَ,4:135,1
468c2f2c096f4547577e,WORD_FRAGMENT,وَذُ,3:36,1
af6901de5821718f4fd7,WORD_FRAGMENT,وُدَ,4:163,1
25a32e416d6420cdaee0,WORD_FRAGMENT,يحُ,3:45,1
edfa9392ce5e68ee1cae,WORD_FRAGMENT,يَحِ,2:228,1
0c2cc29debe34b365f7d,WORD_FRAGMENT,يُعِ,10:4,1
bf54e5f91f84d3c865c7,WORD_FRAGMENT,أَذِ,3:123,1
da11a9e6cc74a9a4a917,WORD_FRAGMENT,أُجُ,3:57,1
cc1d5a4005f2418d92b5,WORD_FRAGMENT,إِذِ,2:60,1
a656530e5b97431cc3db,WORD_FRAGMENT,ئِرَ,4:31,1
daa42a7116ee2e4f9707,WORD_FRAGMENT,بَطَ,6:151,1
e849ce168c096c0b03b8,WORD_FRAGMENT,بَكَ,4:79,1
b51c01f4ff45f2086941,WORD_FRAGMENT,بِتَ,2:145,1
fbda3a2e632e2c774cdf,WORD_FRAGMENT,تُوَ,2:115,1
58c3c4273c65d1785261,WORD_FRAGMENT,تِلَ,2:121,1
6777054638dd40d04e0d,WORD_FRAGMENT,جَرُ,2:218,1
97b06e3b807d8eabef32,WORD_FRAGMENT,جَنَ,2:182,1
8eb92c2c6924a4f58405,WORD_FRAGMENT,جُلُ,4:56,1
0196d550a543608aceef,WORD_FRAGMENT,حَكَ,4:35,1
1fe2470f7a74ddbe2746,WORD_FRAGMENT,حِىَ,6:19,1
cad1b52e8c6818b857bb,WORD_FRAGMENT,خَآ,2:114,1
533572a89ce8d958c433,WORD_FRAGMENT,خَزَ,6:50,1
dc05b105fa05cae5e549,WORD_FRAGMENT,خُلِ,4:28,1
be4f5f80edfe565b8733,WORD_FRAGMENT,خِلَ,3:185,1
150bb9d5a2bc4c25b9b0,WORD_FRAGMENT,دَقَ,2:196,1
b4831d66cd71db14248c,WORD_FRAGMENT,ذَرَ,2:19,1
277636e522597a3db6e7,WORD_FRAGMENT,ذَكَ,3:135,1
0f89949ba5e65ddfb7d5,WORD_FRAGMENT,رَهَ,4:56,1
f5e781614560979f9600,WORD_FRAGMENT,رِبَ,2:26,1
8af3772d389e26f1a0fe,WORD_FRAGMENT,رِهُ,8:5,1
247a142668086348685c,WORD_FRAGMENT,سَرَ,2:196,1
39449f04cc6a052d3bf4,WORD_FRAGMENT,سُطُ,5:11,1
29e70cea84bb4a3734e5,WORD_FRAGMENT,سِنَ,2:255,1
e39519ff0278b757cd3b,WORD_FRAGMENT,سِى,5:25,1
5a9c7a779617a420c9e4,WORD_FRAGMENT,شَرِ,2:249,1
43920630f67b2d6e02f8,WORD_FRAGMENT,شُعَ,7:85,1
c80e2196185b9604dbad,WORD_FRAGMENT,شِيَ,2:71,1
7a86fc72de0f7b282848,WORD_FRAGMENT,صِمُ,3:44,1
cf69d652b966893d130f,WORD_FRAGMENT,صِيَ,2:196,1
797f5b2587e93d52cb9d,WORD_FRAGMENT,ضُكُ,2:36,1
da74932b2de0e5588b2e,WORD_FRAGMENT,طَفَ,2:130,1
5897f2d328635bb0e24e,WORD_FRAGMENT,طِلِ,2:42,1
a117f9925c294952ecff,WORD_FRAGMENT,عَفُ,4:43,1
76a434479dd75ec69b4d,WORD_FRAGMENT,عُمُ,4:60,1
3758f6ea181cb654ecb2,WORD_FRAGMENT,غُرُ,3:185,1
1edec77dcde82e99b7c5,WORD_FRAGMENT,فَدَ,7:22,1
d53aa716d0884b184f40,WORD_FRAGMENT,فِظُ,2:238,1
cd9734c396d7ad26b0bf,WORD_FRAGMENT,قَعَ,3:168,1
03146e8d99b1aaf4d08e,WORD_FRAGMENT,قُهُ,2:233,1
25678c6f65f2f296dfab,WORD_FRAGMENT,كَشَ,7:134,1
635ea6777dfcdc811b40,WORD_FRAGMENT,كَهُ,2:17,1
53b3ec4bb155a5a0e31e,WORD_FRAGMENT,كِهَ,36:57,1
765ab2c568d02831f154,WORD_FRAGMENT,لَبُ,3:12,1
3f5536951ae05f50b71f,WORD_FRAGMENT,لَشَ,5:107,1
3572ae7170831037c55b,WORD_FRAGMENT,لَفُ,2:176,1
b59f2eb1d2ae84e8d197,WORD_FRAGMENT,لِأُ,2:150,1
34acddecdcb0c4f2bdf8,WORD_FRAGMENT,لِسُ,6:44,1
4509e28f99d5d06f45b2,WORD_FRAGMENT,لِكِ,1:4,1
2ffada01998bebc8da6b,WORD_FRAGMENT,مَرِ,2:185,1
737bc6e4715c739d8230,WORD_FRAGMENT,مَقَ,5:107,1
fd05c8a18b0f42b6e15f,WORD_FRAGMENT,مَكُ,2:239,1
1624d5b6483c242c1fe3,WORD_FRAGMENT,مُسَ,2:71,1
26ff026c8725e296150c,WORD_FRAGMENT,نظَ,2:162,1
5ada4876be685b120f5c,WORD_FRAGMENT,نقُ,2:27,1
4537c2c45763c0f0c3c7,WORD_FRAGMENT,هَهُ,2:112,1
fbcc980e1651a7b03815,WORD_FRAGMENT,وَبُ,2:97,1
4b2adcc13e0cec484b04,WORD_FRAGMENT,وَدَ,7:137,1
d69be16d851b9d75b820,WORD_FRAGMENT,وَصِ,2:180,1
a73f6f6a997930ffa856,WORD_FRAGMENT,وَعُ,6:91,1
1bae266b4c84f5c210ce,WORD_FRAGMENT,يزَ,3:179,1
7cdd2324d11e3c1fb012,WORD_FRAGMENT,يُخَ,2:86,1
50f5b3cdd2f4008d84cd,WORD_FRAGMENT,يُقِ,2:3,1
1002a34170bb3e6da113,WORD_FRAGMENT,ءِذَ,13:5,1
f2eaae0ae5f7d35e1476,WORD_FRAGMENT,أَكَ,3:106,1
af94cfdb6193ea3c6560,WORD_FRAGMENT,أَهُ,2:33,1
9b9cb3417d233b2b1cff,WORD_FRAGMENT,اقُ,6:148,1
773eea6f2b047e6eefc5,WORD_FRAGMENT,اكُ,4:131,1
8c24aaaa668192ca0217,WORD_FRAGMENT,بِذُ,3:11,1
14e9bc8b392cf23bdf87,WORD_FRAGMENT,بِسَ,2:20,1
e6c73152691360aa2454,WORD_FRAGMENT,بِشَ,2:155,1
cebc94dbf332739b06d0,WORD_FRAGMENT,بِمِ,2:137,1
919c1d01b3c4b88357fd,WORD_FRAGMENT,تَعُ,4:3,1
2856fdf52d54fdf33e0c,WORD_FRAGMENT,تَغِ,3:85,1
35b35217ea53001c5347,WORD_FRAGMENT,تَفِ,5:83,1
1e22bc061be34dc66bd5,WORD_FRAGMENT,تَهِ,3:61,1
b656ec58cb70b1700737,WORD_FRAGMENT,ثَوَ,3:145,1
9a299eb6eef094d82436,WORD_FRAGMENT,جِهِ,2:102,1
1f8d9261c99a01c9c3e5,WORD_FRAGMENT,حَنِ,2:135,1
74e3ec96c4696ad488d2,WORD_FRAGMENT,دَهَ,3:37,1
be5b83f223c5c523512b,WORD_FRAGMENT,ذِرِ,2:213,1
d32f881b0a4c141d141d,WORD_FRAGMENT,رُءُ,2:196,1
9aa16e95777cd02d726c,WORD_FRAGMENT,رِقِ,2:177,1
a31f00b3ba3a5ac5e5db,WORD_FRAGMENT,زَكَ,3:37,1
fb9b4778082e29c418a3,WORD_FRAGMENT,زِلُ,2:214,1
f7dec6254063ac51374d,WORD_FRAGMENT,سَقَ,9:49,1
9bcdf8ee6fcf73331685,WORD_FRAGMENT,سَلُ,12:19,1
3523918638db2ac6603c,WORD_FRAGMENT,سُنَ,3:137,1
2b372e83140e89f56c4d,WORD_FRAGMENT,صِرِ,3:22,1
17dc7b21f6e607cd8fcf,WORD_FRAGMENT,عِدَ,2:127,1
9accdd4bc25bc48a2856,WORD_FRAGMENT,عِظَ,2:66,1
5242e7a25c83bd3d4a66,WORD_FRAGMENT,عِمُ,5:89,1
897ac3041097d3555bcf,WORD_FRAGMENT,فِئَ,2:249,1
42898e03f4d811feb8c3,WORD_FRAGMENT,قَةُ,2:55,1
d592365cee9050f15087,WORD_FRAGMENT,قَوِ,8:52,1
c26f3898e19b2c8893e0,WORD_FRAGMENT,قَى,3:155,1
d35c1d0b9183f505e89b,WORD_FRAGMENT,قِى,2:71,1
4bb97c596285fad42871,WORD_FRAGMENT,قِىَ,2:278,1
e8661c873dea00d2c77b,WORD_FRAGMENT,كِحُ,2:221,1
49c23de12f709fa98289,WORD_FRAGMENT,لَرَ,2:143,1
edc6f3fb1ea80066adf0,WORD_FRAGMENT,مَسِ,3:45,1
38592cc3ece96ce569d0,WORD_FRAGMENT,مُرِ,11:62,1
c02a6cfcdae7a8a89481,WORD_FRAGMENT,نَشَ,7:100,1
3fe429b7fde4969282fa,WORD_FRAGMENT,نَنِ,7:71,1
d6f54692b6b960f58c01,WORD_FRAGMENT,نِنَ,6:53,1
1cc65ea606231e83e009,WORD_FRAGMENT,هُزُ,2:67,1
96d42feedea13dff6cf5,WORD_FRAGMENT,هِرُ,6:18,1
666a33f6f4f8cf89b86d,WORD_FRAGMENT,وحُ,6:121,1
0f07208ad676db8b55ec,WORD_FRAGMENT,وفُ,2:177,1
b9df902b0d8a8c2db778,WORD_FRAGMENT,وَحِ,2:177,1
a2cabbf18efd8cff5022,WORD_FRAGMENT,وَذِ,2:83,1
92da3d2065dfc26bdc73,WORD_FRAGMENT,وَزِ,10:26,1
7d1222a953528ac4cb29,WORD_FRAGMENT,وَسِ,2:255,1
06721f6d7b594f2d31b1,WORD_FRAGMENT,وِيَ,2:259,1
0311149489d64dc6a1fa,WORD_FRAGMENT,يثِ,5:100,1
daab6a3c164eb2e752c8,WORD_FRAGMENT,يَدِ,2:237,1
ca1ff4d02e5e3e9395b4,WORD_FRAGMENT,يُصَ,3:6,1
601e4ab29355323afe33,WORD_FRAGMENT,يُنِ,8:44,1
75366178a5f07e036fc9,WORD_FRAGMENT,أَيَ,2:266,1
92f19044df7430e5ab8d,WORD_FRAGMENT,ائَ,2:259,1
dc8873fda537e4c33804,WORD_FRAGMENT,اصَ,7:205,1
126cbefc528d7c0cb1a4,WORD_FRAGMENT,بَحَ,5:30,1
8474d9eeb32b61c7e55c,WORD_FRAGMENT,بَهَ,2:70,1
f3f6c26f1992a330d06b,WORD_FRAGMENT,بُهَ,7:156,1
9712c06bd99b6e74134d,WORD_FRAGMENT,بِسِ,2:273,1
1f97b297d00009ff1d6c,WORD_FRAGMENT,بِنِ,3:103,1
9014292a4bd1c05a7442,WORD_FRAGMENT,بِوَ,2:233,1
efbf6efb98ac5101b682,WORD_FRAGMENT,تُقَ,2:110,1
1597f8f8f7f9672c1785,WORD_FRAGMENT,جَدُ,2:34,1
d591b1fcf8678636c040,WORD_FRAGMENT,جَمَ,3:25,1
bfe5e96eb8d028305f6a,WORD_FRAGMENT,جَهُ,2:36,1
547bacd60431d418df71,WORD_FRAGMENT,حَبِ,2:217,1
7929d252a8e1ead5f430,WORD_FRAGMENT,ذَنَ,7:123,1
6b24b1b6cd75aba0e82e,WORD_FRAGMENT,ذُرِ,53:56,1
897a5d5302d4dab9f6a5,WORD_FRAGMENT,رِعُ,3:114,1
c37530319e89cb3f54f4,WORD_FRAGMENT,رِفِ,6:141,1
6f84ec7e770008ac27c0,WORD_FRAGMENT,زَعَ,6:94,1
5f6510a478ef59781e88,WORD_FRAGMENT,زِيَ,9:37,1
4b7eeb653252f64ed888,WORD_FRAGMENT,شِى,6:122,1
901bf64352c6ef627118,WORD_FRAGMENT,صِلُ,4:90,1
b1e606039a14c3404167,WORD_FRAGMENT,ضَعُ,3:146,1
1f133ef457bc4fe465ea,WORD_FRAGMENT,طَرِ,4:168,1
5797a64dd6a07ad7d3f4,WORD_FRAGMENT,ظَا,2:259,1
43a415fa8c4436bed761,WORD_FRAGMENT,عَهَ,2:233,1
2bc2951f98d31befcbaf,WORD_FRAGMENT,عُيُ,15:45,1
14668da546a05b5486e0,WORD_FRAGMENT,فَتِ,4:49,1
bd44da7e75889819ff16,WORD_FRAGMENT,فَزَ,2:10,1
9d3ad12f5070e3023c5d,WORD_FRAGMENT,فِلِ,6:76,1
89c97a0960cf1303b5ca,WORD_FRAGMENT,قَصَ,3:62,1
3ccea44180b60c658912,WORD_FRAGMENT,قُبُ,6:111,1
1fd529ded245b24ffc96,WORD_FRAGMENT,قِيَ,6:161,1
5be320859959886090f9,WORD_FRAGMENT,كَةَ,3:80,1
5f631ba791610228d871,WORD_FRAGMENT,كُنُ,7:161,1
ed09eaae46a58e54096e,WORD_FRAGMENT,لُغَ,2:196,1
9bd1a5e44c72dca0fc76,WORD_FRAGMENT,لِلِ,2:282,1
9282e58d9ae683d2faed,WORD_FRAGMENT,مُحَ,2:85,1
6215b37a99a069178ac1,WORD_FRAGMENT,مُكُ,2:151,1
5a7eb5da1b7c0a3b1d62,WORD_FRAGMENT,نطِ,21:63,1
c08a7620d2b6ae0e993d,WORD_FRAGMENT,نَزَ,7:43,1
6e8aca4bf9168e57462d,WORD_FRAGMENT,نُفَ,2:136,1
c81d78c68cb065af2d33,WORD_FRAGMENT,نُهَ,2:69,1
302ad1c5a2a5cfcb262d,WORD_FRAGMENT,هَتِ,11:53,1
e7e6c5792fd81f14154b,WORD_FRAGMENT,هَرَ,6:151,1
3a0f908a4de9fac935af,WORD_FRAGMENT,هِلِ,2:67,1
06196308d4d276ce8797,WORD_FRAGMENT,وذُ,2:67,1
a27124d7e7f6c14bfa1f,WORD_FRAGMENT,وهِ,4:43,1
653ec82311188db32ef0,WORD_FRAGMENT,وَزُ,2:214,1
b4a56b4cec597af86683,WORD_FRAGMENT,وَلُ,5:64,1
f3cb17bab4ec17cc03e2,WORD_FRAGMENT,وَهِ,2:259,1
111bef63469d23b3befc,WORD_FRAGMENT,يثَ,2:267,1
6605de042a515db7123f,WORD_FRAGMENT,يقِ,3:181,1
46dd1ab142f47f8cc47a,WORD_FRAGMENT,يُزَ,2:129,1
6f08af99209a9b628a8e,WORD_FRAGMENT,يُطَ,3:180,1
765c800ed48b26a377bb,WORD_FRAGMENT,يُقَ,5:33,1
05a797be7c431cbb5638,WORD_FRAGMENT,ءَلُ,4:1,1
c243d7f20ee7232f2783,WORD_FRAGMENT,أَشُ,6:152,1
619deb673867580420b1,WORD_FRAGMENT,أُرِ,5:29,1
80bef4bd68ede32096b5,WORD_FRAGMENT,ئُهُ,5:14,1
0a96fdadb35022713686,WORD_FRAGMENT,ئِنَ,2:246,1
5cffc24953f8955ba4da,WORD_FRAGMENT,اطَ,2:140,1
a27da1756331ff37a8b3,WORD_FRAGMENT,اهَ,2:256,1
81dafd4811182111059d,WORD_FRAGMENT,بَشِ,2:119,1
c8653e828d4d3f6dae87,WORD_FRAGMENT,بُدَ,3:64,1
eb7845e6bae3ec2fb60a,WORD_FRAGMENT,بُرَ,6:35,1
07db33abad6cbfd04500,WORD_FRAGMENT,بِحُ,5:52,1
1f61d89ee9d5b5daabf7,WORD_FRAGMENT,تَغَ,7:189,1
4b4a4a8a72f9c38eba10,WORD_FRAGMENT,تَٱ,12:73,1
daaf1e1a609567026295,WORD_FRAGMENT,تُبَ,2:282,1
640e566065440cac623b,WORD_FRAGMENT,تُحَ,2:76,1
dd1000c6cc0d3880412b,WORD_FRAGMENT,ثِيَ,11:5,1
049f09cc969d4063b739,WORD_FRAGMENT,جَوَ,5:4,1
673d2b306dd41ada3006,WORD_FRAGMENT,جُلَ,2:282,1
f6713ec24fbb3a49e900,WORD_FRAGMENT,جُهُ,2:85,1
af87cde54244f9f91de4,WORD_FRAGMENT,حَرِ,3:181,1
2e6e7a7ef1435a551ca6,WORD_FRAGMENT,حِبَ,6:101,1
bfe65caea115a0500e4e,WORD_FRAGMENT,خُلَ,2:111,1
c105af4a79dfc38ca7fa,WORD_FRAGMENT,دَةَ,2:235,1
2ec6e1b8d9aef4cb0937,WORD_FRAGMENT,دِهَ,2:233,1
cfe6078a95c3529d1a18,WORD_FRAGMENT,رَحِ,4:29,1
36c25d5998c257d44744,WORD_FRAGMENT,رَمُ,6:124,1
5d2655c11ede9ac34912,WORD_FRAGMENT,رَوُ,2:16,1
b690778d098d532c6df5,WORD_FRAGMENT,زَهُ,2:249,1
e277166f2731637fc8dd,WORD_FRAGMENT,زِىَ,10:4,1
564f2a91dce8cd50be29,WORD_FRAGMENT,سَتَ,2:235,1
d9e87d76120a17b797c8,WORD_FRAGMENT,سَجَ,2:34,1
32ec78ecf7d52ba598a9,WORD_FRAGMENT,سَعِ,4:10,1
0e9031e028e4a2be0424,WORD_FRAGMENT,سُبُ,5:16,1
65551ea5e99e9f07cbdb,WORD_FRAGMENT,سِعَ,2:255,1
3ef05ab1e6272172f43d,WORD_FRAGMENT,شَكُ,14:5,1
142f25f6d67a43db6a08,WORD_FRAGMENT,ضِيَ,10:5,1
7f318ac1eb90041fb575,WORD_FRAGMENT,طَلَ,7:118,1
fa037abb34c8986ca80f,WORD_FRAGMENT,طِقُ,21:63,1
79012b36324fe211b6ff,WORD_FRAGMENT,ظَنَ,41:22,1
5202f2d4d09c5c7a8862,WORD_FRAGMENT,ظُلُ,2:17,1
47ef7c4671c22ba90aca,WORD_FRAGMENT,ظِرِ,2:69,1
e04623e317fd4d687693,WORD_FRAGMENT,عَبُ,6:91,1
75567029eae04afbc307,WORD_FRAGMENT,عَجِ,7:63,1
fef6afe35a50ade124ba,WORD_FRAGMENT,عَقَ,2:75,1
1cc0d8fc4cf9aada64f7,WORD_FRAGMENT,عِظُ,2:231,1
8d7ba73bb2ab7a60b873,WORD_FRAGMENT,عِوَ,3:99,1
653e1f21a143490eaa80,WORD_FRAGMENT,فَغَ,3:83,1
d2b618277eae51e41e51,WORD_FRAGMENT,فَفَ,2:87,1
b8e7223dc5ddc464ab50,WORD_FRAGMENT,فِعُ,2:219,1
cee56cdc75b25d6f4169,WORD_FRAGMENT,فِلُ,6:131,1
4b1a932a707e0613a2d6,WORD_FRAGMENT,قُكُ,6:151,1
3ebdd5a7abd68a04cd50,WORD_FRAGMENT,كُلَ,2:35,1
524d953894fa0bfd9fef,WORD_FRAGMENT,لَبَ,2:249,1
46382276f2ac7c722cf2,WORD_FRAGMENT,لَجَ,5:48,1
1bcaa080db825bc6d0b1,WORD_FRAGMENT,لِغَ,2:173,1
ffc76fca1bea148f7459,WORD_FRAGMENT,مَةُ,5:1,1
dee40281cadcb43d9545,WORD_FRAGMENT,مُنَ,2:118,1
8cc91be2ba5166e5e587,WORD_FRAGMENT,مِهَ,2:61,1
2383b3cd6ffdff7c8b1a,WORD_FRAGMENT,نَتُ,6:23,1
a0520d879da6bd8e63b0,WORD_FRAGMENT,نُسَ,2:30,1
25a0879b7b5ad305e26a,WORD_FRAGMENT,هَلُ,6:111,1
a4fdefa606072b450ee0,WORD_FRAGMENT,هُكُ,2:163,1
a75f22e74145fe1b4f89,WORD_FRAGMENT,هُهُ,3:106,1
0ffff4b54c4cb6ff940f,WORD_FRAGMENT,هِدَ,2:185,1
56c49c9b63b7f022bd89,WORD_FRAGMENT,وسِ,2:236,1
6596c2e430f5e63de37a,WORD_FRAGMENT,ومَ,5:107,1
5e0ee9263d8404622c22,WORD_FRAGMENT,يثُ,5:100,1
b261fe52ee265c9c4d98,WORD_FRAGMENT,يفَ,2:30,1
07a96c57cd2631663b16,WORD_FRAGMENT,يَضِ,6:117,1
3021421347c7f0d20421,WORD_FRAGMENT,يُطِ,2:184,1
7472b888664823d84936,WORD_FRAGMENT,ءَآ,5:2,1
5f4abfebd98fb8879186,WORD_FRAGMENT,أَخُ,12:8,1
57fbc26262cf281cebbd,WORD_FRAGMENT,أَعِ,5:54,1
76f2cdfa895f482f4e67,WORD_FRAGMENT,ئَةِ,6:160,1
afa66a2f6fd734998c49,WORD_FRAGMENT,ئِقَ,3:185,1
1db4f144ad991650ee15,WORD_FRAGMENT,ئِلِ,2:177,1
5c18bdb6b3f19da94836,WORD_FRAGMENT,اثَ,5:7,1
df61aa45a83e27593672,WORD_FRAGMENT,اثِ,2:283,1
09790491f2d0e3ae2622,WORD_FRAGMENT,بَأَ,2:33,1
0d747932500e6887021c,WORD_FRAGMENT,بَغِ,19:20,1
f22d9b5d0fc0a826851b,WORD_FRAGMENT,بَوَ,4:11,1
c02ac1840fb0b493ef3b,WORD_FRAGMENT,بِتُ,2:61,1
cbff43f91473f415cd7d,WORD_FRAGMENT,بِثَ,3:124,1
e52f43834919568b16d2,WORD_FRAGMENT,بِدُ,2:138,1
1c60421e203ec4655218,WORD_FRAGMENT,بِطُ,2:36,1
901b6fee1cfe11b49c4d,WORD_FRAGMENT,تَوُ,2:277,1
8919a49559193a4b57b4,WORD_FRAGMENT,تَيَ,2:267,1
1d79da45b7c2eac4c442,WORD_FRAGMENT,تُعَ,3:79,1
1ddbbda89a537401af99,WORD_FRAGMENT,جَدِ,13:5,1
6b1c3ceaad5495ca40fa,WORD_FRAGMENT,جَسَ,7:148,1
f1a2243bd5ea2c6572bb,WORD_FRAGMENT,جَلُ,7:34,1
6b5b748c13d04b27ec12,WORD_FRAGMENT,حِمَ,2:259,1
41bd7bbd59059b42a042,WORD_FRAGMENT,دَمُ,2:33,1
1448499d2540ec9017b6,WORD_FRAGMENT,دِكُ,2:40,1
acbe031db53e1fd30fde,WORD_FRAGMENT,ذِنَ,10:59,1
1b7c5bd3d440d2fd5ad9,WORD_FRAGMENT,رَتَ,6:31,1
b01d44eeb1823de4ff20,WORD_FRAGMENT,رَدَ,2:65,1
cdb0b01197ac98632175,WORD_FRAGMENT,رِبِ,2:177,1
3f0e838ad9bddc499013,WORD_FRAGMENT,رِحُ,6:44,1
cb6d3dfffa06ab002cb0,WORD_FRAGMENT,رِقَ,5:38,1
68de28f2d14f4d13cebd,WORD_FRAGMENT,رِقُ,2:115,1
1db18a3e93279665fd5a,WORD_FRAGMENT,زَعُ,8:46,1
c6731393865d2823bc43,WORD_FRAGMENT,سَحَ,7:57,1
8ef09f1c25bc5fc624e2,WORD_FRAGMENT,سَمُ,5:53,1
3fa4f93b8dc29f0f7e7f,WORD_FRAGMENT,سُفُ,12:4,1
76b98b99ed1b818244c3,WORD_FRAGMENT,سُقُ,2:59,1
d45230d90d86a8055cee,WORD_FRAGMENT,سِكَ,2:128,1
69a644ecba2f9b918451,WORD_FRAGMENT,شَأَ,6:98,1
b5bdffe7dc8ff1a13ad9,WORD_FRAGMENT,شِهَ,2:259,1
faea79fd6e16bbaa7040,WORD_FRAGMENT,ضَرُ,30:16,1
63c23cb9c691e52cfb7e,WORD_FRAGMENT,طَمَ,7:56,1
13ad78686d48bdb551d2,WORD_FRAGMENT,عَقِ,2:143,1
a9aa13c0916f2a216058,WORD_FRAGMENT,عِفُ,2:261,1
e71955b851408f86d5c0,WORD_FRAGMENT,غَلِ,3:159,1
56dc69821570e19645df,WORD_FRAGMENT,فَظَ,6:61,1
3a9a6fda8489938aaeb3,WORD_FRAGMENT,فُهُ,2:273,1
cfaf8a820280fb658cf7,WORD_FRAGMENT,قَد,2:256,1
a56827d08413226b1b84,WORD_FRAGMENT,كَذَ,6:24,1
22067ae92bd02ee920a2,WORD_FRAGMENT,كَن,11:12,1
4c0016845030e5503289,WORD_FRAGMENT,كَنَ,2:61,1
105c03112f8a242d8c71,WORD_FRAGMENT,كُهُ,6:103,1
a798a87d60ba83bde387,WORD_FRAGMENT,لَذُ,2:243,1
ebef0e7ae417b0b65fe1,WORD_FRAGMENT,لَسَ,4:90,1
4a19c84743d56499ce5f,WORD_FRAGMENT,لَصِ,12:24,1
ac112d127cc12e58f39d,WORD_FRAGMENT,لَنِ,5:28,1
a832b5dd97013d8dcee2,WORD_FRAGMENT,لَٱ,3:159,1
981b864fc85534448452,WORD_FRAGMENT,لِحَ,4:102,1
39c13e376bff507ac1db,WORD_FRAGMENT,مَوَ,4:73,1
52b0471206c2ceb9dc4d,WORD_FRAGMENT,مُحِ,2:19,1
1b65ece528460b1be141,WORD_FRAGMENT,مِكُ,6:130,1
ef2e287aa49fd616c027,WORD_FRAGMENT,نُبَ,5:75,1
79d5bf4557b9d099524e,WORD_FRAGMENT,نُذِ,10:70,1
61829c9c6deb57c60b81,WORD_FRAGMENT,نِبُ,4:31,1
ba0b5a1d35f3ff310f59,WORD_FRAGMENT,هَكَ,2:133,1
dd911aa30a24a7ffc906,WORD_FRAGMENT,هَكُ,2:144,1
6452e1d894be682d849f,WORD_FRAGMENT,هِرَ,6:120,1
e75e201f29187d805106,WORD_FRAGMENT,وقَ,2:197,1
72a7ae02f3d9365565c1,WORD_FRAGMENT,وَى,3:151,1
0e785eecd3a614e7319f,WORD_FRAGMENT,يقُ,2:184,1
2349b6d6cea7c97ce20f,WORD_FRAGMENT,يَغُ,3:161,1
319ca724c81c2ee69caa,WORD_FRAGMENT,يَقِ,4:157,1
52114b42e431c79420b4,WORD_FRAGMENT,يَوَ,2:96,1
6c9cc70ddc57cb0420d5,WORD_FRAGMENT,يُتَ,2:234,1
2d0b9127bacdb6961895,WORD_FRAGMENT,يُغَ,4:119,1
7fdeb224e8945f570957,WORD_FRAGMENT,يُفَ,2:102,1
b975c95f22deec631dc9,WORD_FRAGMENT,يُمَ,3:141,1
1824a01a5cbc645eb53d,WORD_FRAGMENT,يِي,2:28,1
7e2308409193c7e689c9,WORD_FRAGMENT,أَتِ,2:187,1
f848a4126b951d4b74f7,WORD_FRAGMENT,أَثِ,2:276,1
7f0ede0cca9ade28812e,WORD_FRAGMENT,أَظُ,17:101,1
9de757e7e0e0b20be82e,WORD_FRAGMENT,أَعُ,2:67,1
81f6edb7f0fde05382df,WORD_FRAGMENT,أَم,4:109,1
b46056343a39e0e5b99e,WORD_FRAGMENT,أُعِ,2:24,1
24dff9a1a2fdff825239,WORD_FRAGMENT,أُكُ,2:265,1
3b548998ab96d1f000fe,WORD_FRAGMENT,إِمَ,2:124,1
9619aaff6e01be79887a,WORD_FRAGMENT,ئَةَ,2:259,1
80722aa73ee121966f2b,WORD_FRAGMENT,ئِرُ,6:104,1
38ed5276d0366353c61f,WORD_FRAGMENT,ئِنُ,6:50,1
f3b14eae60258f9ccc6d,WORD_FRAGMENT,اشِ,4:19,1
5fd885e9f157f825915c,WORD_FRAGMENT,اغَ,33:10,1
d05b8092c045b8023c34,WORD_FRAGMENT,بَلُ,2:48,1
c681057439a5dcf505d7,WORD_FRAGMENT,بَى,9:32,1
589c164459d756120a34,WORD_FRAGMENT,بُعُ,2:228,1
d2d568ef6950bb1cd98b,WORD_FRAGMENT,بِدِ,3:75,1
d56fc1e7f0d271f7ab77,WORD_FRAGMENT,بِظُ,4:153,1
b97960fa7cc02fb62ccd,WORD_FRAGMENT,تَآ,16:90,1
87e742f926ffa5e80078,WORD_FRAGMENT,جُكُ,4:12,1
59732a830fe20b3f81a3,WORD_FRAGMENT,جُن,19:75,1
6097ed28a582e0062a49,WORD_FRAGMENT,حَةُ,5:3,1
739a5fec3e8c4ef3a1d9,WORD_FRAGMENT,حُرُ,2:194,1
8438582e887148c169a4,WORD_FRAGMENT,حِدُ,7:180,1
be61368dc63f03ab49ef,WORD_FRAGMENT,خَسَ,17:82,1
b5245341d023fdf05f0f,WORD_FRAGMENT,خُذَ,7:73,1
b7da6b93b3749db2f6af,WORD_FRAGMENT,خِى,5:25,1
40848edfb1bf5c178f25,WORD_FRAGMENT,دَقُ,2:177,1
fa6fa0c5dada45d364f7,WORD_FRAGMENT,دُن,3:8,1
b482a174d5c620bce0c6,WORD_FRAGMENT,دِقُ,6:146,1
f8aca2baee3d8abc30de,WORD_FRAGMENT,ذَرِ,6:70,1
2e68bed65e863e0e18dd,WORD_FRAGMENT,ذَنُ,2:279,1
cc3611693292951644e0,WORD_FRAGMENT,ذُكِ,6:118,1
de2e00e0bcf2ad28ad32,WORD_FRAGMENT,ذِنُ,9:44,1
fd9e7e2d6552f06513f8,WORD_FRAGMENT,رَجِ,15:34,1
a820461bbb3a9ddea5cd,WORD_FRAGMENT,رَضِ,5:3,1
65726c298913fa4b8997,WORD_FRAGMENT,رَعُ,6:62,1
ccf1e04c73e108801714,WORD_FRAGMENT,رَقُ,6:100,1
1f200f05841fdda6d933,WORD_FRAGMENT,زَنَ,20:40,1
bbc39b2c4ee7c8830b47,WORD_FRAGMENT,زِرُ,6:31,1
2121b84bda57df109c2d,WORD_FRAGMENT,سَأُ,6:93,1
d8614cd4425efa97c13b,WORD_FRAGMENT,سُرُ,15:47,1
5b0f28383832473634bd,WORD_FRAGMENT,سُن,2:261,1
3144547de26ee85205a5,WORD_FRAGMENT,شِفَ,6:17,1
7aab0ca2316b65a24b27,WORD_FRAGMENT,شِقَ,2:137,1
89acab5ef9345869a101,WORD_FRAGMENT,صِرَ,4:90,1
27df05b0733f04a7799e,WORD_FRAGMENT,ضَعَ,3:36,1
48ee4ff29c126dbdf29a,WORD_FRAGMENT,ضِرَ,2:231,1
b56e6d30438b9f4c3e79,WORD_FRAGMENT,طَبَ,4:155,1
3aa1a16bdec3f46c9195,WORD_FRAGMENT,طَغَ,20:24,1
109f3e8ed8d5a26278ec,WORD_FRAGMENT,ظَرُ,2:162,1
77a69562828049834362,WORD_FRAGMENT,عَبَ,5:60,1
701f2597f0ead7652bdc,WORD_FRAGMENT,عَتَ,7:77,1
6022c19a84720fec73a8,WORD_FRAGMENT,عَجَ,5:31,1
b8f131d236bde3259b6f,WORD_FRAGMENT,عُهَ,2:123,1
9693eccefecb3f4ee828,WORD_FRAGMENT,عِلِ,12:10,1
053a3f836083b382ddbf,WORD_FRAGMENT,فَةُ,7:78,1
a803c79fb1669ae2a2c1,WORD_FRAGMENT,فَعِ,2:184,1
d46cfd82d7d7e38a2110,WORD_FRAGMENT,فَقِ,3:181,1
4ebcd63e6d9412b83cc5,WORD_FRAGMENT,فَنِ,2:237,1
95a71e6e405ea370d12c,WORD_FRAGMENT,فُقَ,2:271,1
98ef1de0311c3c9c178e,WORD_FRAGMENT,فِخَ,18:99,1
42571deb2e82501e9228,WORD_FRAGMENT,قَهَ,2:26,1
b20677e6f7796fa22b02,WORD_FRAGMENT,قُصُ,7:74,1
8a38010b22b905cebfd9,WORD_FRAGMENT,كِبَ,2:266,1
541e1920cb50946d2d7b,WORD_FRAGMENT,كِرُ,12:58,1
e0162335d259e74fc3a6,WORD_FRAGMENT,لُغُ,22:5,1
135b73483dab7864b864,WORD_FRAGMENT,لُكَ,2:124,1
7002d30a6fe79abbcbc1,WORD_FRAGMENT,لِإِ,3:156,1
e0986b9326cc5a3e3e99,WORD_FRAGMENT,لِصِ,7:29,1
e3cc8206af691f76f79e,WORD_FRAGMENT,لِعِ,7:32,1
180fee4f2ab786c7d741,WORD_FRAGMENT,لِفِ,9:83,1
fb5d86725ee0ed9c8b84,WORD_FRAGMENT,مَحِ,2:196,1
0b6dd5eae823701b7d8d,WORD_FRAGMENT,مَهَ,3:49,1
002f6ce8c12bd41ac4d4,WORD_FRAGMENT,مُنِ,3:184,1
a8029325e6012e548962,WORD_FRAGMENT,مِا,2:259,1
a437fe1825127ffb281a,WORD_FRAGMENT,مِكَ,2:259,1
63f2b04b0d6dc9031cb2,WORD_FRAGMENT,نَذَ,2:270,1
edcc96196a73e81c2159,WORD_FRAGMENT,نُذُ,22:29,1
b5debae6a9fcdec1862e,WORD_FRAGMENT,نُزُ,3:198,1
f5ddba41ae781208a978,WORD_FRAGMENT,نُفِ,18:99,1
b829aa146da9da77f65a,WORD_FRAGMENT,هِنُ,3:139,1
368b339cbc4c0695e297,WORD_FRAGMENT,وثُ,11:7,1
df3bf0de81227adb9c9c,WORD_FRAGMENT,وضُ,4:140,1
6db8e350c0e757540e69,WORD_FRAGMENT,وعِ,2:155,1
810291261420a138593f,WORD_FRAGMENT,وَخُ,4:28,1
d832edad58480b41b2ad,WORD_FRAGMENT,وُنَ,3:78,1
6283ccf26bb91c030e2a,WORD_FRAGMENT,يتَ,7:163,1
c78f33b876485801607e,WORD_FRAGMENT,يضَ,2:236,1
f05eda532debb292d42c,WORD_FRAGMENT,يضُ,2:199,1
6d546e1a80e093d07a59,WORD_FRAGMENT,يَذَ,2:234,1
ace1b647211edd063d31,WORD_FRAGMENT,يَظُ,2:46,1
46072fdaa0e28321b6aa,WORD_FRAGMENT,أَثَ,20:84,1
4709f10a4a44502b56a4,WORD_FRAGMENT,أَكِ,6:25,1
5a6ca29c1b6517eac0c8,WORD_FRAGMENT,أَهَ,3:154,1
0f6dcdb94593628e2f15,WORD_FRAGMENT,أَوُ,2:166,1
f95161ea643eb1f265e0,WORD_FRAGMENT,أُبَ,7:62,1
127b43a0ec6eb302e8b4,WORD_FRAGMENT,أُخَ,2:184,1
3fbfb1e9b48e9fe9f48e,WORD_FRAGMENT,أُذُ,5:45,1
01ece22719fbd25fbd07,WORD_FRAGMENT,اجُ,2:85,1
df5d95387bcc3ff0dc82,WORD_FRAGMENT,ازَ,3:185,1
95b46eb2a9871b09eea8,WORD_FRAGMENT,اعُ,3:168,1
0705d83ee8b04de5c2f4,WORD_FRAGMENT,بَةَ,5:97,1
6ab52482982b51c946e0,WORD_FRAGMENT,بُرُ,4:78,1
6ea3626c6f120b7b54b5,WORD_FRAGMENT,بُرِ,3:184,1
0c3d7664b7dfd9f6a817,WORD_FRAGMENT,بُلَ,2:261,1
2ef73fc11995f01d004a,WORD_FRAGMENT,بِحِ,15:66,1
b68bc68c5c1d94e75d8e,WORD_FRAGMENT,بِذِ,4:36,1
a32c1d06b6fcc3f2a172,WORD_FRAGMENT,بِصَ,4:114,1
bed2d178d77ab2b71db6,WORD_FRAGMENT,بِضُ,2:245,1
a68f4718f3fdb0cc74b8,WORD_FRAGMENT,تَبُ,5:29,1
d138509faaabcd321aab,WORD_FRAGMENT,تَسِ,4:43,1
907f4eca76b6cc25185b,WORD_FRAGMENT,تَنُ,9:126,1
8ca4607dc3a73779df29,WORD_FRAGMENT,تَى,2:177,1
375d201d1323e4f0cb54,WORD_FRAGMENT,تُسَ,4:42,1
f96039f163d8d36bd439,WORD_FRAGMENT,تُلَ,4:92,1
4543c56f8a30dbd9c71e,WORD_FRAGMENT,تِحَ,21:96,1
5cd0b71158d1d975c2bf,WORD_FRAGMENT,ثَيَ,4:11,1
d61abd5e96b72f7cf45c,WORD_FRAGMENT,ثِمِ,5:106,1
a386e3c9ef7cfd98d6e2,WORD_FRAGMENT,جَد,4:89,1
cf10e1daee69fa0abf7a,WORD_FRAGMENT,جَكُ,7:110,1
e1080015e4a1cbadafdb,WORD_FRAGMENT,جُرُ,4:34,1
b7dfd829de1a84367886,WORD_FRAGMENT,جِرِ,9:100,1
dc2136241cf9a715ec05,WORD_FRAGMENT,جِعِ,3:154,1
c39a68408db8953fe3f2,WORD_FRAGMENT,جِلَ,8:2,1
6370f3f7bd2aaf4cf99d,WORD_FRAGMENT,حَصِ,4:90,1
29774e4a1265935f5124,WORD_FRAGMENT,حَضَ,2:133,1
3319323f2f881b6cabc4,WORD_FRAGMENT,حَكُ,9:82,1
e597132ff2ed53d8fbc0,WORD_FRAGMENT,حَوَ,3:52,1
a1d447cc0a2c8921e59b,WORD_FRAGMENT,حِبِ,4:36,1
136ccd10950354070238,WORD_FRAGMENT,حِمِ,7:151,1
8122a7a0697172a94b30,WORD_FRAGMENT,خَشِ,4:25,1
b71b0ef4e2a244d7deb9,WORD_FRAGMENT,خَطِ,2:81,1
0134b60aea223f3b0ba2,WORD_FRAGMENT,خِذِ,2:267,1
1eade92398512edeb602,WORD_FRAGMENT,خِيَ,7:40,1
7fba3a1c0a5c4495c64a,WORD_FRAGMENT,دَؤُ,10:4,1
3c39a5b4e2726a5318ba,WORD_FRAGMENT,دَةُ,2:237,1
2f7e9200ed8a3ce44595,WORD_FRAGMENT,دَرُ,2:236,1
9fd230da0687c9eae92e,WORD_FRAGMENT,دِرَ,6:156,1
c6ba757c74d57485caf2,WORD_FRAGMENT,دِمِ,5:31,1
72b0e1de592f1512c5f8,WORD_FRAGMENT,رَتُ,2:16,1
fcb379e61d36a0a180a3,WORD_FRAGMENT,رَد,2:233,1
245ffc4033a09132a74c,WORD_FRAGMENT,رَقِ,4:1,1
b5565c157e0de8915cc2,WORD_FRAGMENT,رَنَ,7:28,1
84696c23aa6f91dc51d4,WORD_FRAGMENT,رَنِ,11:51,1
4790d95f17a79f263f50,WORD_FRAGMENT,رِعَ,13:31,1
b92e802a100914cb7cfa,WORD_FRAGMENT,زِقِ,5:114,1
2fc33318142324ebe910,WORD_FRAGMENT,سَتُ,3:12,1
20f1ff82ce0c2e9344cb,WORD_FRAGMENT,سَمَ,2:90,1
ebff45be3b751355b54f,WORD_FRAGMENT,سِبَ,18:102,1
8ae7eb78fb51109989c5,WORD_FRAGMENT,سِطُ,4:3,1
a517eaca4674fdbc9c20,WORD_FRAGMENT,سِيَ,5:13,1
fdbe2ea28cf677505132,WORD_FRAGMENT,صَعِ,4:43,1
f7b0a74eb1f1cf850d78,WORD_FRAGMENT,صَنَ,11:16,1
d54d81717435429982ed,WORD_FRAGMENT,صُرَ,22:15,1
ea3daaf968e13f3a360d,WORD_FRAGMENT,ضَكُ,4:32,1
dc4dd7193accd9cdd563,WORD_FRAGMENT,ضُرِ,2:61,1
323fd6637883814f7d45,WORD_FRAGMENT,ضِى,10:93,1
b7783f5a372c9af9122a,WORD_FRAGMENT,طِلَ,8:8,1
14022b61b49d8e91f05e,WORD_FRAGMENT,ظَهِ,17:88,1
ea6ccacbdd72c8bfca81,WORD_FRAGMENT,عَشَ,2:196,1
5b20821247d59927abe4,WORD_FRAGMENT,عَمُ,5:71,1
b172793f0e8f90fc03d2,WORD_FRAGMENT,عُدُ,4:140,1
f0d8c60f53dee4a4f37f,WORD_FRAGMENT,عِدِ,4:95,1
7a972a25d775ed51caf2,WORD_FRAGMENT,عِلُ,2:124,1
08159ac74afb457f90e8,WORD_FRAGMENT,عِنَ,2:104,1
3adfaa17d811354fbd83,WORD_FRAGMENT,غَدَ,3:121,1
397ddf8f9379d6838c04,WORD_FRAGMENT,غَضِ,4:93,1
a99d48f54c3e33a729ef,WORD_FRAGMENT,فَحُ,2:109,1
386b6142fac8d82b91e3,WORD_FRAGMENT,فُتِ,16:110,1
8d9f96d66636ea332679,WORD_FRAGMENT,قَةَ,2:249,1
04a110c93c30fb00066d,WORD_FRAGMENT,قَسَ,2:74,1
5fd76ef349e4919e9777,WORD_FRAGMENT,قَمِ,12:18,1
de0edf2be7e0717f70ad,WORD_FRAGMENT,قَو,5:93,1
777fddc1ffcb14f89194,WORD_FRAGMENT,قَوَ,2:127,1
15d90c6a5606c386c143,WORD_FRAGMENT,قِكُ,6:65,1
c3d0d08b56aa8e815e9b,WORD_FRAGMENT,قِمُ,5:59,1
12989befa63dadab2839,WORD_FRAGMENT,كَلَ,5:3,1
6470285170aa4283a88f,WORD_FRAGMENT,كُتُ,2:285,1
1fda4040804aef4432c9,WORD_FRAGMENT,كُثُ,7:135,1
9a384febfebc4e95f8b5,WORD_FRAGMENT,لَحُ,2:160,1
6a32a9551efbb9c49bdc,WORD_FRAGMENT,لَخَ,7:175,1
39687a4fa7e5f47f64c8,WORD_FRAGMENT,لَدِ,2:233,1
fd915da621089cb9c009,WORD_FRAGMENT,لَقِ,8:15,1
7e72e2c33d81cfabc55f,WORD_FRAGMENT,لِجَ,2:250,1
d0b6702acfac5c73724d,WORD_FRAGMENT,لِوَ,7:187,1
89c7ce088854682c01f8,WORD_FRAGMENT,مَدَ,7:111,1
aabfe3bd5b948f314aa2,WORD_FRAGMENT,مَضَ,2:185,1
cd43944993cbfe2371ba,WORD_FRAGMENT,مَفَ,3:188,1
34551515765463fee943,WORD_FRAGMENT,مِرُ,4:60,1
d4ccfdf6acc5acf59c8d,WORD_FRAGMENT,مِعَ,2:181,1
d78d8d95ec3399527ec8,WORD_FRAGMENT,نبُ,2:261,1
f6d8cf781cd8a902b5b3,WORD_FRAGMENT,نشُ,17:13,1
58a0703207285512f3a0,WORD_FRAGMENT,نظِ,7:14,1
20165f0295d89c20f830,WORD_FRAGMENT,نَكِ,7:58,1
5323b6deb2e8bc5af004,WORD_FRAGMENT,نُفُ,17:25,1
8b233ae0b26ff76ce274,WORD_FRAGMENT,نِبِ,17:83,1
1639d4125a2764fb2c5e,WORD_FRAGMENT,نِعَ,12:63,1
30fe4624bb9047f30bea,WORD_FRAGMENT,نِهَ,4:16,1
316fc78e777311631a17,WORD_FRAGMENT,هَد,8:56,1
034fbfdd431e0ccbd08f,WORD_FRAGMENT,وجَ,9:46,1
3b076615da179d5dd4ed,WORD_FRAGMENT,وَدِ,2:187,1
958ea14aba91ca693f9a,WORD_FRAGMENT,وَوُ,3:25,1
1472ea37059b34f2c01f,WORD_FRAGMENT,يَةُ,5:3,1
b6cbd9db84aaa192d8e5,WORD_FRAGMENT,يَذُ,4:56,1
ebdf242ca343edf4791f,WORD_FRAGMENT,يَرِ,4:176,1
e41b3aafba5442d25238,WORD_FRAGMENT,يَلِ,7:40,1
673adcc97e078b1b4975,WORD_FRAGMENT,يَهَ,11:82,1
5534f8a42aa74fb2b3ab,WORD_FRAGMENT,يُتِ,2:233,1
8efe17856d74636f7a34,WORD_FRAGMENT,يُجِ,23:88,1
6f8ea2986fe8b056a7cf,WORD_FRAGMENT,يُنُ,9:92,1
5da8e0e7dc5f6172ab63,WORD_FRAGMENT,ءَهَ,7:4,1
7475daadf0589e00ffc8,WORD_FRAGMENT,أَبُ,12:68,1
e1256f03feafee468a34,WORD_FRAGMENT,أَرِ,2:128,1
d8626ae71b6e71cfe269,WORD_FRAGMENT,أَسِ,7:150,1
854f9f57afc609605d4c,WORD_FRAGMENT,أَشِ,33:19,1
3384ff935631dd6fdf3d,WORD_FRAGMENT,أَنُ,2:13,1
fd380358d2e3605d25e6,WORD_FRAGMENT,ئَتَ,3:13,1
09c47120fc372dfb2ddc,WORD_FRAGMENT,ئِبِ,3:127,1
f66722235dd24e5c286b,WORD_FRAGMENT,ئِكِ,18:31,1
4eb56155f08dff5d4f8b,WORD_FRAGMENT,ئِمَ,3:113,1
312a3284071425e6af3c,WORD_FRAGMENT,احُ,5:94,1
03deef96477256488283,WORD_FRAGMENT,اىَ,2:38,1
fd18df90847cec97a0e8,WORD_FRAGMENT,ايِ,48:10,1
087258f2123ddea85d3b,WORD_FRAGMENT,بَتَ,2:261,1
9e0792920938cdc2c14d,WORD_FRAGMENT,بَثُ,10:45,1
e990292958afccf35f69,WORD_FRAGMENT,بَذَ,2:100,1
dc48ecd66f8bdc9602bd,WORD_FRAGMENT,بَسَ,5:28,1
7a219193234b51d59ac8,WORD_FRAGMENT,بَغَ,28:76,1
8540b248090fd24151dd,WORD_FRAGMENT,بَنُ,10:90,1
1383e83e4bc4c1bdea04,WORD_FRAGMENT,بَهِ,5:1,1
ec6577b4338e80e03042,WORD_FRAGMENT,بُكَ,2:204,1
87fe6863d814dfa7353f,WORD_FRAGMENT,بِثُ,18:12,1
eba6f96f923fd00d55cf,WORD_FRAGMENT,بِظَ,3:182,1
3776c3f026460890f6a0,WORD_FRAGMENT,بِغُ,7:22,1
a4d36e7702df48c9877c,WORD_FRAGMENT,بِقِ,3:75,1
77b7d2bc6d61a96c8047,WORD_FRAGMENT,بِكِ,7:52,1
0cfc3f70dc610618e4f8,WORD_FRAGMENT,تَأَ,2:203,1
fb90464a007c7f300496,WORD_FRAGMENT,تَحُ,3:152,1
9735c5cac6149a3c63b8,WORD_FRAGMENT,تَذِ,9:66,1
a090152511a11e176e8d,WORD_FRAGMENT,تَسُ,2:69,1
a754258f3f24b2a9c906,WORD_FRAGMENT,تَشِ,24:19,1
ccd986e3091ae6b9b15f,WORD_FRAGMENT,تُمَ,2:35,1
26ce1613a1753376dee2,WORD_FRAGMENT,ثَةِ,2:196,1
dbc522eb9f282cb13163,WORD_FRAGMENT,ثَرِ,7:102,1
efe00f3c52bfcc140584,WORD_FRAGMENT,ثَهُ,2:259,1
85ab706f77e27497b3b5,WORD_FRAGMENT,ثُبُ,16:94,1
63f9196363e6d67318f0,WORD_FRAGMENT,جُدَ,7:12,1
b9fb7555b1df8793118c,WORD_FRAGMENT,جُلِ,5:66,1
748f5b58ad02c1608fb6,WORD_FRAGMENT,جِبُ,2:204,1
1570a9ea246ee922912e,WORD_FRAGMENT,جِكُ,16:72,1
22e78c0d89719bb61c04,WORD_FRAGMENT,جِهَ,9:24,1
46aaa91075cef56896c8,WORD_FRAGMENT,حَنَ,19:13,1
581c963ce3ba4561665b,WORD_FRAGMENT,خَبَ,3:118,1
d667887880c6561d5f19,WORD_FRAGMENT,خَلِ,2:30,1
d747f02646a0b70304f9,WORD_FRAGMENT,خُرُ,9:46,1
190bc9a5f3b4d37292db,WORD_FRAGMENT,خُطُ,2:168,1
27d06cead15496073377,WORD_FRAGMENT,دَأَ,7:29,1
3f8433794557b62d55ba,WORD_FRAGMENT,دُنَ,7:70,1
7f58242c4c678d73e5fe,WORD_FRAGMENT,ذَوَ,5:95,1
29c4663e5f75c5ae6dc3,WORD_FRAGMENT,ذُكُ,2:225,1
e86bff9a67bc5449724e,WORD_FRAGMENT,رَشَ,18:10,1
4899617a339b7851f063,WORD_FRAGMENT,رَفِ,4:69,1
ef566f8bbda34b983ea0,WORD_FRAGMENT,رِئَ,2:264,1
47bdb7533f417176a683,WORD_FRAGMENT,رِب,2:60,1
0e3628914f506b57e753,WORD_FRAGMENT,رِدِ,5:41,1
2dad9ad0996f2e22aa60,WORD_FRAGMENT,رِضِ,6:4,1
71c840d889811d10b5f1,WORD_FRAGMENT,زُن,3:176,1
f3b61b60ca62994e605b,WORD_FRAGMENT,زِرَ,6:164,1
3ab1eb17b6372c85cce4,WORD_FRAGMENT,زِعُ,3:26,1
79b8b537aa799f601b5e,WORD_FRAGMENT,سَخِ,5:80,1
8e9370c7df5623f265e8,WORD_FRAGMENT,سَنِ,7:145,1
ffb32ca035aaf04ef031,WORD_FRAGMENT,سِفَ,16:45,1
122c133dd22c6fd84697,WORD_FRAGMENT,شَةَ,4:15,1
b19c44d7dffeb8cbc0e2,WORD_FRAGMENT,شَفَ,3:103,1
2abc5c7d379537acb590,WORD_FRAGMENT,شَفِ,6:51,1
bf50e9b430473d14c6dc,WORD_FRAGMENT,شُفَ,6:94,1
bc20a4e5ae590202f74a,WORD_FRAGMENT,شُهُ,10:61,1
979314e85ea477280300,WORD_FRAGMENT,شِرَ,27:17,1
c701d03d70c6b82670fc,WORD_FRAGMENT,شِعَ,41:39,1
bf31992adc195bee84f2,WORD_FRAGMENT,شِعِ,2:45,1
ba9b0bf8ccc30ede662b,WORD_FRAGMENT,صَغِ,2:282,1
0af987cc602971a85cc4,WORD_FRAGMENT,صُحُ,53:36,1
96312b67237ff233a9b5,WORD_FRAGMENT,ضِبَ,4:93,1
6b56b68e0d02b5069909,WORD_FRAGMENT,ضِعَ,3:96,1
2374d4b16017179e7590,WORD_FRAGMENT,ضِعِ,4:46,1
cfb8f7e8f65c1735d3eb,WORD_FRAGMENT,ضِكُ,7:110,1
17af03814629afad2dda,WORD_FRAGMENT,طَعُ,2:27,1
022f24054da6952d8a80,WORD_FRAGMENT,طِرَ,12:101,1
f42286472e2bc4d54b1d,WORD_FRAGMENT,ظَرِ,7:15,1
b3419375918dd06db848,WORD_FRAGMENT,ظَهَ,6:151,1
a3a70c0fe1ce0973fa22,WORD_FRAGMENT,ظُكُ,2:231,1
78eea59e79cadd987d73,WORD_FRAGMENT,عَبِ,3:182,1
2b6ea5b2a3ffe53f5d70,WORD_FRAGMENT,عَجُ,11:72,1
48cc1f0bca546861abe9,WORD_FRAGMENT,عَطَ,11:108,1
a54f533ade1c158f5a8c,WORD_FRAGMENT,عَهِ,2:125,1
44b36bfb3974c6f5835a,WORD_FRAGMENT,عِيَ,12:76,1
0a26d342072b887843da,WORD_FRAGMENT,غَرَ,10:61,1
1d3754b889a0f6e273a2,WORD_FRAGMENT,غَفَ,12:30,1
80748b113e10af74f0be,WORD_FRAGMENT,غَلَ,2:249,1
6310ce8aa03b7748d614,WORD_FRAGMENT,غُدُ,7:205,1
2d966bd3c80d8bd8cc0c,WORD_FRAGMENT,غُرَ,5:31,1
27a4e01e7803a60c35cc,WORD_FRAGMENT,فَثَ,2:115,1
6829cedf59040aa5f242,WORD_FRAGMENT,فَسُ,21:22,1
2c8ff8f977cb3333c347,WORD_FRAGMENT,فَسِ,3:137,1
500c7b3c73996f18d213,WORD_FRAGMENT,فَصِ,2:196,1
358f528393a22df31012,WORD_FRAGMENT,فَضَ,11:71,1
162e1eb1211103e57ee4,WORD_FRAGMENT,فَفِ,2:196,1
9660b7ff511145f62baa,WORD_FRAGMENT,فَنُ,10:23,1
c1746af2b28b31db5771,WORD_FRAGMENT,فَهِ,2:74,1
f419688b4d047a3cee80,WORD_FRAGMENT,فُؤَ,11:120,1
54e18c58f504da604f7d,WORD_FRAGMENT,فُرَ,25:53,1
477889699f8916f86500,WORD_FRAGMENT,فِظِ,12:81,1
f31055c7fe48c436648c,WORD_FRAGMENT,فِكُ,2:30,1
f8dd5405bb497e8a372b,WORD_FRAGMENT,قَرُ,7:77,1
2f4c08a8b7c54145e7ce,WORD_FRAGMENT,قَنَ,27:14,1
57b254fc51eb6a970c13,WORD_FRAGMENT,قُدُ,2:87,1
32ce672c2b057a818816,WORD_FRAGMENT,قُضُ,2:27,1
478a615ac5ba662232cc,WORD_FRAGMENT,قُهَ,11:6,1
09484ae40ae5b1dc7688,WORD_FRAGMENT,قِرَ,2:65,1
b1b3a2ad4ed48d05d799,WORD_FRAGMENT,قِفُ,3:112,1
35dfef237459c73c4cca,WORD_FRAGMENT,قِمِ,11:114,1
6d34748cdc5b5efee9ba,WORD_FRAGMENT,قِنِ,6:75,1
42cd9e256248b62dfd97,WORD_FRAGMENT,كَهَ,3:49,1
4b8f8e8f7c60308641a8,WORD_FRAGMENT,كُفُ,7:138,1
6303cef5a6b0e0bee07a,WORD_FRAGMENT,كِمِ,7:87,1
635d55c74aaa40029a4c,WORD_FRAGMENT,كِنَ,9:72,1
e16df07645bb338827cd,WORD_FRAGMENT,كِهِ,18:59,1
1201bc977b11a3ee7c2b,WORD_FRAGMENT,لَؤُ,21:42,1
070a1aa03cdc853e24ad,WORD_FRAGMENT,لَةِ,4:176,1
81f35db1adfef6d99273,WORD_FRAGMENT,لَطَ,6:146,1
f533de614370530b7cab,WORD_FRAGMENT,لَطِ,12:100,1
ae0cb6212b1364f0664f,WORD_FRAGMENT,لَوِ,3:91,1
92d9cf11cbed131feda6,WORD_FRAGMENT,لِصَ,2:94,1
13bed16e3709e634a669,WORD_FRAGMENT,مُخَ,9:81,1
f9664a7806dd1f8f9187,WORD_FRAGMENT,مُطَ,2:228,1
197f021c61009ee0bdea,WORD_FRAGMENT,مِسَ,4:47,1
2bf214200e695bf78d31,WORD_FRAGMENT,مِلِ,3:136,1
84276b4cd2e79d816b36,WORD_FRAGMENT,نتِ,3:4,1
0fd06a7a44f161bf78d8,WORD_FRAGMENT,نشِ,2:259,1
a5cf4fb033ec2ff48821,WORD_FRAGMENT,نقِ,5:59,1
7db8c3153678d50ddcef,WORD_FRAGMENT,نَت,21:74,1
cb016608f7fbae8d32a7,WORD_FRAGMENT,نَمَ,2:115,1
c0ae395d4116e47d4362,WORD_FRAGMENT,نُشُ,4:34,1
f18c48988bab9f42dd0a,WORD_FRAGMENT,نُعَ,9:66,1
eb5b044fbc866c123d81,WORD_FRAGMENT,نُقَ,2:30,1
27a5a205931ddeb7ad82,WORD_FRAGMENT,نُقِ,17:13,1
fd113b0acd0302c69016,WORD_FRAGMENT,نُمَ,6:6,1
c72c6ec4d25eb4fe6408,WORD_FRAGMENT,نُن,2:106,1
7f098d5c5b33032b7639,WORD_FRAGMENT,هَقُ,10:26,1
3bbcb2e34ac7b90cc207,WORD_FRAGMENT,هِكُ,4:43,1
101179088e07f73d31bd,WORD_FRAGMENT,وجِ,9:83,1
9c2af05b5d89f396de7f,WORD_FRAGMENT,وزَ,4:34,1
ab3fc36e86110a0d442f,WORD_FRAGMENT,وفَ,7:133,1
91b2194ec78d44989c46,WORD_FRAGMENT,وَةَ,2:158,1
43c93b7f97f9cf6f32a2,WORD_FRAGMENT,وَةِ,2:256,1
45a81f24c14c53b9bcb7,WORD_FRAGMENT,وَدُ,7:205,1
e497f6bbb05f6e174614,WORD_FRAGMENT,وَفُ,2:61,1
9838f15be3c895a159ab,WORD_FRAGMENT,وُعِ,13:35,1
65f7fd6969b2b4a385e2,WORD_FRAGMENT,وِرَ,18:31,1
8c83f19a64a277cb36cf,WORD_FRAGMENT,يشَ,20:124,1
009a78e29bda060f69cf,WORD_FRAGMENT,يضِ,2:222,1
f205416ce67e25612d5d,WORD_FRAGMENT,يَئِ,5:3,1
300891d2a4be552b298b,WORD_FRAGMENT,يَخُ,4:140,1
acd7a4c2108484afbf18,WORD_FRAGMENT,يَزَ,2:217,1
54d13143b7f634fe31fa,WORD_FRAGMENT,يَسُ,2:49,1
1c3c25905214465551fa,WORD_FRAGMENT,يَعُ,8:38,1
caf4d947fe40ed12c0e9,WORD_FRAGMENT,يُدَ,10:3,1
79445d405476e4a38179,WORD_FRAGMENT,يُسِ,2:77,1
23c82d6a5e44b352a6a7,WORD_FRAGMENT,يُهَ,4:89,1
5781e532cb73982e4317,WORD_FRAGMENT,ءِىَ,16:27,1
bb1716e93014e5d944d0,WORD_FRAGMENT,آل,6:143,1
09e7d9374b1e790eb536,WORD_FRAGMENT,أَدُ,20:40,1
6a8c87ce59906074ae39,WORD_FRAGMENT,أَرُ,31:11,1
ab4ea9b4c2f38264a23e,WORD_FRAGMENT,أَصِ,25:5,1
7674ab5cf333e3af0365,WORD_FRAGMENT,أَغَ,6:14,1
45f6124ced587681c1f4,WORD_FRAGMENT,أَفِ,2:199,1
10ca5fd872f61509bf64,WORD_FRAGMENT,أُعَ,3:56,1
25cadd9b0b387c42661b,WORD_FRAGMENT,أُهِ,2:173,1
f897fe3312ebdd26eb35,WORD_FRAGMENT,ئَُو,2:255,1
4d9614b8cf0ef83fe293,WORD_FRAGMENT,ئِدَ,5:2,1
b5dfeb36e6c41315fced,WORD_FRAGMENT,ئِزُ,9:20,1
e1fd6b8997c8662c2d50,WORD_FRAGMENT,ئِلَ,2:108,1
f876e4a3c5153af51105,WORD_FRAGMENT,ئِلُ,4:23,1
ddcabcdc37f5e1d3819a,WORD_FRAGMENT,ئِمُ,7:97,1
babb05e5dbdc504820e1,WORD_FRAGMENT,اثُ,12:49,1
209023b3338a69de8d17,WORD_FRAGMENT,اذِ,2:54,1
dd76d880c0d49a829a4e,WORD_FRAGMENT,بَؤُ,14:9,1
4b7f62c4a62d95ee150f,WORD_FRAGMENT,بَةِ,2:235,1
4b22f64a7f43462288c4,WORD_FRAGMENT,بَسُ,16:14,1
cca51146f6d490394ce3,WORD_FRAGMENT,بَقُ,8:59,1
c6c07f80f8d32b07c761,WORD_FRAGMENT,بَقِ,2:248,1
7b154504c1927c0c1cb8,WORD_FRAGMENT,بِدَ,2:282,1
ee4818873dc668e00dc5,WORD_FRAGMENT,بِشِ,16:7,1
54e63e7878ddbd03cfcb,WORD_FRAGMENT,بِلَ,2:102,1
294f390cc2bc96595da9,WORD_FRAGMENT,تَصُ,2:184,1
3d2b18352128cfd4babe,WORD_FRAGMENT,تُبِ,2:285,1
5d2a2716b3ef490c556b,WORD_FRAGMENT,تُسِ,16:10,1
4f7480f49a57ab113de3,WORD_FRAGMENT,تُلِ,8:2,1
413d370efadead39bf22,WORD_FRAGMENT,تِقَ,3:4,1
e07cd747934456a77be1,WORD_FRAGMENT,ثَةَ,2:228,1
3d4bb71fc893ffd53b12,WORD_FRAGMENT,ثَقُ,7:8,1
23aa15b6a368d814d243,WORD_FRAGMENT,ثَقِ,2:191,1
68b133d6a88b8344d841,WORD_FRAGMENT,ثُهُ,6:36,1
e82d55f84227ca0fe319,WORD_FRAGMENT,ثِرَ,5:107,1
c2af2594dfa549478bfc,WORD_FRAGMENT,جِرُ,4:89,1
04ec7aa90e2fb2dcb84c,WORD_FRAGMENT,جِكَ,20:117,1
07b29b550d3580e5747e,WORD_FRAGMENT,جِى,17:66,1
b18e9a616e4a89e194c8,WORD_FRAGMENT,حَشَ,6:111,1
9f5dacd77f39f8ae572b,WORD_FRAGMENT,حَصَ,6:141,1
73943a225326bba1cab3,WORD_FRAGMENT,حَهُ,17:44,1
685c385dba0571a8516d,WORD_FRAGMENT,حُفِ,20:133,1
e1e2aff14c7dc8162028,WORD_FRAGMENT,حِتُ,7:74,1
0b644c5695fede686b6d,WORD_FRAGMENT,حِى,6:112,1
950cf1c87d3f2946ac75,WORD_FRAGMENT,خَتَ,2:7,1
0a4749a39482bdfa117c,WORD_FRAGMENT,خَسُ,7:85,1
6e30d9919827a6322480,WORD_FRAGMENT,خَصِ,4:105,1
573ad85989bdd1c68c04,WORD_FRAGMENT,خِطَ,5:80,1
fa29b6a0487941dddd67,WORD_FRAGMENT,خِن,2:173,1
f54a21aaeecd573f7160,WORD_FRAGMENT,دَتُ,5:107,1
a6fc114624a07f376b68,WORD_FRAGMENT,دُبُ,8:16,1
9529f99a4cb0c3181da6,WORD_FRAGMENT,دُسُ,4:11,1
275e214f7657a52d982f,WORD_FRAGMENT,دُسِ,2:87,1
e9e920b645a917f53d17,WORD_FRAGMENT,دُهَ,2:24,1
0488eecee7783adbb147,WORD_FRAGMENT,دِلَ,18:81,1
66998f65cb06eaac3f55,WORD_FRAGMENT,دِمُ,7:34,1
10e581b91e7f392a51a8,WORD_FRAGMENT,ذَبَ,2:71,1
05f781f2e8a97c84c05a,WORD_FRAGMENT,ذَبُ,6:24,1
d385f11635ae34bcd13a,WORD_FRAGMENT,ذَكُ,3:103,1
d41b9380622d08c1ee4a,WORD_FRAGMENT,ذُرُ,10:101,1
fd3068883b0b6fe9196f,WORD_FRAGMENT,رَتِ,4:128,1
d24ff358201a6c1302c6,WORD_FRAGMENT,رَحَ,12:80,1
d96b8a40961d7db70366,WORD_FRAGMENT,رَزُ,2:250,1
7dbffa71fae2871c3aca,WORD_FRAGMENT,رَصَ,2:96,1
6586889058fde4e763ca,WORD_FRAGMENT,رَغَ,2:35,1
0edd6df8718358d0cd9b,WORD_FRAGMENT,رُصُ,6:116,1
1c2db1d19da0a9ccdcc7,WORD_FRAGMENT,رِئُ,3:49,1
0964094f255f44b73178,WORD_FRAGMENT,رِثِ,2:233,1
fc76f15841f34d00e22a,WORD_FRAGMENT,رِمَ,5:2,1
f1bc40264953016b8d3b,WORD_FRAGMENT,رِنِ,2:260,1
6e6ea47ad27d080576ea,WORD_FRAGMENT,زَرَ,6:74,1
a4ecb5db7b124e1d44d3,WORD_FRAGMENT,زُبُ,10:61,1
698cc5f4346be7525bed,WORD_FRAGMENT,سَتِ,2:113,1
73c960b649d70a1a79d3,WORD_FRAGMENT,سَحُ,4:43,1
125a43283f0cde735ebc,WORD_FRAGMENT,سَدَ,2:251,1
9bbcadc9f6047db3d782,WORD_FRAGMENT,سَفِ,2:130,1
2d80461bcbfc532a3886,WORD_FRAGMENT,سَكِ,2:248,1
36e02d7aef691ed2a833,WORD_FRAGMENT,سَوِ,19:10,1
0a47d1fefd6cca9d3e92,WORD_FRAGMENT,سُكُ,2:87,1
066fbb3507b20b9a740c,WORD_FRAGMENT,سِطِ,5:42,1
12c5884ef7dcff335636,WORD_FRAGMENT,سِلِ,11:52,1
e34d484dcb67c56be908,WORD_FRAGMENT,سِمَ,5:106,1
cbb77ec607f65a84df25,WORD_FRAGMENT,سِنُ,2:195,1
4c6fdbb4d4d9d5a665ef,WORD_FRAGMENT,شَقِ,11:105,1
64c0fe5ab582af7cfb83,WORD_FRAGMENT,شَكَ,4:147,1
b0bb94a6a893ea3a886a,WORD_FRAGMENT,شَى,33:37,1
94062711e2871ba93700,WORD_FRAGMENT,شِىَ,4:25,1
4dde0761002bb2e562f7,WORD_FRAGMENT,صَآ,6:104,1
ad5ed171139781eddab4,WORD_FRAGMENT,صَرِ,16:77,1
daa151a3ed01db707557,WORD_FRAGMENT,صِى,4:11,1
4795b8804fb2ffda1fc5,WORD_FRAGMENT,ضَرِ,28:61,1
ec996e38023b824293fa,WORD_FRAGMENT,ضَعِ,2:282,1
045d48301f296f189ac6,WORD_FRAGMENT,ضُهَ,3:34,1
5edb0d81ef50c7bb688a,WORD_FRAGMENT,طَبِ,19:65,1
7adee95d85fffbcdb9e8,WORD_FRAGMENT,طَفِ,7:22,1
c611f713a853a2b6ae38,WORD_FRAGMENT,طَهُ,4:90,1
40370042c4c646a8a9b3,WORD_FRAGMENT,ظَرَ,9:127,1
46b5fcd4a94d8f3f3ce1,WORD_FRAGMENT,ظُلِ,4:148,1
7b865dab019223e09e0a,WORD_FRAGMENT,عَتُ,12:65,1
b66ccf3fff950c444f5a,WORD_FRAGMENT,عَد,3:194,1
765d9684ae02c9b541a5,WORD_FRAGMENT,عَزَ,2:227,1
546d2cd592eaadd6833d,WORD_FRAGMENT,عَظُ,2:232,1
413abc31c2924e0fbbdc,WORD_FRAGMENT,عَفِ,4:75,1
91b05abab64352df1bb6,WORD_FRAGMENT,عَنُ,2:159,1
85c0bb6ff240bec7d453,WORD_FRAGMENT,عُدَ,7:16,1
2b1f3ff60eadec6c45c9,WORD_FRAGMENT,عُلَ,20:4,1
248f5b19712fb961aac3,WORD_FRAGMENT,عُلُ,17:4,1
4186a206c838e6a684dc,WORD_FRAGMENT,عِى,3:43,1
7cc497b8b0598be95400,WORD_FRAGMENT,غَتِ,33:10,1
a6eaa916583cdf743bc7,WORD_FRAGMENT,غَرُ,31:33,1
adcf3295545927a2474d,WORD_FRAGMENT,غَوَ,7:41,1
7a1154b2101c25de0292,WORD_FRAGMENT,غُيُ,5:109,1
d3beceb6b6a9e61316f2,WORD_FRAGMENT,فَزِ,27:87,1
73fd26bd4e3df765cfde,WORD_FRAGMENT,فَشَ,2:249,1
28018a1f90b8f8ed040e,WORD_FRAGMENT,فَظُ,5:89,1
5d10202395a3071f41e7,WORD_FRAGMENT,فُلُ,3:44,1
e487b8c44cd15f896d85,WORD_FRAGMENT,فِلَ,11:82,1
be28e139b3fe85712c37,WORD_FRAGMENT,فِهَ,2:130,1
ad04b3913db837830d97,WORD_FRAGMENT,قَةِ,4:129,1
d51de46f674519711469,WORD_FRAGMENT,قَذَ,3:103,1
1fc8e873a0d1f5854f06,WORD_FRAGMENT,قَطَ,7:72,1
cb82e5c562a408c2e822,WORD_FRAGMENT,قُعُ,3:191,1
174e2d60bde03d764306,WORD_FRAGMENT,قُلَ,7:8,1
1ac029ebce637cf8af82,WORD_FRAGMENT,قِبُ,11:93,1
2dd925f06f3e72dd58d1,WORD_FRAGMENT,قِدُ,12:71,1
706fde7302c1453569cc,WORD_FRAGMENT,قِصَ,2:178,1
e1ce5b79c68d38a6803c,WORD_FRAGMENT,قِطَ,7:149,1
a04843d09b6cf1da2094,WORD_FRAGMENT,قِنَ,2:201,1
98213268a6aacaa7c0c3,WORD_FRAGMENT,كَثُ,4:7,1
f87cd477de83ae6abfeb,WORD_FRAGMENT,كَدَ,3:11,1
7c5ae16f93256562a0e2,WORD_FRAGMENT,كَعُ,2:43,1
703fd20cf6ecc0f173e3,WORD_FRAGMENT,كَوَ,37:6,1
e9c094026d43cc323e95,WORD_FRAGMENT,كُرَ,18:63,1
0b97c848133bd62932f3,WORD_FRAGMENT,كُنَ,7:155,1
1662fb8497fed36626f2,WORD_FRAGMENT,كُنِ,4:38,1
c5ba2c2aed431e9d6e85,WORD_FRAGMENT,كِبُ,23:74,1
9a3773501c3f2850a456,WORD_FRAGMENT,كِتَ,13:38,1
d1f1b87b9e7771b802c0,WORD_FRAGMENT,كِحَ,2:230,1
0e89d017e8a423533aaa,WORD_FRAGMENT,كِسَ,17:92,1
8b4827a1b850a6ead6f5,WORD_FRAGMENT,كِسُ,4:91,1
3ff0d2d4659ee8be2901,WORD_FRAGMENT,كِنُ,9:24,1
172fb44654e3767aa200,WORD_FRAGMENT,لَةُ,7:30,1
537ae5dc3ac77427b484,WORD_FRAGMENT,لَت,3:72,1
9547e00bc11b25d0ab51,WORD_FRAGMENT,لَذِ,29:45,1
d56319ea009483054704,WORD_FRAGMENT,لَغُ,4:6,1
46b65d508b40b471b40c,WORD_FRAGMENT,لَكِ,3:37,1
c5f4d5bd1c5687b095da,WORD_FRAGMENT,لَوَ,4:64,1
a8a0917033ca0e45838b,WORD_FRAGMENT,لُثَ,4:11,1
5ea858637a1951f178b1,WORD_FRAGMENT,لِبِ,7:113,1
800bb73f94ddc2a5d829,WORD_FRAGMENT,لِذِ,8:41,1
12ef3784a96dfa744a4c,WORD_FRAGMENT,لِعَ,3:179,1
02a0f15f9915c00235b8,WORD_FRAGMENT,لِعُ,5:13,1
e0a060e21dd4d27237ec,WORD_FRAGMENT,مَدُ,3:188,1
75539449c51985d480c6,WORD_FRAGMENT,مَغَ,4:94,1
dc06c9ac3399c9fa2f22,WORD_FRAGMENT,مَمَ,6:162,1
517b69c2c227c78db4d6,WORD_FRAGMENT,مُلِ,18:18,1
b7a48118e5abdc80321f,WORD_FRAGMENT,مِيَ,28:66,1
ac5ae9fe62149364ece5,WORD_FRAGMENT,نَطُ,15:56,1
6bbbc9ae5bc1866eeda2,WORD_FRAGMENT,نَظَ,26:71,1
6121ca324addda126301,WORD_FRAGMENT,نَمُ,19:79,1
8f1a1f0bec10f551715c,WORD_FRAGMENT,نَمِ,6:146,1
021a7414d2da6ff83d1b,WORD_FRAGMENT,نَى,30:3,1
d696e815e1dbde279f6c,WORD_FRAGMENT,نُرَ,6:27,1
afd8b8dbdb29b8dbaf47,WORD_FRAGMENT,نُصَ,6:46,1
d40313e711b5559cd8fe,WORD_FRAGMENT,نُوَ,2:144,1
ed7c696151a2c50ac800,WORD_FRAGMENT,نِتِ,2:238,1
0f1241e45ffe2466b6db,WORD_FRAGMENT,هَتَ,7:127,1
c0971a16fece636f9c92,WORD_FRAGMENT,هَل,3:154,1
253ada2efa9511185e5a,WORD_FRAGMENT,هَلَ,4:176,1
fcbf0045b319c813e200,WORD_FRAGMENT,هَنِ,4:4,1
494aa4472c386c3e3f1e,WORD_FRAGMENT,هِلُ,2:273,1
c3e911fa3ff0e4e442c9,WORD_FRAGMENT,وثِ,6:29,1
382f226620d41de2f741,WORD_FRAGMENT,وجُ,18:99,1
582b86fbb54e50988f05,WORD_FRAGMENT,وشِ,2:259,1
d43e6ba8a8ce1a56778c,WORD_FRAGMENT,وصَ,2:27,1
d37fbbd2e6bb12267ed1,WORD_FRAGMENT,وَثُ,4:3,1
a2150fd8c25914dc475c,WORD_FRAGMENT,وَشِ,10:57,1
730cee80369ca0454218,WORD_FRAGMENT,وَظِ,13:15,1
27a5a66b383d88245970,WORD_FRAGMENT,يطَ,9:49,1
f834956ec721341e467b,WORD_FRAGMENT,يطُ,2:255,1
290083331e547885e5e8,WORD_FRAGMENT,يَحُ,8:24,1
d8d91de8b0313e952ce4,WORD_FRAGMENT,يَخِ,17:107,1
b2b61d3b855c65028241,WORD_FRAGMENT,يَدُ,5:64,1
4b6086482a2acad3fdce,WORD_FRAGMENT,يَرُ,2:109,1
36534a241a45dab2bd5b,WORD_FRAGMENT,يَضَ,7:157,1
e9220b8757da790b9594,WORD_FRAGMENT,يَطُ,52:24,1
18c1a233148cef452e42,WORD_FRAGMENT,يَنِ,12:83,1
48ea929489ef6b05c224,WORD_FRAGMENT,يَهِ,10:35,1
01384a1c61923c082aa1,WORD_FRAGMENT,يُثَ,8:11,1
826cd903f63fc2e75f5e,WORD_FRAGMENT,يُجَ,7:187,1
0f6e16f934f5e66294d3,WORD_FRAGMENT,يُلَ,25:75,1
949b410dd547d02c50e0,WORD_FRAGMENT,ءَتِ,8:48,1
a5fefab2750ab33e65e7,WORD_FRAGMENT,ءَنِ,19:43,1
84833222ee8bdbde7ae0,WORD_FRAGMENT,أَةَ,29:20,1
52dc724ad37c82520794,WORD_FRAGMENT,أَزِ,14:7,1
3d5e368c22e2e09a6f1b,WORD_FRAGMENT,أَيُ,7:191,1
c26e4564ff02c72829fd,WORD_FRAGMENT,أُجَ,25:53,1
b8aabd3260cd239d8bb2,WORD_FRAGMENT,أُجِ,2:186,1
95a49ec7824810fc5c67,WORD_FRAGMENT,أُخِ,8:70,1
3b2f03ae93a1482a55d9,WORD_FRAGMENT,أُصَ,7:124,1
fce83847abc6379fbdf5,WORD_FRAGMENT,أُقَ,7:124,1
04cc68fd0969d9736289,WORD_FRAGMENT,أُكَ,3:195,1
c45d916e08438870a0d6,WORD_FRAGMENT,إِذ,4:64,1
615872a57c75e73d84f7,WORD_FRAGMENT,إِقَ,16:80,1
0eb789e6b63d6b74ef94,WORD_FRAGMENT,ئَآ,2:264,1
ed98094d25d7a2a4bd0d,WORD_FRAGMENT,ئُكَ,18:78,1
9fd0c58c6764a2d41b47,WORD_FRAGMENT,ئِبَ,5:103,1
37262a74ffb45a6a5ee4,WORD_FRAGMENT,ئِسَ,5:3,1
2d0fce5f0e19804a60d8,WORD_FRAGMENT,ئِفِ,2:114,1
6a856b83fef80ae87f0d,WORD_FRAGMENT,ئِهَ,2:61,1
3058f23769004d47931d,WORD_FRAGMENT,اضُ,6:35,1
f9b7c60c5e8e90cd0b0f,WORD_FRAGMENT,اغُ,51:53,1
fe11dc400d0256475c06,WORD_FRAGMENT,بَإِ,6:34,1
e0d7f49ceee46987ea36,WORD_FRAGMENT,بَخِ,3:180,1
e10f3f8db5d2ffb6b40f,WORD_FRAGMENT,بَيَ,3:138,1
4bd4ba42e1b187329db0,WORD_FRAGMENT,بِجُ,9:40,1
f320ef1acae89723ea5f,WORD_FRAGMENT,بِضَ,2:102,1
abd8681e2d3aade859c4,WORD_FRAGMENT,بِنُ,2:17,1
95aa1c566120ec22a770,WORD_FRAGMENT,بِىَ,7:150,1
c96431d9ec2e8bfeef6e,WORD_FRAGMENT,تَةَ,2:173,1
1b67264ffb9f70adaded,WORD_FRAGMENT,تَخُ,8:27,1
481b9a9a27fbedcf8a0f,WORD_FRAGMENT,تَخِ,16:80,1
d1fc727cd940a402c25f,WORD_FRAGMENT,تَضِ,2:282,1
0823b0a99a919bf5e6f2,WORD_FRAGMENT,تَظُ,17:52,1
57b90f6a92365659038e,WORD_FRAGMENT,تُؤَ,2:286,1
0d8f65829391d4e11261,WORD_FRAGMENT,تُثِ,2:71,1
9433aceba30d5aa2bc2d,WORD_FRAGMENT,تُصَ,9:84,1
21042278a8875d069fd9,WORD_FRAGMENT,تُضَ,2:233,1
dadf21dd4d06b04d8207,WORD_FRAGMENT,تُفَ,7:40,1
74e32cd50d904d1306e5,WORD_FRAGMENT,تِبُ,21:94,1
b6a4fa9fcd7af4bd8d05,WORD_FRAGMENT,تِحُ,2:89,1
04eb0b77109638d84d3a,WORD_FRAGMENT,تِرَ,6:138,1
cc7a5bee6d2d69b057f5,WORD_FRAGMENT,تِنُ,5:49,1
22d7993dbf69ebb416b3,WORD_FRAGMENT,ثُلُ,4:11,1
38708b237c9c9f77676d,WORD_FRAGMENT,ثُهَ,4:176,1
713425084778ab223631,WORD_FRAGMENT,ثِرُ,59:9,1
8055838f78e62edc8177,WORD_FRAGMENT,ثِقَ,7:57,1
4bec6c28d41599a46821,WORD_FRAGMENT,جَبِ,11:73,1
7c407934aac10d53a29a,WORD_FRAGMENT,جَكَ,8:5,1
115889003ea3ec390958,WORD_FRAGMENT,جَن,4:36,1
5c02605c2729b9fd8056,WORD_FRAGMENT,جُرَ,17:90,1
295c2d1e3b57297be1dd,WORD_FRAGMENT,جُمُ,18:20,1
0ac95e9e177e092a0879,WORD_FRAGMENT,جِزَ,35:44,1
5342634e5b361de7a30e,WORD_FRAGMENT,جِفَ,34:13,1
08c5cf2da518a7c0c771,WORD_FRAGMENT,حَبُ,21:43,1
ec751acdfc539633f4db,WORD_FRAGMENT,حَتَ,4:102,1
8b0b88882c63677929e1,WORD_FRAGMENT,حَتِ,4:102,1
7a01c1bc0bbe859f5bd5,WORD_FRAGMENT,حَرُ,7:116,1
a6b3e80c06be383a6fde,WORD_FRAGMENT,حَزَ,9:92,1
d1bc60078758dcf4936c,WORD_FRAGMENT,حَسُ,4:69,1
3bbea4b16058217d0f10,WORD_FRAGMENT,حَفَ,6:61,1
6c968f19a586eee96d3e,WORD_FRAGMENT,حَقُ,2:276,1
95cf677784118a0cbeca,WORD_FRAGMENT,حُشِ,27:17,1
20f7b4a0d10ee8f5be0a,WORD_FRAGMENT,حُنَ,9:25,1
5dd1ca57e31842b8f01f,WORD_FRAGMENT,حِبُ,18:37,1
678be33fccef43ae05b8,WORD_FRAGMENT,حِرُ,10:77,1
183640662f8a87f452e9,WORD_FRAGMENT,حِكَ,11:71,1
4f64446842a9924f17eb,WORD_FRAGMENT,خَفِ,7:189,1
258b534345728387fda2,WORD_FRAGMENT,خَوَ,9:87,1
715b67c2dd24453114a9,WORD_FRAGMENT,خِصَ,2:204,1
da37c0d013a2edcc4b88,WORD_FRAGMENT,دَتَ,6:110,1
18a0e03bd25067f9d289,WORD_FRAGMENT,دَدَ,10:5,1
a76f48e22416447424b0,WORD_FRAGMENT,دَعُ,2:9,1
14f8cc83987e86ff8b14,WORD_FRAGMENT,دَفَ,4:6,1
be72f123f211f8edaf18,WORD_FRAGMENT,دَنِ,10:92,1
fc06918a261edb3fd635,WORD_FRAGMENT,دَو,2:137,1
2387bab6f2e4e71fb7c2,WORD_FRAGMENT,دُعُ,2:282,1
58b1a826f212577ed279,WORD_FRAGMENT,دُنِ,18:69,1
d4ee5ddae46bfe326e96,WORD_FRAGMENT,دِئُ,29:19,1
def61c1a158fe0032537,WORD_FRAGMENT,دِعُ,2:9,1
07f53c96f19844478423,WORD_FRAGMENT,دِفُ,6:46,1
7b3133abc328fbca204e,WORD_FRAGMENT,ذَلُ,2:71,1
d5e23d9dadc710bd212b,WORD_FRAGMENT,ذُنَ,2:67,1
1c9ae5b30059729d1e6f,WORD_FRAGMENT,ذُهُ,2:255,1
8597c061045449bc3061,WORD_FRAGMENT,ذِفُ,21:18,1
48ddc3b0c4b8eab3c07b,WORD_FRAGMENT,رَؤُ,17:93,1
6513abf200c88940a2ba,WORD_FRAGMENT,رَثَ,26:85,1
fbb7be14cd4ca9949d61,WORD_FRAGMENT,رَكِ,3:42,1
56294128df1e2db4b9f6,WORD_FRAGMENT,رَمِ,36:27,1
00e227e1ae3fd9fb1dfc,WORD_FRAGMENT,رُزِ,2:25,1
4b5d23114513aa60335d,WORD_FRAGMENT,رُهَ,6:138,1
d54a87192a58152f233d,WORD_FRAGMENT,رِجِ,2:167,1
65fb0ab571ed2b7e0cf2,WORD_FRAGMENT,رِحَ,9:81,1
f66c53152eee690f81ad,WORD_FRAGMENT,رِحِ,3:170,1
89d79ecfb15519a63862,WORD_FRAGMENT,رِسَ,5:67,1
94444a6993db74d02f60,WORD_FRAGMENT,رِفَ,7:47,1
fa4b8d00e0b6dde5aa91,WORD_FRAGMENT,زَتِ,26:91,1
d7191ce066bba5140195,WORD_FRAGMENT,زَغَ,7:200,1
699eb59865a28fe470ff,WORD_FRAGMENT,زَفِ,11:106,1
2cd8ccb65d83c853d4f7,WORD_FRAGMENT,زَمُ,2:227,1
7d85779acad2b84453dd,WORD_FRAGMENT,زَنِ,19:24,1
28788a6a4f1f29a59436,WORD_FRAGMENT,زُنُ,6:33,1
e74ce0fb71b0f411fe95,WORD_FRAGMENT,زِئَ,6:10,1
a54d92dc41422ec1f81a,WORD_FRAGMENT,زِعَ,19:69,1
8b4ed1012655e52a132a,WORD_FRAGMENT,زِفَ,40:18,1
0a7061c3dd8e84591ed2,WORD_FRAGMENT,زِلِ,12:59,1
28fc134904aa4bbaab1e,WORD_FRAGMENT,زِهِ,9:14,1
ebbeffef52e5b073ef38,WORD_FRAGMENT,سَرُ,11:22,1
21cafbdcdb6a13c66b1a,WORD_FRAGMENT,سَطُ,2:282,1
4959a660c800cc765999,WORD_FRAGMENT,سَقُ,10:33,1
d8216b48542b769499ad,WORD_FRAGMENT,سَقِ,17:78,1
c45fb9a5ad9df5c9e957,WORD_FRAGMENT,سُئِ,2:108,1
9535ab3cf34beb8d8527,WORD_FRAGMENT,سِخُ,3:7,1
32f006db91d0a7081ecd,WORD_FRAGMENT,سِدَ,2:205,1
c339efc0f33b34dff590,WORD_FRAGMENT,سِهَ,2:61,1
4b08760231f113a59012,WORD_FRAGMENT,شَتَ,28:58,1
2d6872115a5bdddeae2b,WORD_FRAGMENT,شَعَ,2:158,1
1730dad123b73f03a7fd,WORD_FRAGMENT,شِدَ,12:48,1
18bc1cc7137195198877,WORD_FRAGMENT,شِرِ,7:111,1
32d7b4c9508b3b07b103,WORD_FRAGMENT,شِفُ,6:41,1
208e6aef1f4f1507a400,WORD_FRAGMENT,صَحُ,7:62,1
2c5274bd28c8e9ae86f8,WORD_FRAGMENT,صَدِ,14:16,1
2051b04091e144a81606,WORD_FRAGMENT,صَمُ,4:146,1
26e0a5acef037a27263d,WORD_FRAGMENT,صَو,2:61,1
aa384935cbf24f02a389,WORD_FRAGMENT,صُوَ,12:72,1
b712886d772f795b0d42,WORD_FRAGMENT,صِحِ,7:21,1
8f0fcfb6404f03258350,WORD_FRAGMENT,صِفَ,7:22,1
a375d728cc316aa44e5d,WORD_FRAGMENT,ضَلَ,6:56,1
d170fdc05e8d06ef349d,WORD_FRAGMENT,ضُحَ,79:29,1
fbccdf645a13a84625a4,WORD_FRAGMENT,ضُنَ,3:64,1
516be24b076047dfb0b3,WORD_FRAGMENT,ضِنَ,14:13,1
a6270e458bd70c975e48,WORD_FRAGMENT,ضِهِ,4:155,1
c7408b5c3650d57abf96,WORD_FRAGMENT,طتُ,12:80,1
39395f1d15274cb9a74f,WORD_FRAGMENT,طَلِ,26:13,1
8b2570215b9e9ac2f1f4,WORD_FRAGMENT,طَنَ,6:151,1
e50b0038d51e9c213c73,WORD_FRAGMENT,طُهُ,2:275,1
ce978e8190d7f01ca135,WORD_FRAGMENT,طِرُ,42:11,1
839baf4fe02b85400b44,WORD_FRAGMENT,طِرِ,6:14,1
33dc76df20dcdb9ae5bf,WORD_FRAGMENT,طِنَ,6:120,1
0dde3d249b71e4995fcc,WORD_FRAGMENT,ظُرِ,27:33,1
b0a2959e9f2a5a41ce46,WORD_FRAGMENT,ظُلَ,2:210,1
98e2d5f5f46b809479b3,WORD_FRAGMENT,ظِرَ,2:280,1
c578ce125fded1309591,WORD_FRAGMENT,عَرِ,2:198,1
764cfc2e713a69dc311a,WORD_FRAGMENT,عَسِ,25:26,1
b6647192319d8c689a75,WORD_FRAGMENT,عَصِ,11:77,1
45df1aadaefd99a7bb51,WORD_FRAGMENT,عَوُ,10:22,1
7f046782e948b66fcd82,WORD_FRAGMENT,عُتُ,25:21,1
38776f1dfe77faa35cd3,WORD_FRAGMENT,عُكَ,3:55,1
2ae7d92a1f2e9a2f19f4,WORD_FRAGMENT,عِبِ,21:16,1
ce62b55e4c6c3563f7c7,WORD_FRAGMENT,عِشَ,12:16,1
cddc77022ca9806dcd1d,WORD_FRAGMENT,عِمَ,9:19,1
28e36c2cf2a285ca241d,WORD_FRAGMENT,عِنُ,2:159,1
3d8e25a155241a50bf88,WORD_FRAGMENT,غَبُ,2:130,1
8e05c6fa39cae961cb68,WORD_FRAGMENT,غَشِ,20:78,1
4632625d6e37634acf66,WORD_FRAGMENT,غَمَ,2:57,1
1a0dd7b270ade2c2ae9d,WORD_FRAGMENT,غَنَ,6:146,1
ab75a1eee31db409b492,WORD_FRAGMENT,غُكُ,7:62,1
5ec6c22548405edff905,WORD_FRAGMENT,غُهُ,14:17,1
ddc3564d55372a1eac33,WORD_FRAGMENT,غِرِ,7:13,1
ff6f499fffccfc63d4c4,WORD_FRAGMENT,غِيَ,55:20,1
809a7f5bc697674a13bc,WORD_FRAGMENT,فَبُ,2:258,1
b08f3b6a5f031509951a,WORD_FRAGMENT,فَةَ,23:14,1
2450fdd2055c0ce9028f,WORD_FRAGMENT,فَكِ,11:55,1
2a05bc328843fa382e5f,WORD_FRAGMENT,فَى,20:7,1
65790404964617cb023d,WORD_FRAGMENT,فُخُ,3:49,1
eea5b8880d7a65df0eb8,WORD_FRAGMENT,فُذُ,55:33,1
4283de4c90e3bc1570f8,WORD_FRAGMENT,فُهَ,20:105,1
f59d379810741839fde2,WORD_FRAGMENT,فِدَ,18:109,1
8a366ebd53b72a02168e,WORD_FRAGMENT,فِعَ,22:28,1
8fa67f864a9b113d97b4,WORD_FRAGMENT,فِقَ,7:22,1
02ec5d860fecb79b3e0c,WORD_FRAGMENT,فِكَ,46:22,1
3a0591beeed8d64fdbe0,WORD_FRAGMENT,قَتِ,12:23,1
e4b70cce011a8218a07a,WORD_FRAGMENT,قَفُ,7:117,1
157fdac7c36504b1d4fd,WORD_FRAGMENT,قَلُ,2:75,1
4172c22021a556849229,WORD_FRAGMENT,قُطُ,6:59,1
f78f71e7ba65bcb06f0c,WORD_FRAGMENT,قِذُ,22:73,1
329b5e62817279dbaed1,WORD_FRAGMENT,قِعَ,5:91,1
0554b15d4b574cc945af,WORD_FRAGMENT,قِهَ,20:19,1
fa308b10880543f4c975,WORD_FRAGMENT,كَتِ,2:98,1
8dbee47a5cb612cae6da,WORD_FRAGMENT,كَصَ,2:19,1
5560038279e257b060b3,WORD_FRAGMENT,كَظِ,12:84,1
9f163da959123b82dd45,WORD_FRAGMENT,كَعَ,29:10,1
70d048a4c1d8cd98c9ae,WORD_FRAGMENT,كَم,2:249,1
fd2f12f8af8ee3c3bfd6,WORD_FRAGMENT,كَمُ,4:60,1
b073a93d1d4801c48f66,WORD_FRAGMENT,كَمِ,24:35,1
45c94217ccefcbada42b,WORD_FRAGMENT,كَنُ,11:113,1
994d9f7a08a597a9c21c,WORD_FRAGMENT,كُر,3:41,1
d1c9a802d1efb8224aed,WORD_FRAGMENT,كُلِ,13:4,1
0cbc72d8c2f4681c4ae0,WORD_FRAGMENT,كِفُ,2:187,1
8d90f2d359fc95f55a4b,WORD_FRAGMENT,كِفِ,2:125,1
9d07bfada8d84677bdd0,WORD_FRAGMENT,كِهُ,23:19,1
7ee5281d74f0acea4248,WORD_FRAGMENT,كِى,6:162,1
f3e9b9451470088565b7,WORD_FRAGMENT,لَذَ,2:20,1
f30852199fd22238670a,WORD_FRAGMENT,لَصَ,31:19,1
4a3c535fc7937d855566,WORD_FRAGMENT,لَظَ,14:34,1
97fdbe6466b5577df945,WORD_FRAGMENT,لُعِ,5:64,1
4b1defe723ae7abb6846,WORD_FRAGMENT,لِئَ,2:150,1
5d658a5ce878de202ead,WORD_FRAGMENT,لِذَ,12:29,1
76bac79477ef7f465b4f,WORD_FRAGMENT,لِزَ,20:117,1
639a42841d58c0be1f49,WORD_FRAGMENT,لِشَ,16:40,1
ea3bb90e56588ab96301,WORD_FRAGMENT,لِغُ,7:135,1
e7a327c8b9a6173922d1,WORD_FRAGMENT,لِغِ,13:14,1
a0b04259f9bc923866ff,WORD_FRAGMENT,لِٱ,12:21,1
fc0abc1e558034c418c9,WORD_FRAGMENT,مَأَ,10:7,1
5334060850f30c4b7132,WORD_FRAGMENT,مَثُ,2:103,1
41bb63a46d9c2e340d4c,WORD_FRAGMENT,مَصَ,5:3,1
81b28d84bb01c3afef30,WORD_FRAGMENT,مَطَ,25:40,1
582d4f98124b147688b8,WORD_FRAGMENT,مَكِ,12:54,1
42258453f313cff73fce,WORD_FRAGMENT,مَى,4:127,1
e0fb47909160c237289f,WORD_FRAGMENT,مُؤَ,7:44,1
de265d854226f7ed94f1,WORD_FRAGMENT,مُرَ,3:80,1
8b53ffd7ff97e58b2c17,WORD_FRAGMENT,مُقِ,4:162,1
cdb7e9b773f99fb9791f,WORD_FRAGMENT,مِدَ,18:109,1
96996a78ef3d6c474007,WORD_FRAGMENT,مِدُ,9:112,1
74db7cd011d759de80b5,WORD_FRAGMENT,مِرِ,20:85,1
412eeee74821dd65a35a,WORD_FRAGMENT,مِزَ,76:5,1
66491924e2f0be920493,WORD_FRAGMENT,مِزُ,9:58,1
8b804ceb9b823c8a0c4e,WORD_FRAGMENT,ندُ,18:31,1
4b6ef4b4ca0a6af3340e,WORD_FRAGMENT,نَجَ,9:28,1
2350abee7eecdd50961e,WORD_FRAGMENT,نَجِ,12:80,1
6d47514825fe4ba893db,WORD_FRAGMENT,نَزِ,2:58,1
f40ab01a5a77ac8028b7,WORD_FRAGMENT,نَسَ,25:54,1
e79fb5d990e50d202502,WORD_FRAGMENT,نَفِ,17:6,1
9910e0a0feca7557bf38,WORD_FRAGMENT,نَقَ,9:74,1
0f3cc513bc8b49c2f90e,WORD_FRAGMENT,نَقِ,4:53,1
cb54be829569523d76f2,WORD_FRAGMENT,نُضِ,7:170,1
b3d7a6ff673bb16beeba,WORD_FRAGMENT,نُمِ,15:23,1
1d5b965f51af2897f694,WORD_FRAGMENT,نُيَ,87:8,1
47957d088ceaade01a97,WORD_FRAGMENT,نِعِ,2:271,1
b53601d2e926e1673096,WORD_FRAGMENT,نِمَ,48:15,1
bc0055f6e763e2f543af,WORD_FRAGMENT,هَتُ,11:101,1
c992859b2c2d1f49db8c,WORD_FRAGMENT,هَدِ,19:37,1
5b283356bd8cb673f14f,WORD_FRAGMENT,هَقَ,9:55,1
db1cdbe335fdb5d5fc55,WORD_FRAGMENT,هَمَ,23:97,1
1c0d92057d8e2c3754c0,WORD_FRAGMENT,هِبَ,8:11,1
0621f73417ca7daecef6,WORD_FRAGMENT,هِيَ,21:3,1
a0b36c33455b2ae1d765,WORD_FRAGMENT,وصِ,4:11,1
7ed725b33eaf9246e5f3,WORD_FRAGMENT,وَةُ,12:58,1
244e268e30de9388a4fa,WORD_FRAGMENT,وَد,12:32,1
7dfbdd7beea35f96cf71,WORD_FRAGMENT,وَشُ,10:28,1
be2f1a0f8e82fee3f3ea,WORD_FRAGMENT,وَصُ,13:33,1
fc25d4db5b566a97385c,WORD_FRAGMENT,وَضُ,2:61,1
45672578ee55bfaa7ebf,WORD_FRAGMENT,وُدُ,2:251,1
a52938285b9e9a549adf,WORD_FRAGMENT,وُضِ,3:96,1
afb6b7f3070946e2a950,WORD_FRAGMENT,وِرُ,18:34,1
5ee6278efcaad481ce4d,WORD_FRAGMENT,يبِ,30:31,1
a38a064d03277444f5d7,WORD_FRAGMENT,يسُ,15:32,1
22f5495291c78eeeb270,WORD_FRAGMENT,يهُ,5:26,1
251ee8a964ae345d150a,WORD_FRAGMENT,يَغِ,9:120,1
27b5fcf7d50c3ebba3e6,WORD_FRAGMENT,يُذَ,2:49,1
fbeffd2fa0244c121116,WORD_FRAGMENT,يُذِ,6:65,1
ab617689ca2ff2cdedf7,WORD_FRAGMENT,يُشَ,4:115,1
eea339f005f641d8334d,WORD_FRAGMENT,يُضَ,2:282,1
318bddb281b800a4a0b7,WORD_FRAGMENT,يُهُ,17:19,1
d98b20ca3e0d2c196060,WORD_FRAGMENT,يِعُ,48:10,1
dc6edb5783ac254564c6,WORD_FRAGMENT,ءَةَ,5:31,1
e5496e49cf1f09dc5dfc,WORD_FRAGMENT,ءِى,19:5,1
d9eee8b1bad81c51e1cf,WORD_FRAGMENT,أَءُ,38:8,1
0f8a2f78d30bc355e21f,WORD_FRAGMENT,أَدَ,2:178,1
85730183e8884236b17a,WORD_FRAGMENT,أَزَ,2:36,1
be5a14f47f97e014f7ad,WORD_FRAGMENT,أُضِ,3:195,1
ba14c862cd433cd7fac8,WORD_FRAGMENT,أُفُ,53:7,1
0a7b29612cb03de2066c,WORD_FRAGMENT,أُنِ,11:88,1
5b5270cf2674e890fbb4,WORD_FRAGMENT,ؤُهَ,18:41,1
5c989952315bdfc9f4e5,WORD_FRAGMENT,إِبِ,6:144,1
50d85894dce48787fb3a,WORD_FRAGMENT,إِى,6:34,1
4b1431f370b4e5b00109,WORD_FRAGMENT,ئَةُ,2:261,1
a12fccfad33d9a933f5e,WORD_FRAGMENT,ئِبُ,4:23,1
755069f8fbbe00ca4e3d,WORD_FRAGMENT,ئِثَ,7:157,1
2b4f69207236f7ab71e1,WORD_FRAGMENT,ئِرِ,2:158,1
5b3d21de87ec60c0fe30,WORD_FRAGMENT,ئِسُ,29:23,1
7763b1f6ef21d893978e,WORD_FRAGMENT,ئِطِ,4:43,1
06fe95392a80ce65b582,WORD_FRAGMENT,ئِقُ,37:31,1
abc1ff415e510b1109c8,WORD_FRAGMENT,ئِمِ,22:26,1
c62aaf03d15e479f9a96,WORD_FRAGMENT,ازُ,54:20,1
e4306e1bb3ac0c716bc7,WORD_FRAGMENT,اصُ,2:178,1
a08f346aad8c4f8dc20a,WORD_FRAGMENT,اظِ,27:35,1
03c7c55bd79e7b3397c0,WORD_FRAGMENT,اغِ,19:46,1
187003b1dea41e71735a,WORD_FRAGMENT,بَت,10:89,1
3a11fb43be59ea696550,WORD_FRAGMENT,بَتُ,3:90,1
930f7f413c0543da40fe,WORD_FRAGMENT,بَدُ,13:17,1
c6ae2cdab8bb02421b61,WORD_FRAGMENT,بَدِ,2:117,1
e3bf2f4a623b13807e71,WORD_FRAGMENT,بَصُ,20:96,1
2cc33f2f2c30728236bd,WORD_FRAGMENT,بَىِ,12:39,1
57fa6ddfaae046b6127a,WORD_FRAGMENT,بُتُ,8:45,1
e7de0989913de1606505,WORD_FRAGMENT,بُدِ,19:44,1
7c0e587d26cac5d0191b,WORD_FRAGMENT,بُكِ,19:58,1
b8bd34e545a01c2c5122,WORD_FRAGMENT,بِتِ,14:27,1
f28dbe65651bd82bc270,WORD_FRAGMENT,بِزَ,6:136,1
c7a35279ca631f76da0a,WORD_FRAGMENT,بِزِ,24:60,1
def1e7358999c2ba65a0,WORD_FRAGMENT,بِشُ,30:13,1
ba1a76aeadd125dd3ce9,WORD_FRAGMENT,بِصِ,33:24,1
06b6d22da9f9128d432e,WORD_FRAGMENT,بِوُ,4:43,1
6de6767f4d1c42ab3002,WORD_FRAGMENT,تَؤُ,12:85,1
98b8e7e4e603dc3f7e67,WORD_FRAGMENT,تَئِ,11:36,1
0efde46a7b3920e55f5c,WORD_FRAGMENT,تَةُ,5:3,1
38272fc6f8f2f9f1b416,WORD_FRAGMENT,تَتُ,44:35,1
28c36634bf08fbe16a10,WORD_FRAGMENT,تَتِ,28:15,1
e87b190cffbdec348053,WORD_FRAGMENT,تَذُ,16:94,1
6a8f9fb3bf00dbabe1ff,WORD_FRAGMENT,تَزُ,14:46,1
ac36d12ab942b222f772,WORD_FRAGMENT,تَضُ,9:39,1
440ee64a0a578fa78c7b,WORD_FRAGMENT,تَكِ,19:24,1
9e37868f73325f035dfc,WORD_FRAGMENT,تَو,3:188,1
7096addb6dc7f459c995,WORD_FRAGMENT,تُخَ,2:220,1
ef5f92f06f6a2cd56f8d,WORD_FRAGMENT,تُرُ,21:20,1
08c660a49845b95b6b7f,WORD_FRAGMENT,تُزَ,9:103,1
4822767a81ab5361735e,WORD_FRAGMENT,تُفِ,10:61,1
d09ad44d45979242da9d,WORD_FRAGMENT,تُقُ,5:27,1
3dbed7ab2ae54f213cba,WORD_FRAGMENT,تُكِ,27:74,1
e12c02c0a79ec5f1f669,WORD_FRAGMENT,تُمِ,2:283,1
ce0a282c7cfd799a52ff,WORD_FRAGMENT,ثَآ,23:41,1
a41f33a4a88b8e2e721a,WORD_FRAGMENT,ثَكُ,2:223,1
a22451d140343426f47c,WORD_FRAGMENT,ثَلَ,3:59,1
8b9fcb990f288ffab6be,WORD_FRAGMENT,ثَنَ,36:52,1
780a113be78a78814822,WORD_FRAGMENT,ثُرَ,4:7,1
2f30ecdc1a7e9466c744,WORD_FRAGMENT,ثُقِ,3:112,1
76b63b4f5f7c0bec237c,WORD_FRAGMENT,ثُكُ,6:60,1
553f1059b1e5b64a6d8c,WORD_FRAGMENT,جَتِ,38:24,1
f4f1c54405f615e65d22,WORD_FRAGMENT,جَحَ,11:59,1
564877787c5567d8aa61,WORD_FRAGMENT,جَرِ,16:68,1
e2645cfa99d75a90a428,WORD_FRAGMENT,جَنِ,12:100,1
0ed7d921b5bff16126f6,WORD_FRAGMENT,جُفُ,73:14,1
53ec787006f8a139fc0b,WORD_FRAGMENT,جُكَ,2:35,1
dbcdda0836fd148d813f,WORD_FRAGMENT,جُمَ,19:46,1
395e750fec2c62ff7c1d,WORD_FRAGMENT,جُمِ,26:38,1
cef736cc8a8efaf34877,WORD_FRAGMENT,جُهَ,76:5,1
92b4866f479f93dac320,WORD_FRAGMENT,جِا,39:69,1
21ec1a3b8d69870bcf4e,WORD_FRAGMENT,جِبِ,26:184,1
399cef63a0a059b88152,WORD_FRAGMENT,جِثِ,19:68,1
578ed16ae0d21712deb4,WORD_FRAGMENT,جِرَ,33:10,1
26e8b7b1543afd1a957b,WORD_FRAGMENT,جِعَ,20:91,1
bf6b9eab81fd7a201c68,WORD_FRAGMENT,جِنَ,6:139,1
ce86d3cd834444704979,WORD_FRAGMENT,حَجَ,2:60,1
7feaaa1d0ed600e2aab9,WORD_FRAGMENT,حَذَ,2:19,1
f511cfbd8914e11b160e,WORD_FRAGMENT,حَطَ,72:15,1
895fe93275c595394041,WORD_FRAGMENT,حَلَ,5:2,1
302f70c10e654b862b79,WORD_FRAGMENT,حُبَ,9:25,1
bd1e28fabf891fd0edda,WORD_FRAGMENT,حُجُ,4:23,1
551d843d0954ee9f174b,WORD_FRAGMENT,حُطَ,104:4,1
560c836e6a6d952e0e45,WORD_FRAGMENT,حُكُ,5:94,1
225d48de27efdf0ae4a1,WORD_FRAGMENT,حُلُ,24:58,1
77a8b3732e56a6d4630c,WORD_FRAGMENT,حُهَ,24:3,1
035b58842adc178fb5c7,WORD_FRAGMENT,حِدِ,14:48,1
d7324533aba391112533,WORD_FRAGMENT,حِضُ,18:56,1
11d4267ad1c17ec1f0e6,WORD_FRAGMENT,حِنَ,21:91,1
892749d5c88c6b43269b,WORD_FRAGMENT,حِهَ,7:56,1
c85be86afe157a0442b2,WORD_FRAGMENT,حِهِ,2:96,1
64572bfa3932e4d8a310,WORD_FRAGMENT,خُذِ,7:199,1
4abe541465f4c311f959,WORD_FRAGMENT,خُشُ,17:109,1
2d2897e3e5f739fef81e,WORD_FRAGMENT,خُمُ,8:41,1
3a75c400e34a7e5b1e7b,WORD_FRAGMENT,خُوَ,7:148,1
b4dbd7ae8e16a0b51063,WORD_FRAGMENT,خِلِ,3:192,1
91d144d3eab7bc1389d8,WORD_FRAGMENT,دَرِ,11:31,1
2fff92654f8757f66b78,WORD_FRAGMENT,دَلُ,22:68,1
97083924556bebcd2316,WORD_FRAGMENT,دُخَ,41:11,1
5cf4d3a90660d33e515f,WORD_FRAGMENT,دُعِ,33:53,1
a81a5f9ec0b25ec11154,WORD_FRAGMENT,دِثُ,20:113,1
091b2c1f70a0a0f03938,WORD_FRAGMENT,دِرِ,68:25,1
e4fc864447bdd9b51ff9,WORD_FRAGMENT,دِسُ,18:22,1
b54dcb4da491430739dd,WORD_FRAGMENT,دِفَ,27:72,1
34230a32097aa31b01c3,WORD_FRAGMENT,دِمَ,2:84,1
ff55ef4844388687647a,WORD_FRAGMENT,ذَتِ,10:24,1
c293363729fc8b57877a,WORD_FRAGMENT,ذَفَ,33:26,1
c6df417af61d651615ec,WORD_FRAGMENT,ذَلِ,16:70,1
46e30afb985229780c88,WORD_FRAGMENT,ذِفِ,20:39,1
be8dc39a8ab76ea7b86e,WORD_FRAGMENT,ذِن,9:43,1
381783e2782362abe649,WORD_FRAGMENT,رَدُ,9:101,1
a4606b707447c84d3cb7,WORD_FRAGMENT,رَعَ,42:13,1
6016939e5f15c4bf1e38,WORD_FRAGMENT,رَهِ,52:21,1
3d5711195680632bb24f,WORD_FRAGMENT,رَوَ,34:12,1
7db0bde9ce6220669414,WORD_FRAGMENT,رُجَ,49:5,1
90a0f0de5720a9a9b91e,WORD_FRAGMENT,رُطَ,19:25,1
b6abae958489163268ff,WORD_FRAGMENT,رُفَ,6:112,1
013ebe9444eb7fc75c33,WORD_FRAGMENT,رُكِ,3:45,1
9ce583b179e70c75a48a,WORD_FRAGMENT,رُنِ,11:30,1
16c7408479b68ccfbd3c,WORD_FRAGMENT,رِئِ,2:54,1
f4f3cecde721cf365941,WORD_FRAGMENT,رِثَ,4:11,1
f57520f10fafc0a08ab0,WORD_FRAGMENT,رِخُ,28:18,1
5d1abf4372ddd6b2e3dd,WORD_FRAGMENT,رِخِ,14:22,1
ca0899f26672084913b5,WORD_FRAGMENT,رِدُ,19:71,1
0e4c6abf6e67a96cd548,WORD_FRAGMENT,رِشُ,7:137,1
29cb3ba22be24ead5c31,WORD_FRAGMENT,رِضَ,17:28,1
3b30fac83cab34dfd865,WORD_FRAGMENT,زَبَ,13:17,1
9024d464c8128e069daa,WORD_FRAGMENT,زَبُ,4:163,1
e0302b0dea2cb4e3abde,WORD_FRAGMENT,زَعِ,12:72,1
5300fe3dd9d4c2950273,WORD_FRAGMENT,زَقُ,3:169,1
9934c5f22f4fe74894d4,WORD_FRAGMENT,زَكِ,18:74,1
24556d1ac810111487f6,WORD_FRAGMENT,زَمَ,47:21,1
60732061f1dd7e250e45,WORD_FRAGMENT,زُرُ,26:148,1
a0ed157d6600f132b99d,WORD_FRAGMENT,زُمَ,39:71,1
ef7cd715fa49bf564467,WORD_FRAGMENT,زِدِ,71:24,1
9a05f7493a95b7adad0a,WORD_FRAGMENT,زِمُ,2:235,1
6be7335e95350d6d816f,WORD_FRAGMENT,زِنُ,17:35,1
cb8549a3856a17503d09,WORD_FRAGMENT,زِنِ,15:22,1
9a95b6a63130ffb6e546,WORD_FRAGMENT,سَةَ,5:21,1
3b0827689091692d90e1,WORD_FRAGMENT,سَحِ,22:31,1
434aab0ddd31e39645b2,WORD_FRAGMENT,سَدِ,4:9,1
f4c8e9c025287eb8abd4,WORD_FRAGMENT,سَن,17:7,1
8729c4391186fb488624,WORD_FRAGMENT,سَهَ,21:102,1
9c143f4555ca382e1f61,WORD_FRAGMENT,سُبَ,25:47,1
4dc211e5508ac1248efe,WORD_FRAGMENT,سُدُ,4:54,1
b54a1ff81f9913186462,WORD_FRAGMENT,سُعُ,54:24,1
ecbef9ccaf337e357340,WORD_FRAGMENT,سُوَ,11:13,1
64ff5559219d23e54df4,WORD_FRAGMENT,سِبِ,6:62,1
481bc14b0c55c2bbb685,WORD_FRAGMENT,سِعُ,51:47,1
9b9cf8d93a88df14f3e6,WORD_FRAGMENT,شَإِ,6:39,1
99e9ef693369b5d1a0b6,WORD_FRAGMENT,شَدَ,38:20,1
4120c1c25407098a24df,WORD_FRAGMENT,شَطَ,18:14,1
470c8a8a941f03aea9d6,WORD_FRAGMENT,شَغَ,12:30,1
d9c28211a910e1709a1d,WORD_FRAGMENT,شُزُ,58:11,1
bc07208f66ec172432a2,WORD_FRAGMENT,شُكُ,25:62,1
7fbabe6b8457c5580fb5,WORD_FRAGMENT,شِئَ,56:61,1
bfe6ca98af43aec03dfa,WORD_FRAGMENT,شِئُ,13:12,1
e1ac07c9ad081328dec0,WORD_FRAGMENT,شِمَ,34:15,1
72c384fc1d3ca643ff45,WORD_FRAGMENT,صَبِ,19:12,1
6bfdb0e46120d9bf35cc,WORD_FRAGMENT,صَصَ,7:176,1
b3968f9695ca4bc524f3,WORD_FRAGMENT,صَصِ,12:3,1
3901b1090b1dd9041673,WORD_FRAGMENT,صَغَ,6:124,1
d9cb939d9773175a6b3f,WORD_FRAGMENT,صَهُ,12:25,1
6e6f22de17d72d5b3db6,WORD_FRAGMENT,صَوَ,22:36,1
87f0a7a97fff970da2af,WORD_FRAGMENT,صُهَ,13:41,1
014427e8d89ba79220a6,WORD_FRAGMENT,صُهُ,12:26,1
6ea9855f195a1374018d,WORD_FRAGMENT,صِبَ,88:3,1
b0b3b469fa3ce2d4a9ea,WORD_FRAGMENT,صِتُ,7:204,1
39d5748f274bc488c005,WORD_FRAGMENT,صِحُ,12:11,1
034b4c55547f733f1015,WORD_FRAGMENT,صِلِ,6:57,1
29437799549a9993562e,WORD_FRAGMENT,صِنِ,4:24,1
266d4e1735486e32d37c,WORD_FRAGMENT,صِهِ,12:18,1
71ddf8f070dc0ede931e,WORD_FRAGMENT,ضَبِ,20:81,1
173deccb0a41c28c962d,WORD_FRAGMENT,ضُلُ,2:232,1
8e40bf0f0cc88cc68197,WORD_FRAGMENT,ضِعُ,2:233,1
933bc94b56dd8dd60aa3,WORD_FRAGMENT,طَرُ,26:173,1
05751f54ed51975a380d,WORD_FRAGMENT,طَعِ,5:93,1
3925fff4adff7f49af43,WORD_FRAGMENT,طَفُ,2:20,1
b40615be5c4c757fd36f,WORD_FRAGMENT,طَقَ,41:21,1
5c6e3f04217b479436b2,WORD_FRAGMENT,طَلُ,27:7,1
22c329b189cb2a97753e,WORD_FRAGMENT,طَوِ,73:7,1
c9d4dcabfac121754ebc,WORD_FRAGMENT,طُبِ,9:87,1
dab4296bcde730113189,WORD_FRAGMENT,طُلُ,20:130,1
d523b87827a61246945c,WORD_FRAGMENT,طِئَ,69:9,1
545d1d8fa9678206c9d6,WORD_FRAGMENT,طِبَ,67:3,1
fbf1aff5fa976130529f,WORD_FRAGMENT,طِشُ,7:195,1
7dbd80e1a1a7a57c2dca,WORD_FRAGMENT,طِع,18:78,1
e230c960237c3b5a07fb,WORD_FRAGMENT,طِعَ,6:45,1
b609bedbc9425ea85ae7,WORD_FRAGMENT,طِنُ,57:3,1
11de54bb077828d3613f,WORD_FRAGMENT,ظَلُ,14:34,1
d371aaba0309c3b2b6b9,WORD_FRAGMENT,ظَلِ,4:57,1
64fd0a0f4132a76a59ac,WORD_FRAGMENT,ظَمَ,9:120,1
8beb4690306264774b97,WORD_FRAGMENT,ظَمُ,9:20,1
e4f64df4ad39e65eb00a,WORD_FRAGMENT,ظُرَ,7:129,1
3c3a743934202f90b498,WORD_FRAGMENT,ظِمِ,3:134,1
8decbbde94f01fb9f2cc,WORD_FRAGMENT,عَدِ,9:81,1
62411cdae082b3e7acb2,WORD_FRAGMENT,عَضُ,18:51,1
95a6322d5fe1131a1850,WORD_FRAGMENT,عَوَ,2:68,1
0a9a8098cef392f294f7,WORD_FRAGMENT,عُرِ,18:48,1
d83179f5e1805d0baef6,WORD_FRAGMENT,عُمِ,16:112,1
8995860de650097625f1,WORD_FRAGMENT,عُنَ,6:71,1
bfcdb8bf75ac3a922890,WORD_FRAGMENT,عُنُ,17:13,1
8a5fe849509011bb482c,WORD_FRAGMENT,عِتِ,19:8,1
6d87c6b146c7db3905f8,WORD_FRAGMENT,عِجَ,12:43,1
237bdd7b1c4a15037a9e,WORD_FRAGMENT,عِصِ,20:66,1
5e6c69082bf9eb6215b6,WORD_FRAGMENT,عِفَ,2:245,1
7bc656316804f2240be5,WORD_FRAGMENT,عِلَ,16:124,1
eb2b7619cc2c478de4ce,WORD_FRAGMENT,غَبَ,80:40,1
284206f7c8121f66b805,WORD_FRAGMENT,غَةَ,2:138,1
5e6c77878f4bf4848830,WORD_FRAGMENT,غُثَ,23:41,1
7991d9bc04c54e692e4e,WORD_FRAGMENT,غُلِ,7:119,1
be967b79b24f2f9e056c,WORD_FRAGMENT,غِبُ,9:59,1
e8f486430c5fc0edf91c,WORD_FRAGMENT,غِرُ,9:29,1
4f8984c3bbd77cb664e4,WORD_FRAGMENT,غِطَ,18:101,1
cd6798f5d9f37c4daca7,WORD_FRAGMENT,غِىَ,6:35,1
651059a49f89fa6075e5,WORD_FRAGMENT,فَةِ,9:60,1
ae743b68f1fc6fc25c51,WORD_FRAGMENT,فَدُ,16:96,1
cda27110e44ae63c5a8c,WORD_FRAGMENT,فَشِ,3:152,1
eec53833dd18739fa01e,WORD_FRAGMENT,فَغُ,7:119,1
38195b52e26689f32b01,WORD_FRAGMENT,فَمُ,6:98,1
cc5303393629505515ef,WORD_FRAGMENT,فُقِ,53:7,1
c9040685318192459c3f,WORD_FRAGMENT,فُوَ,2:237,1
6569636438120aac4859,WORD_FRAGMENT,فِجَ,21:31,1
98831c900bd3d43498a0,WORD_FRAGMENT,فِحِ,4:24,1
1badd737946c0da8662c,WORD_FRAGMENT,فِصَ,2:233,1
d9b8da78edd4e046e13f,WORD_FRAGMENT,فِعِ,26:100,1
ad7a99e2a405b18957a5,WORD_FRAGMENT,فِىَ,2:178,1
7999acae0224f589cf13,WORD_FRAGMENT,فِيَ,3:124,1
6e6108a9a0e50b832ca4,WORD_FRAGMENT,قَبِ,7:27,1
289c48e3a0d64a1d920d,WORD_FRAGMENT,قَدُ,5:64,1
161c6e1d02ae4b0d2ae1,WORD_FRAGMENT,قَعُ,15:29,1
9f61e1bfbbd83527388b,WORD_FRAGMENT,قَعِ,50:17,1
ff46ecdd6ac07070e9fe,WORD_FRAGMENT,قَكَ,18:37,1
9b4d38eb1e2b3f10d6fb,WORD_FRAGMENT,قَمُ,9:74,1
2ab738aef92ba8da2523,WORD_FRAGMENT,قَنِ,11:88,1
c8235593e1ad2acc5007,WORD_FRAGMENT,قُدِ,54:12,1
377b88f4986035c40065,WORD_FRAGMENT,قُرِ,7:204,1
39583be444a1a30479b5,WORD_FRAGMENT,قِقِ,4:115,1
681e0e5b9a5c9a4a36a4,WORD_FRAGMENT,قِن,3:75,1
74411a01810f3aef12b3,WORD_FRAGMENT,كَبَ,4:31,1
d15f3571f24b509efb1c,WORD_FRAGMENT,كَثَ,27:22,1
f4a54fae56e84ee5ae93,WORD_FRAGMENT,كَخَ,4:77,1
faf829882b06f07dfc81,WORD_FRAGMENT,كَزَ,28:15,1
ed74d7ac28243278e574,WORD_FRAGMENT,كَكُ,2:200,1
9d8dedf1b7dd8fcd7205,WORD_FRAGMENT,كَنِ,34:15,1
c26d721d581b9844c07b,WORD_FRAGMENT,كُبَ,33:67,1
c03f03f600821cf9b9fd,WORD_FRAGMENT,كُبِ,58:5,1
94720d2e8cf312a874f8,WORD_FRAGMENT,كُرِ,73:8,1
fb15083201a94bf7a85a,WORD_FRAGMENT,كُسَ,4:142,1
7607326d28609b292ff4,WORD_FRAGMENT,كُضُ,21:12,1
541319b59087107f373f,WORD_FRAGMENT,كِبِ,37:6,1
5528066c324385ee6056,WORD_FRAGMENT,كِد,17:74,1
5db1fb51ae9240ad4c43,WORD_FRAGMENT,كِعُ,5:55,1
39f91e7db7dbf3cea8b9,WORD_FRAGMENT,كِعِ,2:43,1
f408d5a0d0df4eef511a,WORD_FRAGMENT,كِفَ,4:172,1
36cff3087c9dc6d3f37b,WORD_FRAGMENT,كِلَ,17:23,1
5f6d1b9f3fa5d09e84dc,WORD_FRAGMENT,كِلُ,37:66,1
64dd107b1a682fdd0e27,WORD_FRAGMENT,لَدُ,7:58,1
18c78a3fa1b21fa7e90e,WORD_FRAGMENT,لَزُ,38:25,1
ace70007d46a275e3d8e,WORD_FRAGMENT,لَصُ,4:146,1
4f91f1a23f24b60522ef,WORD_FRAGMENT,لَضَ,68:26,1
ba4c5d0374f5087b463a,WORD_FRAGMENT,لَلَ,6:9,1
83f54cd40ec68a7f3cbc,WORD_FRAGMENT,لُقَ,17:99,1
7862436ee0e6ddc0fb5d,WORD_FRAGMENT,لُمَ,24:58,1
fd10da544fbb3f5d598e,WORD_FRAGMENT,لِخَ,30:30,1
07c86bb866d8c33585d2,WORD_FRAGMENT,لِرُ,14:13,1
357fd97060f449af87d0,WORD_FRAGMENT,لِسِ,30:49,1
6d4fe559771439235dad,WORD_FRAGMENT,لِشُ,6:136,1
d4e3f920e4512aec6ce8,WORD_FRAGMENT,لِصُ,2:139,1
e20bd5b2d615292a5eeb,WORD_FRAGMENT,لِقِ,23:14,1
0bfc78d53b94ca49e2bd,WORD_FRAGMENT,لِم,18:33,1
dc218f1925074ab2393c,WORD_FRAGMENT,مَجِ,50:1,1
f621883f38a91874cda9,WORD_FRAGMENT,مَحَ,17:12,1
214e1d60926035e02aa5,WORD_FRAGMENT,مَحُ,9:57,1
0529e2a8d34cb2798c8b,WORD_FRAGMENT,مَزَ,104:1,1
1c1cb3c7bf865306b1ba,WORD_FRAGMENT,مَسَ,36:67,1
f6e7f6d449156724dbae,WORD_FRAGMENT,مُصِ,9:50,1
4c6b165aa643b3091958,WORD_FRAGMENT,مُضِ,18:51,1
7a1a2a159b15a9783baa,WORD_FRAGMENT,مُمَ,34:7,1
b42ce336e259b3e59ef5,WORD_FRAGMENT,مُهِ,34:14,1
4b4165b8833c25f2ad39,WORD_FRAGMENT,مُوَ,2:148,1
7940efda46022012839a,WORD_FRAGMENT,مِئِ,11:66,1
5b929ec56056e1007778,WORD_FRAGMENT,نثُ,25:23,1
5a9e7442ef250ba9d86b,WORD_FRAGMENT,نسُ,17:88,1
414c43b7597a0a0ad7f1,WORD_FRAGMENT,نصِ,7:204,1
a339bde95365199a40b2,WORD_FRAGMENT,نضُ,11:82,1
7eacf4aa1288bbef6130,WORD_FRAGMENT,نَخَ,20:45,1
4f87037a688d8fe221e4,WORD_FRAGMENT,نَخُ,9:65,1
1fa94c923780d9f51467,WORD_FRAGMENT,نَرِ,19:40,1
a002647ee5f90c21f12c,WORD_FRAGMENT,نَظُ,7:66,1
ee9e593c7c2071cb9c31,WORD_FRAGMENT,نُبِ,4:36,1
6265a5a4e308d1ad5013,WORD_FRAGMENT,نُثَ,11:120,1
14fb85009233c626962f,WORD_FRAGMENT,نُحَ,20:97,1
745e56f60d473249bcb1,WORD_FRAGMENT,نُسُ,2:196,1
93311729e02f2cf24a67,WORD_FRAGMENT,نُصِ,12:56,1
a3ede0e322c634991bb4,WORD_FRAGMENT,نُطِ,47:26,1
c76764feb42a756f23ff,WORD_FRAGMENT,نُعِ,20:21,1
427fcb65ed953c4e3f7f,WORD_FRAGMENT,نُهِ,6:56,1
881cde2b2b8e7a2d1a2c,WORD_FRAGMENT,نِبَ,17:68,1
b7b20679e75c30dc83a7,WORD_FRAGMENT,نِتُ,2:116,1
ae1beb5f577b231f418a,WORD_FRAGMENT,نِدَ,2:171,1
900a5c9423c4356bc330,WORD_FRAGMENT,نِزُ,9:34,1
fd140b72d28c340d1d3e,WORD_FRAGMENT,نِفَ,9:77,1
18f66429ce08289c7d0a,WORD_FRAGMENT,هَبِ,3:14,1
81783565122e873ff4ba,WORD_FRAGMENT,هَشِ,18:45,1
c3d8e140827dc57310fc,WORD_FRAGMENT,هَنَ,19:4,1
7fb61e5c895bcd08cfd7,WORD_FRAGMENT,هُدُ,22:24,1
c846bbc275218e9e1271,WORD_FRAGMENT,هِرِ,40:29,1
de24c3e3fae7680f9cab,WORD_FRAGMENT,هِكَ,2:144,1
dff3ed4e5dafe9e86b5a,WORD_FRAGMENT,وثَ,71:23,1
5bebb5d099fa3fffb42e,WORD_FRAGMENT,وذِ,7:129,1
98cc400230f4e08903f6,WORD_FRAGMENT,وصُ,4:12,1
c5673c01c894179cd482,WORD_FRAGMENT,وضَ,2:26,1
3af46fc25fed55b04696,WORD_FRAGMENT,وطُ,11:81,1
57726cf7ff4c1869eef6,WORD_FRAGMENT,وعُ,56:50,1
cdb733056d652e62dc23,WORD_FRAGMENT,وكِ,17:78,1
110df0238cb7b656b113,WORD_FRAGMENT,وَثِ,9:41,1
7cd6f39ce6e7ae40f665,WORD_FRAGMENT,وَضِ,17:75,1
5b6d5c0d1bc633b4a7d8,WORD_FRAGMENT,وَطُ,9:87,1
de8bd72118e62f3ac25b,WORD_FRAGMENT,وَظُ,4:30,1
e9663fa0dc187ee58818,WORD_FRAGMENT,وَو,8:72,1
ef38bb0c07848374f283,WORD_FRAGMENT,وُقِ,6:27,1
3d6811277fb14fa922ca,WORD_FRAGMENT,وُلِ,19:15,1
d378ba49447ca74a5d9f,WORD_FRAGMENT,وِدُ,12:30,1
b5fbfdb3b619fce1c1d5,WORD_FRAGMENT,وِسُ,50:16,1
8e2ca37bb42a86e2fa45,WORD_FRAGMENT,وِعَ,12:76,1
27bff0414193f8d5105f,WORD_FRAGMENT,يجُ,39:21,1
a667a81a3c6df837ce8c,WORD_FRAGMENT,يصَ,12:25,1
7db2459ae948fe69ee27,WORD_FRAGMENT,يصُ,12:26,1
c031d3d5411ea1b2c94f,WORD_FRAGMENT,يصِ,12:18,1
5d307e23a82b758b5f0f,WORD_FRAGMENT,يظَ,3:159,1
1468e2a98524e6fe0d44,WORD_FRAGMENT,يظُ,9:120,1
77a3736fb757f8002170,WORD_FRAGMENT,يغُ,9:117,1
e478647c1a99813ddebf,WORD_FRAGMENT,يفُ,6:103,1
30d2b48fefaccc19adc8,WORD_FRAGMENT,يفِ,2:164,1
06875822f39a144c2719,WORD_FRAGMENT,ين,3:144,1
6e7f789f41cd9f122a73,WORD_FRAGMENT,يَبُ,35:10,1
0bd5eeb887455a38c3fe,WORD_FRAGMENT,يَسَ,6:86,1
7c0f06e5f0dcfb6db302,WORD_FRAGMENT,يَكِ,12:5,1
84cf2462120a5d5277e3,WORD_FRAGMENT,يُكُ,10:23,1
de22c216241861454fcb,WORD_FRAGMENT,يِشَ,7:10,1
051f7b9562cf72419cb7,WORD_FRAGMENT,يِنَ,11:37,1
52ff1320a18185de2086,WORD_FRAGMENT,يِهِ,6:146,1
c182b832be4833804a37,WORD_FRAGMENT,ءَكِ,11:44,1
8ca3ed06116c969fc2c6,WORD_FRAGMENT,ءُدَ,81:8,1
4092170f0659725a9743,WORD_FRAGMENT,ءُن,38:8,1
d65acde98e4bd9a1fb6f,WORD_FRAGMENT,أَؤُ,3:15,1
9fb26eb3987931d8e259,WORD_FRAGMENT,أَا,27:21,1
e924d52c4ea05acb1a40,WORD_FRAGMENT,أَثُ,10:51,1
a9ad1c3cdde79c55a06d,WORD_FRAGMENT,أَحِ,5:18,1
4843b25ec41f66a507b8,WORD_FRAGMENT,أَضِ,34:50,1
9d7eeea1b1b60408ff8c,WORD_FRAGMENT,أَفُ,4:73,1
f463d2cb55291ce2867f,WORD_FRAGMENT,أَلُ,4:153,1
45163457c238cdee2068,WORD_FRAGMENT,أَمُ,19:33,1
c5332bdc9b1d3c59b7aa,WORD_FRAGMENT,أَهِ,2:189,1
5d4f38f8f48b849abc0d,WORD_FRAGMENT,أَو,83:3,1
5cc2561ac4b33b98746d,WORD_FRAGMENT,أَي,68:6,1
042e19719ad9d9a6d2cb,WORD_FRAGMENT,أُتُ,2:25,1
f4f75791695007451a75,WORD_FRAGMENT,أُتِ,2:150,1
0ed2bc961c8565780566,WORD_FRAGMENT,أُذِ,22:39,1
e55ba90d021dc06c0860,WORD_FRAGMENT,أُزَ,15:39,1
7363f6b4eb8934dfd0c9,WORD_FRAGMENT,أُسَ,33:28,1
6eeac7c047291b9d1df0,WORD_FRAGMENT,أُصُ,59:5,1
f6eade240ac6f5583542,WORD_FRAGMENT,أُصِ,7:156,1
d5c3027cbc0c51f7141d,WORD_FRAGMENT,أُفَ,40:44,1
17020f7330ee3735d3eb,WORD_FRAGMENT,أُفِ,51:9,1
c78ad535b1221e7a0937,WORD_FRAGMENT,أُلُ,2:243,1
f5c427f0b59867e43bbe,WORD_FRAGMENT,ؤُمُ,69:19,1
e88ce981224b2b1ff57c,WORD_FRAGMENT,إِرَ,89:7,1
e06129deedb9fb9aee63,WORD_FRAGMENT,إِنَ,33:53,1
687b2ce0cdb5ceee100e,WORD_FRAGMENT,إِيَ,88:25,1
cc718321c6cc1d60113e,WORD_FRAGMENT,ئَتُ,8:19,1
667869f5a7eab46abc44,WORD_FRAGMENT,ئَكَ,108:3,1
d6b05ad1e2286614b4a6,WORD_FRAGMENT,ئَكُ,56:61,1
4132dce0ceaca0a66e39,WORD_FRAGMENT,ئِحُ,9:112,1
e3b4305e03121628a04b,WORD_FRAGMENT,ئِدُ,44:15,1
1c7c33d52dbab42020f2,WORD_FRAGMENT,ئِذَ,56:47,1
d5a79ee3f577db5eca06,WORD_FRAGMENT,ئِضِ,74:45,1
88de854a6ee44b208646,WORD_FRAGMENT,ئِظُ,26:55,1
4c316b8d8bdec7d49f0f,WORD_FRAGMENT,ئِعِ,41:11,1
fbdfd2964aec819fdc92,WORD_FRAGMENT,اخُ,57:20,1
305bcc847b967cdc9885,WORD_FRAGMENT,اذُ,4:16,1
d1d901e0992f635eb73a,WORD_FRAGMENT,اضَ,2:199,1
d251d9c56daa9346ce3c,WORD_FRAGMENT,اطُ,47:18,1
a92d1111b8572d3c63ac,WORD_FRAGMENT,بَأُ,9:70,1
411a59b581bb64e1de3b,WORD_FRAGMENT,بَجَ,7:160,1
0a222986b78460b0855d,WORD_FRAGMENT,بَحِ,5:103,1
2fd9e2f8ad5d7164ae20,WORD_FRAGMENT,بَد,109:4,1
40a0cf11c7c271cc07f0,WORD_FRAGMENT,بَذُ,3:187,1
f7f45672430d69a63ffb,WORD_FRAGMENT,بَزُ,49:11,1
3096ff55656490f0c08d,WORD_FRAGMENT,بَطِ,28:58,1
85fb61b3594fb585c27a,WORD_FRAGMENT,بَمَ,15:2,1
5f6b4cf3deacbd6a56c8,WORD_FRAGMENT,بُثَ,7:58,1
a408a11c310eeea9c488,WORD_FRAGMENT,بُغِ,22:60,1
7e17dac591ba6804ac2d,WORD_FRAGMENT,بُلِ,12:47,1
aaa5288d3c805b8286bf,WORD_FRAGMENT,بُنِ,64:9,1
101ec23a549a95ff719d,WORD_FRAGMENT,بُهِ,2:258,1
f197413b8f392405952f,WORD_FRAGMENT,بُوَ,30:39,1
ec493ba3f2a347e0faab,WORD_FRAGMENT,بِبُ,60:12,1
96b20f12fcf272a2eaf5,WORD_FRAGMENT,بِبِ,12:88,1
0787934c14c89912d631,WORD_FRAGMENT,بِثِ,78:23,1
ee54ad5dd6771f873e7b,WORD_FRAGMENT,بِجِ,19:25,1
62611d504d4b2225aec6,WORD_FRAGMENT,بِخُ,24:31,1
72834a51d3a47dcbd61e,WORD_FRAGMENT,بِضِ,28:71,1
3b7e9eeed0ffdb4c96d1,WORD_FRAGMENT,بِفَ,10:58,1
7325ed11f0dd96f98d4e,WORD_FRAGMENT,بِهُ,6:90,1
4fbefb47e20fc363f60d,WORD_FRAGMENT,بِيُ,12:89,1
234683835f7b9e883abe,WORD_FRAGMENT,تَب,49:12,1
12e6b0c75098167cdb19,WORD_FRAGMENT,تَثَ,82:2,1
84cc923bd1ab8b774023,WORD_FRAGMENT,تَجُ,20:118,1
6b76c1a97906d90098b4,WORD_FRAGMENT,تَفُ,67:7,1
dd8a7ce0315ddee677e6,WORD_FRAGMENT,تُب,2:282,1
3d11dd0e864f0a3f34bb,WORD_FRAGMENT,تُجِ,42:16,1
7c8ea361cf327a9a862d,WORD_FRAGMENT,تُدَ,46:25,1
a07717df9e50f23d1801,WORD_FRAGMENT,تُدِ,2:282,1
543dd1494feacfd866e5,WORD_FRAGMENT,تُذَ,2:282,1
7c39af9a4b42e63c9bc0,WORD_FRAGMENT,تُذِ,3:26,1
e2b88e7189f21694548d,WORD_FRAGMENT,تُزِ,3:8,1
1c2fe1d7f36591705757,WORD_FRAGMENT,تُضِ,7:155,1
62fd3b0a47ef6dbb1f20,WORD_FRAGMENT,تُطَ,9:103,1
55eeff2b1b3bbf29c9e3,WORD_FRAGMENT,تُعِ,3:26,1
34f21a67a861f65f9c49,WORD_FRAGMENT,تُقِ,5:68,1
5b82e1930f8b3817e266,WORD_FRAGMENT,تُنِ,26:81,1
18647b00bb20056c05ae,WORD_FRAGMENT,تِبِ,82:11,1
c51cf346aca022cf562b,WORD_FRAGMENT,تِحِ,7:89,1
2e432d4ef3cadfc6d125,WORD_FRAGMENT,تِرُ,41:22,1
ec192009880d39c1e105,WORD_FRAGMENT,تِرِ,2:236,1
1c902d54a1faa180abae,WORD_FRAGMENT,تِعَ,4:102,1
5ac7f947baffc0a43098,WORD_FRAGMENT,تِمُ,36:65,1
8e07095276af3fbf0bb0,WORD_FRAGMENT,تِن,20:90,1
13457a5ceb28dc6c2933,WORD_FRAGMENT,تِنِ,37:162,1
f4e1d2118091e7c743c1,WORD_FRAGMENT,ثَةُ,65:4,1
9b81a7a7cd75c8e17586,WORD_FRAGMENT,ثَقَ,5:7,1
bdd4919937b4078419ff,WORD_FRAGMENT,ثَكَ,17:79,1
d7988b39a5c406345133,WORD_FRAGMENT,ثَىِ,73:20,1
a82441970d199d78c2b3,WORD_FRAGMENT,ثُبَ,4:71,1
e5b532fa034fc1297609,WORD_FRAGMENT,ثُرُ,102:1,1
f1cb692582073130ea21,WORD_FRAGMENT,ثُنِ,19:6,1
f3e294709b0ab9ab21de,WORD_FRAGMENT,ثِقُ,89:26,1
0c98c7340ce92b4a8c24,WORD_FRAGMENT,ثِكُ,68:22,1
fbe1f6c48ded889f6acf,WORD_FRAGMENT,ثِهِ,42:20,1
cd3dddd4377718d06b6c,WORD_FRAGMENT,جَأَ,9:118,1
a528c1d298a132575ff0,WORD_FRAGMENT,جَبُ,53:59,1
e5dffa066444092e95f6,WORD_FRAGMENT,جَةُ,24:35,1
d364035aa3834d527464,WORD_FRAGMENT,جَزُ,70:20,1
4904d07a20e9b51d7924,WORD_FRAGMENT,جَزِ,14:21,1
f0d491593c735950623f,WORD_FRAGMENT,جَلِ,2:282,1
4c4ae8615cec5bac0157,WORD_FRAGMENT,جُدِ,3:43,1
f70af212cd018bb1f9c1,WORD_FRAGMENT,جُذُ,20:71,1
1ead5ef99dd52905ac72,WORD_FRAGMENT,جُعِ,16:124,1
a707735552a944b55194,WORD_FRAGMENT,جُفَ,13:17,1
f6ef55e6b64467d738a2,WORD_FRAGMENT,جُيُ,24:31,1
ced16abd6ee2c06cc8ad,WORD_FRAGMENT,جِزُ,8:59,1
8ce36454967a2e7eaacf,WORD_FRAGMENT,جِفُ,33:60,1
02e5c48569fec9cd94f8,WORD_FRAGMENT,جِل,46:35,1
56b8a0639cede25bb820,WORD_FRAGMENT,جِلِ,17:64,1
aafdccdbdf564401894c,WORD_FRAGMENT,جِيَ,38:31,1
722970c111c13c1d8832,WORD_FRAGMENT,حَةَ,50:42,1
cb8bc96c706b1059c2b0,WORD_FRAGMENT,حَت,2:16,1
6afb7a28eee7e44aa746,WORD_FRAGMENT,حَثُ,5:31,1
5506b9e96a7f9a419ff7,WORD_FRAGMENT,حَثِ,7:54,1
84f3d7eb682e495228a0,WORD_FRAGMENT,حَصُ,3:39,1
0e9c32ed897f3cf43312,WORD_FRAGMENT,حَضِ,37:141,1
16ed6bf2a866b42fa6ec,WORD_FRAGMENT,حَط,27:22,1
f4c3af573eeeb6426dd0,WORD_FRAGMENT,حَقَ,3:141,1
edd0ebfd41689fec2a26,WORD_FRAGMENT,حَقِ,7:105,1
aa2afc76da0a947e4d32,WORD_FRAGMENT,حَهَ,33:50,1
d94e19a06b295fbbb870,WORD_FRAGMENT,حُبُ,51:7,1
334156f304b8ca9d934a,WORD_FRAGMENT,حُسُ,69:7,1
60b33798977b05a23a73,WORD_FRAGMENT,حُصُ,59:2,1
1eff2cbc27158a860a23,WORD_FRAGMENT,حُفُ,81:10,1
8525ca1fdf42201ea79a,WORD_FRAGMENT,حُقُ,18:60,1
fe9e83d0ad78c6df4337,WORD_FRAGMENT,حُكَ,37:102,1
98ef49dd4111914ee1f9,WORD_FRAGMENT,حُلِ,7:148,1
e505b761fdf6c2c157e8,WORD_FRAGMENT,حُمُ,74:50,1
bcb281a231f205201ee3,WORD_FRAGMENT,حُمِ,69:14,1
6faa035592b32fce45d2,WORD_FRAGMENT,حِتَ,20:61,1
7a1b2c748324d6641225,WORD_FRAGMENT,حِضَ,42:16,1
368e39a756949fe2e3cb,WORD_FRAGMENT,حِلِ,20:39,1
e76b0ab8124ca8a2aba2,WORD_FRAGMENT,حِن,56:46,1
a1574fe234ebb0025926,WORD_FRAGMENT,حِنُ,60:10,1
6eac58098e81a5c13d8a,WORD_FRAGMENT,حِوَ,18:108,1
3d309611b5385be39bc8,WORD_FRAGMENT,خَبُ,7:58,1
4bdf88690d57461caac2,WORD_FRAGMENT,خَتِ,7:154,1
7f32219cb22732fad8e1,WORD_FRAGMENT,خَشَ,20:108,1
63f87157341ccc012993,WORD_FRAGMENT,خَصَ,59:9,1
86d5194423867251cd6c,WORD_FRAGMENT,خَصُ,14:42,1
2e46cc15b13b08be9844,WORD_FRAGMENT,خَضِ,6:99,1
b0b8f82734732b37ce6f,WORD_FRAGMENT,خَطَ,47:28,1
890a7c1a6c8612ce464e,WORD_FRAGMENT,خَطُ,9:58,1
a889e6f7710711bd98c8,WORD_FRAGMENT,خَن,47:4,1
42b18c2bb764e6a5c6bc,WORD_FRAGMENT,خَنَ,5:60,1
7ae9a649259c020d43f4,WORD_FRAGMENT,خَنِ,5:3,1
6f6479c5b4d74de4645d,WORD_FRAGMENT,خُهُ,28:18,1
5983779bef1a244a1502,WORD_FRAGMENT,خِفَ,9:41,1
f60baa4ee0a24d15537b,WORD_FRAGMENT,خِكُ,14:22,1
964cd58f956ff9239753,WORD_FRAGMENT,خِنَ,8:67,1
3008c027223abdd5ba63,WORD_FRAGMENT,دَءُ,9:13,1
4d9a1513b56880d6ecd9,WORD_FRAGMENT,دَجَ,54:4,1
25ef5737eff0e4a930a4,WORD_FRAGMENT,دَحَ,79:30,1
f8d1918e6061124ab4d3,WORD_FRAGMENT,دَد,16:94,1
23d67441588277bbfc37,WORD_FRAGMENT,دَسِ,2:61,1
2cc78a606616666f6d7a,WORD_FRAGMENT,دَلَ,82:7,1
b8cd98a11cf6bc4bd034,WORD_FRAGMENT,دَلِ,25:45,1
06224370243c0c36a16c,WORD_FRAGMENT,دَىِ,49:1,1
8c279630a06bfe443e81,WORD_FRAGMENT,دُجِ,54:9,1
326ba79d6a6afc4bac66,WORD_FRAGMENT,دُحُ,37:9,1
1753a21093f14663fe61,WORD_FRAGMENT,دُخِ,33:14,1
b3f1674c250ffc2706d0,WORD_FRAGMENT,دُرُ,99:6,1
57b6346b91d77f230a6e,WORD_FRAGMENT,دُكَ,5:118,1
66921526372ba9e7a9a4,WORD_FRAGMENT,دُلُ,17:78,1
449f564b0a55f848cbb2,WORD_FRAGMENT,دُمُ,11:98,1
205fb3db76763afea54a,WORD_FRAGMENT,دِثَ,18:70,1
b70e2143ccb57992ff70,WORD_FRAGMENT,دِد,18:36,1
f2772f18ea19a64ff2a2,WORD_FRAGMENT,دِدِ,9:63,1
5a4c53da8dcee13d2e22,WORD_FRAGMENT,دِعَ,7:133,1
bcc2af2ccf1421736eed,WORD_FRAGMENT,دِفِ,8:9,1
06f473e0347b06c5c6e5,WORD_FRAGMENT,دِقَ,19:54,1
4cbfec682ac1367c1680,WORD_FRAGMENT,دِنِ,6:77,1
1e8f77890712ae76e4f5,WORD_FRAGMENT,ذَبِ,4:143,1
a85642e80e249380af4d,WORD_FRAGMENT,ذَةُ,5:3,1
71abbdb8eb5f593ad346,WORD_FRAGMENT,ذَفُ,37:8,1
b09565ef13e2270be0f1,WORD_FRAGMENT,ذَوِ,2:177,1
ee9359a9ba71d07e0e44,WORD_FRAGMENT,ذُبَ,22:73,1
e643559c5fd79d15f592,WORD_FRAGMENT,ذُبِ,5:3,1
d230f407aa5491ecc0e5,WORD_FRAGMENT,ذُلُ,16:69,1
8b38282c47edf83532b5,WORD_FRAGMENT,ذُنِ,5:45,1
a407ef56031f5725f7eb,WORD_FRAGMENT,ذُهَ,3:36,1
e56d14aa685aa83afc81,WORD_FRAGMENT,ذِكُ,2:54,1
38a09831a153119631b9,WORD_FRAGMENT,ذِلُ,11:27,1
e57730cbc90916bd09ed,WORD_FRAGMENT,ذِمَ,26:54,1
02df9682a790d186426a,WORD_FRAGMENT,ذِىَ,29:10,1
efbd89880fb40e3240f6,WORD_FRAGMENT,رَت,61:14,1
51e177485c1c9c8f40b6,WORD_FRAGMENT,رَثُ,4:12,1
4eb669b0c44051a862c4,WORD_FRAGMENT,رَدِ,27:72,1
144f5113187cc066f3d9,WORD_FRAGMENT,رَرَ,80:16,1
7ab8b80217c7d410a48d,WORD_FRAGMENT,رَرِ,4:95,1
14694c79a31c9c255d9b,WORD_FRAGMENT,رَشِ,11:97,1
107a1492ce2fd542b575,WORD_FRAGMENT,رَطُ,16:62,1
36cc506bcc46b7504cd6,WORD_FRAGMENT,رَيِ,19:26,1
99bec7725068e7f903b8,WORD_FRAGMENT,رُبُ,18:86,1
3b6c9e10365ba6e768d5,WORD_FRAGMENT,رُثُ,56:63,1
13a1377f70b283d9c505,WORD_FRAGMENT,رُحَ,48:29,1
a00a9434a7f608ac7b96,WORD_FRAGMENT,رُخَ,38:36,1
1ddd060d7e850c4b49b8,WORD_FRAGMENT,رُدَ,6:52,1
7717fd51e884684cc2d2,WORD_FRAGMENT,رُدِ,6:52,1
d5415758539e7077cc20,WORD_FRAGMENT,رُغُ,55:31,1
74a575eee950dcde2cd5,WORD_FRAGMENT,رُفِ,88:18,1
4bf7c85402172edffd74,WORD_FRAGMENT,رُقُ,18:18,1
5c0883ba23db0841f141,WORD_FRAGMENT,رُقِ,17:93,1
05f91be0088d331853da,WORD_FRAGMENT,رُمُ,9:5,1
5bf524c0341b07aa9796,WORD_FRAGMENT,رُوَ,86:17,1
72568416140200b90257,WORD_FRAGMENT,رِدَ,12:19,1
7f94e6cd8a6d6fda011e,WORD_FRAGMENT,رِزَ,18:47,1
bb700de06dc8416e16fe,WORD_FRAGMENT,رِزُ,40:16,1
76d46badbdb7a20074ad,WORD_FRAGMENT,رِف,17:33,1
def2cd798e98ae754a7e,WORD_FRAGMENT,رِك,4:78,1
d3aa8e6d00ec27081be9,WORD_FRAGMENT,رِه,24:33,1
1de1dc96b6a3b2abd40c,WORD_FRAGMENT,زَأُ,4:140,1
32238b4e33457f7f0982,WORD_FRAGMENT,زَغُ,17:53,1
c0d3667cb1d9faf88bb7,WORD_FRAGMENT,زَفُ,37:47,1
a4b0a29d2828966d344b,WORD_FRAGMENT,زَلُ,4:90,1
736a36a3da4c54329a28,WORD_FRAGMENT,زَلِ,3:124,1
834b4ba2f19d39349348,WORD_FRAGMENT,زَن,76:17,1
92067234bcbaa1e24214,WORD_FRAGMENT,زَهَ,17:81,1
8fd6ecb6dc7f62ae17aa,WORD_FRAGMENT,زَوَ,14:44,1
0ff034865cc0365c1f50,WORD_FRAGMENT,زَى,28:84,1
c811b13d6853d939d568,WORD_FRAGMENT,زُبَ,18:96,1
b8b2c90134c1a8b43ce9,WORD_FRAGMENT,زُجَ,24:35,1
84ca1942bab60db50beb,WORD_FRAGMENT,زُقَ,22:58,1
4ceb4f5f5d4e5a62fd77,WORD_FRAGMENT,زُكَ,9:58,1
e7947c64c5121badd7bf,WORD_FRAGMENT,زُلَ,11:114,1
24fe23351a942cc4a467,WORD_FRAGMENT,زُلُ,56:56,1
5db2b0873baf00712deb,WORD_FRAGMENT,زُنَ,58:10,1
fac1b7c0aa769f8202c0,WORD_FRAGMENT,زُهَ,2:259,1
9ffc64c0e8bb68152d15,WORD_FRAGMENT,زِءِ,15:95,1
cdb5382bed130bd8b37f,WORD_FRAGMENT,زِئُ,2:15,1
da0a02cd93236fa2c9c4,WORD_FRAGMENT,زِحَ,3:185,1
bde4de5dd04bb3fb67a4,WORD_FRAGMENT,زِحِ,2:96,1
30d2d9f812da886eebc6,WORD_FRAGMENT,زِغَ,6:78,1
85aada98d3cc600a7704,WORD_FRAGMENT,زِفُ,56:19,1
2f1bdcef886bea8dc53e,WORD_FRAGMENT,زِقُ,2:25,1
222c84b919d1d8eab8b2,WORD_FRAGMENT,زِنَ,3:194,1
f74c91797c6e57c4a24c,WORD_FRAGMENT,سَةُ,24:7,1
10bb73c9665591732129,WORD_FRAGMENT,سَةِ,3:125,1
f4b1ddd52cd7169786b2,WORD_FRAGMENT,سَخَ,3:162,1
926ba18808aa4749b376,WORD_FRAGMENT,سَخُ,22:52,1
74a921d32a681a073cc3,WORD_FRAGMENT,سَدُ,27:34,1
98a52a5987de3f3afa2d,WORD_FRAGMENT,سَط,5:28,1
a5f4568f830a79674cd4,WORD_FRAGMENT,سَطَ,42:27,1
a3ce5be12d22cda279dc,WORD_FRAGMENT,سَطِ,5:89,1
ac8f74afe0508b9e22b9,WORD_FRAGMENT,سَفُ,43:55,1
83041e6eb455119b416c,WORD_FRAGMENT,سَوُ,2:237,1
0f4336ca70982acd15cc,WORD_FRAGMENT,سُؤَ,38:24,1
c3d729862ea9aebb704c,WORD_FRAGMENT,سُرَ,18:29,1
1b6f217bbde9c915858b,WORD_FRAGMENT,سُطِ,88:20,1
c2529438879468c23718,WORD_FRAGMENT,سُعِ,11:108,1
4eb4b8bd8678d3c93d0e,WORD_FRAGMENT,سُقِ,7:149,1
53e6f7cde6e4d50a4542,WORD_FRAGMENT,سُكَ,35:8,1
79be1095499b7c447ce6,WORD_FRAGMENT,سُكِ,6:162,1
05a2cb098efa3d1152b0,WORD_FRAGMENT,سِعِ,2:236,1
c8d09c89b58cc2b3b02f,WORD_FRAGMENT,سِفُ,20:105,1
1e96ed8667e5d92b9f28,WORD_FRAGMENT,سِقَ,9:19,1
1587df1e301da9cf5899,WORD_FRAGMENT,سِمِ,15:90,1
97fa507efadceaa951ee,WORD_FRAGMENT,سِن,28:77,1
b5f016e0ac4e8f26c5b2,WORD_FRAGMENT,شَةُ,24:19,1
b21c5b7377167be749ad,WORD_FRAGMENT,شَعِ,39:23,1
86c6f768684a92bc2340,WORD_FRAGMENT,شَفُ,68:42,1
cf3049b9f1a007b6e7ab,WORD_FRAGMENT,شَقَ,80:26,1
83c64b651779e7b1add2,WORD_FRAGMENT,شَقُ,11:106,1
0499163f921d16e09ac0,WORD_FRAGMENT,شَلَ,3:122,1
788fdf5e9d91d4fd35e2,WORD_FRAGMENT,شَلُ,8:46,1
51f12385cdfd28bb0e7e,WORD_FRAGMENT,شَمَ,7:17,1
924a3b405092877295a6,WORD_FRAGMENT,شَهَ,27:41,1
314055187da689e3ab45,WORD_FRAGMENT,شَوُ,5:44,1
15825ec62dcae5f09519,WORD_FRAGMENT,شُحُ,6:146,1
88493d1b13241b8f94ed,WORD_FRAGMENT,شُدُ,2:186,1
deb9bb5a041bb5a98bab,WORD_FRAGMENT,شُعُ,49:13,1
0b78dbc5e3e700cf5fcb,WORD_FRAGMENT,شُغُ,36:55,1
fa2dfe8a0200e04883fd,WORD_FRAGMENT,شُكِ,27:42,1
7268b0b3cc62c72d2898,WORD_FRAGMENT,شُوَ,55:35,1
3fff86eb254b94501177,WORD_FRAGMENT,شُيُ,40:67,1
23bddbbcbb09e927f48b,WORD_FRAGMENT,شِدُ,49:7,1
9f4ba58400fd5a0d45ef,WORD_FRAGMENT,شِزُ,2:259,1
b6f2f3e59008ae7ab867,WORD_FRAGMENT,شِطَ,81:11,1
7cc65893cce4a02a6502,WORD_FRAGMENT,شِعُ,23:2,1
89b83ba8d7d12567ffd9,WORD_FRAGMENT,صَبُ,21:98,1
2c15ebacdd7a7492704a,WORD_FRAGMENT,صَحَ,11:34,1
e0f74601e9f8fb05ce9f,WORD_FRAGMENT,صَد,12:47,1
f25e21966c0ebe5b2164,WORD_FRAGMENT,صَدُ,4:4,1
c9cf1f28015ffa54766d,WORD_FRAGMENT,صَصُ,3:62,1
5c4b2f53b786c98d37b7,WORD_FRAGMENT,صَعَ,72:17,1
61d54a5cb8317e2dfec4,WORD_FRAGMENT,صَعُ,74:17,1
a88c692b5a281d6cc831,WORD_FRAGMENT,صَلِ,2:61,1
ad0f4d50c33312014106,WORD_FRAGMENT,صَمَ,12:32,1
2b67e9c3fd324a5a15f1,WORD_FRAGMENT,صَمِ,60:10,1
be8e4bafc27ddee3f943,WORD_FRAGMENT,صَوُ,4:42,1
800028e90c2715f53ad9,WORD_FRAGMENT,صَيَ,33:26,1
ae7f0e3c35f775da8463,WORD_FRAGMENT,صُبِ,5:3,1
4db75c6ca7341a905cfa,WORD_FRAGMENT,صُرِ,7:47,1
d680495455ef7043eca8,WORD_FRAGMENT,صُصِ,7:176,1
4cfa5213b45ac538a3a7,WORD_FRAGMENT,صُطُ,2:245,1
a2abec10eca9cd5cfb92,WORD_FRAGMENT,صُمُ,38:64,1
562ecc641863bc01c79d,WORD_FRAGMENT,صِحَ,43:71,1
b9c17c059d658f506a9b,WORD_FRAGMENT,صِدَ,5:66,1
66fd6507eb3a0b255138,WORD_FRAGMENT,صِم,3:101,1
02c2711f43c20f490961,WORD_FRAGMENT,صِمَ,11:43,1
f275ec0477d0326d9408,WORD_FRAGMENT,صِنَ,21:80,1
3bf1ba54d16b8db44266,WORD_FRAGMENT,صِنُ,12:48,1
c6926b2746f87f9d6ff5,WORD_FRAGMENT,ضَبَ,24:9,1
9b2a70732a9998f260a6,WORD_FRAGMENT,ضَبُ,7:154,1
fc8ec9521ff38dc8ee36,WORD_FRAGMENT,ضَةِ,4:24,1
92b57de3149bfb6d751c,WORD_FRAGMENT,ضَتُ,39:67,1
915e81fabcfd51800c7d,WORD_FRAGMENT,ضَحُ,15:68,1
37b08588826b44607c77,WORD_FRAGMENT,ضَحِ,11:71,1
d64d6a6af059c93214ed,WORD_FRAGMENT,ضَن,20:124,1
cd5cece28493f17f1b50,WORD_FRAGMENT,ضَنِ,81:24,1
c2a3a756a459cbc53fd9,WORD_FRAGMENT,ضَهَ,13:4,1
718c11b5d09fb1ff85ce,WORD_FRAGMENT,ضَى,33:36,1
c6bbe844c92a6b11716e,WORD_FRAGMENT,ضُدَ,28:35,1
3b27d56d35504c93ee20,WORD_FRAGMENT,ضُرُ,23:98,1
8eca317dd97a488f4576,WORD_FRAGMENT,ضُعَ,2:266,1
536edd0006cad10d5b8f,WORD_FRAGMENT,ضِبُ,42:37,1
663360ebc7fc76d5fb7c,WORD_FRAGMENT,ضِجَ,4:56,1
2965419294ef8fd1ed18,WORD_FRAGMENT,ضِرِ,2:196,1
abf54c0792b6ca36899e,WORD_FRAGMENT,ضِهَ,2:73,1
d8b83df7b94191ea8214,WORD_FRAGMENT,طتَ,5:28,1
25b8fc352bb528181235,WORD_FRAGMENT,طه,20:1,1
961ebbdbe074fe9bac2f,WORD_FRAGMENT,طَتَ,5:64,1
2a3a840eea9cedb0c90b,WORD_FRAGMENT,طَحَ,91:6,1
53be7cec289b8a9e7744,WORD_FRAGMENT,طَشَ,79:29,1
ffa3aa120c2d06abcd87,WORD_FRAGMENT,طَكَ,7:16,1
e2f05679d3a57ae99885,WORD_FRAGMENT,طُرُ,68:1,1
742a5503b83f3fb241a6,WORD_FRAGMENT,طُرِ,6:119,1
5eb032f84a11e89bde96,WORD_FRAGMENT,طُكَ,11:91,1
807ef28681fc413bb2bf,WORD_FRAGMENT,طُمِ,77:8,1
47f9f34792f21d5b2a3c,WORD_FRAGMENT,طُهَ,47:18,1
5e455986fb309b082448,WORD_FRAGMENT,طِئِ,28:30,1
e51c97a8ad990d303d54,WORD_FRAGMENT,طِحَ,88:20,1
0f395266bcf9a824954b,WORD_FRAGMENT,طِشَ,28:19,1
a4776e0ccd27dfdfb9bd,WORD_FRAGMENT,طِفَ,37:10,1
4a6a28f779e94aa61349,WORD_FRAGMENT,طِقَ,27:16,1
be95b2669377ed65fcfa,WORD_FRAGMENT,طِمَ,27:18,1
76399d8ba6bcbfc53557,WORD_FRAGMENT,طِى,6:153,1
7a377b21e354504cb312,WORD_FRAGMENT,ظَةِ,16:125,1
abc550b35cba2e601d7c,WORD_FRAGMENT,ظُفُ,6:146,1
1730ed4531d1219a003d,WORD_FRAGMENT,ظُكَ,11:46,1
c6470360fd0c39f2a4dd,WORD_FRAGMENT,ظِكُ,3:119,1
bb8eede926de3d847a17,WORD_FRAGMENT,ظِهِ,33:25,1
eac44032817603139d90,WORD_FRAGMENT,عَت,18:17,1
9e41b0b2fd194311370b,WORD_FRAGMENT,عَقُ,52:45,1
947f0ff6e645ba8165ae,WORD_FRAGMENT,عَيِ,50:15,1
f0166532d7a3af4d0d26,WORD_FRAGMENT,عُثِ,5:107,1
27b056e5c3eff0150af7,WORD_FRAGMENT,عُجَ,38:5,1
48c30999ed2dae1027bc,WORD_FRAGMENT,عُد,17:8,1
9fd77d9bb927990e6f5e,WORD_FRAGMENT,عُزَ,9:30,1
bfdce4be29b7a15b8c46,WORD_FRAGMENT,عُفَ,22:73,1
5eae1fe8fdda51070f4a,WORD_FRAGMENT,عُفُ,3:146,1
618ee55a0f4be7e444f4,WORD_FRAGMENT,عُفِ,2:178,1
51ed48e0888a6d5652ba,WORD_FRAGMENT,عُقَ,113:4,1
eb65e27cd8ccc2bb32c7,WORD_FRAGMENT,عُقُ,5:1,1
6fd8bd372570937a1015,WORD_FRAGMENT,عُوَ,18:14,1
6c0e43560094a8efd409,WORD_FRAGMENT,عِرَ,18:19,1
927a79bf78fb9f79bcb7,WORD_FRAGMENT,عِرُ,6:109,1
993f6d0478cd1bc7c87e,WORD_FRAGMENT,عِزِ,70:37,1
21d12e0273b7c97a8899,WORD_FRAGMENT,عِصَ,60:10,1
8675762aead78e7de2a4,WORD_FRAGMENT,عِضِ,15:91,1
96483b6d8dcc2f60bdb9,WORD_FRAGMENT,عِظِ,26:136,1
7f80772f4cc713419b6a,WORD_FRAGMENT,عِقُ,2:171,1
d6cd87c39d66a4c72be4,WORD_FRAGMENT,عِقِ,2:19,1
60f82baae6bdbe85e2ac,WORD_FRAGMENT,عِكُ,9:111,1
cd96a6d20fe7547f2b05,WORD_FRAGMENT,عِنِ,24:49,1
296eddd5be358f558d88,WORD_FRAGMENT,عِهَ,6:99,1
8ad04ec96647a9ea8d83,WORD_FRAGMENT,غَب,94:8,1
6c99a8ffd7d965f740b7,WORD_FRAGMENT,غَةُ,6:149,1
3d897f9848bafa561d11,WORD_FRAGMENT,غَسَ,17:78,1
8c0fc01113d543312bdd,WORD_FRAGMENT,غَوُ,9:48,1
dcd65f9854052797bb1a,WORD_FRAGMENT,غَوِ,28:18,1
1ab633a79e2ea00f6b01,WORD_FRAGMENT,غِضُ,17:51,1
6166445de877cb2a9f28,WORD_FRAGMENT,غِلَ,66:6,1
ba30e9a72e20f1d3cd22,WORD_FRAGMENT,غِهِ,13:14,1
53c67ee17eb245426292,WORD_FRAGMENT,فَئَُ,41:49,1
560cff08a48fa4a8277d,WORD_FRAGMENT,فَثُ,2:187,1
a730e7e2bd68cc5e8acc,WORD_FRAGMENT,فَجُ,26:38,1
f5dee3c0ccda1aa65a9f,WORD_FRAGMENT,فَحِ,15:85,1
4ba19515a2b24101c559,WORD_FRAGMENT,فَدِ,4:92,1
88fa59529cda75b4a2cf,WORD_FRAGMENT,فَشُ,47:4,1
3bb1d0623ec5c672a79a,WORD_FRAGMENT,فَصُ,2:260,1
9ab97fa1acb662f1b7f9,WORD_FRAGMENT,فَضُ,57:13,1
e7ddb119414efd885292,WORD_FRAGMENT,فَطُ,63:3,1
a1e12e841bc0199206b9,WORD_FRAGMENT,فَطِ,73:18,1
f2f723854d5b88b8a3ab,WORD_FRAGMENT,فَو,7:95,1
7b644826e6e1127a9a0f,WORD_FRAGMENT,فَىِ,11:114,1
5ff9832f12d4196aa408,WORD_FRAGMENT,فُتُ,20:40,1
4f124d017d53026d0a52,WORD_FRAGMENT,فُجُ,91:8,1
80e17115dd3e32bbf4ce,WORD_FRAGMENT,فُرِ,77:9,1
e80e99888b380dbd72d9,WORD_FRAGMENT,فُطُ,67:3,1
7bec2bc3ec4a80aa4892,WORD_FRAGMENT,فُعِ,34:54,1
014a895507339ac8cec5,WORD_FRAGMENT,فُكَ,27:40,1
e59cfca12b88e13111e7,WORD_FRAGMENT,فُلَ,25:28,1
32246fe78efbdb6e3a05,WORD_FRAGMENT,فِتَ,10:78,1
97a707285dd74fbdb5de,WORD_FRAGMENT,فِسُ,83:26,1
ef738175043da6f7f238,WORD_FRAGMENT,فِضَ,56:3,1
6ca7ad142ed435b45359,WORD_FRAGMENT,فِضُ,70:43,1
4b39c29123fe54ea78ca,WORD_FRAGMENT,فِظَ,4:34,1
b013adddb54746b41b3d,WORD_FRAGMENT,فِفِ,24:33,1
66b12ed560e0754e6b35,WORD_FRAGMENT,قَبُ,3:37,1
b0b6c3144f9e43e6c3b4,WORD_FRAGMENT,قَتُ,17:100,1
42b647108b4d4c64a78d,WORD_FRAGMENT,قَذُ,36:43,1
473159dccf245f8f5165,WORD_FRAGMENT,قَصُ,35:11,1
831e0b0b462781b663d9,WORD_FRAGMENT,قَصِ,19:22,1
28e8e48f260ad520e289,WORD_FRAGMENT,قَطُ,9:49,1
4bf19b9ba1ea689f3c3d,WORD_FRAGMENT,قَطِ,14:50,1
f2fdf8f56bf3e53bfe3e,WORD_FRAGMENT,قَفَ,8:57,1
c323f7b98f62f80e7016,WORD_FRAGMENT,قَن,3:14,1
cd3967a92b9ee460d3f9,WORD_FRAGMENT,قَنُ,41:49,1
1767a8ee4e02cc7567dc,WORD_FRAGMENT,قَوُ,16:28,1
a885f379438450631389,WORD_FRAGMENT,قُطِ,6:45,1
f16c5d0667e3b51b792b,WORD_FRAGMENT,قُكَ,20:132,1
cc35aa9a0f6431efc42b,WORD_FRAGMENT,قُمِ,73:2,1
90b209e5743e05fbebae,WORD_FRAGMENT,قُنَ,38:54,1
67b47d153b783533e913,WORD_FRAGMENT,قُنِ,28:34,1
830ad04a012888748362,WORD_FRAGMENT,قُوَ,53:5,1
d7bd58425fef498c418d,WORD_FRAGMENT,قِبِ,43:28,1
92a339332cd6486bcc9d,WORD_FRAGMENT,قِحَ,15:22,1
aaa09807a6c17986148e,WORD_FRAGMENT,قِدَ,72:11,1
8d84b148fc6bbbac449e,WORD_FRAGMENT,قِعُ,18:53,1
55b3f26b7fb899ef1a2c,WORD_FRAGMENT,قِعِ,56:75,1
8e609752a52a30220f94,WORD_FRAGMENT,قِكَ,17:29,1
7ae882386babc02f7ca4,WORD_FRAGMENT,كَب,11:42,1
bbcee1a8720da6c23e17,WORD_FRAGMENT,كَتُ,33:43,1
24cbe91252bc093e06bf,WORD_FRAGMENT,كَجَ,49:2,1
6d567523d54701849902,WORD_FRAGMENT,كَحَ,4:22,1
dfa462b3f81033517174,WORD_FRAGMENT,كَحُ,2:165,1
279dfb3665384c8ba503,WORD_FRAGMENT,كَخِ,30:28,1
5186cd27849974c41236,WORD_FRAGMENT,كَدُ,24:63,1
6e4ec7f4fd13eaab96a9,WORD_FRAGMENT,كَطَ,21:104,1
563102461cea775b7847,WORD_FRAGMENT,كَظُ,24:40,1
362e99393fdb38cdd5b2,WORD_FRAGMENT,كَعِ,3:43,1
b837f1f5f4058d4a4935,WORD_FRAGMENT,كَغَ,44:46,1
60187f128dff2d3d78be,WORD_FRAGMENT,كَفِ,16:91,1
f291dfc083ddf8f9eb75,WORD_FRAGMENT,كَلُ,5:66,1
183d49c2ead8c5183fdb,WORD_FRAGMENT,كُذِ,12:110,1
705a64de46803fce67ba,WORD_FRAGMENT,كُشِ,81:11,1
fbfcdd76aa0c8a355759,WORD_FRAGMENT,كُفِ,54:14,1
7dd44be406396d19d217,WORD_FRAGMENT,كِثُ,43:77,1
589487d8eaba9f3607bc,WORD_FRAGMENT,كِثِ,18:3,1
884c9c0afcff942c3ec4,WORD_FRAGMENT,كِدَ,42:33,1
65068b731758cb81b9f1,WORD_FRAGMENT,كِصُ,23:66,1
96ef88684c3f5f3a2964,WORD_FRAGMENT,كِكُ,35:14,1
c9983879d52648a0fff3,WORD_FRAGMENT,كِلِ,23:20,1
5ea34c05648360cefd76,WORD_FRAGMENT,كِمَ,11:1,1
d275c280908142b00c45,WORD_FRAGMENT,كِمُ,22:52,1
68873df8c14c174a295c,WORD_FRAGMENT,لَئَُ,11:9,1
bcf9292835b77db73740,WORD_FRAGMENT,لَخُ,36:37,1
b2df2587285b6f3ad036,WORD_FRAGMENT,لَرِ,38:54,1
110be0fb65533dca3dc0,WORD_FRAGMENT,لَسِ,10:76,1
e61e0becf22a3803e7c1,WORD_FRAGMENT,لَشِ,26:54,1
783fd785d4651bd9ca59,WORD_FRAGMENT,لَطُ,9:102,1
0f1ac3b42d850c7c15fc,WORD_FRAGMENT,لَظُ,31:13,1
c73f1f45988593f91334,WORD_FRAGMENT,لَل,6:32,1
6ab4ae1fa643316e24d7,WORD_FRAGMENT,لَلِ,31:32,1
025f01b1e2f54c150408,WORD_FRAGMENT,لَم,96:14,1
e9bfbf9f9fc528e1c671,WORD_FRAGMENT,لَهِ,29:64,1
9e03b302ad09592d51a9,WORD_FRAGMENT,لَوُ,3:186,1
59c6893b9a318d60b16c,WORD_FRAGMENT,لُؤُ,55:22,1
f35a55ddd4de58affaec,WORD_FRAGMENT,لُؤِ,56:23,1
4a7bfa0ca049bc242b47,WORD_FRAGMENT,لُبُ,7:54,1
ac7b2deffb7533249d4f,WORD_FRAGMENT,لُثُ,4:11,1
cffca801753a2b4001ca,WORD_FRAGMENT,لُثِ,4:12,1
4dfe57d5cbe451184e96,WORD_FRAGMENT,لُحُ,22:37,1
159e1b1639c7355449a9,WORD_FRAGMENT,لُدُ,26:129,1
f6c9ab1c76a3a05371c5,WORD_FRAGMENT,لُعُ,18:90,1
41073b3ab40d81a1ae87,WORD_FRAGMENT,لُفُ,43:60,1
3d7297e9a581cc42bdc2,WORD_FRAGMENT,لُق,77:20,1
af4c76a947aad97a44ff,WORD_FRAGMENT,لُكِ,16:69,1
b6ab570c6b2e8d044876,WORD_FRAGMENT,لِثَ,53:20,1
6ce7e48a39b56bf74457,WORD_FRAGMENT,لِثُ,5:73,1
7c28662ff0aca8b13450,WORD_FRAGMENT,لِد,19:33,1
1657cc2da884aa8d529e,WORD_FRAGMENT,لِذُ,3:135,1
42d3897d75f63e752906,WORD_FRAGMENT,لِطُ,2:220,1
5d5c49b9795e1b2d97a4,WORD_FRAGMENT,لِن,3:159,1
b1cd6e9ef85d6d807beb,WORD_FRAGMENT,مَؤُ,20:119,1
d3d952a5b811d1675fc2,WORD_FRAGMENT,مَجُ,22:17,1
8ee5af425020399e29b4,WORD_FRAGMENT,مَخَ,19:23,1
eba472a5ea2e4d205017,WORD_FRAGMENT,مَزُ,83:30,1
021b4d78235510d6403e,WORD_FRAGMENT,مَزِ,50:35,1
1ce2d3a2390a54259474,WORD_FRAGMENT,مَسُ,6:7,1
79aaac92a503b6e80880,WORD_FRAGMENT,مَشَ,36:73,1
f88ad4a4a8b04af5794f,WORD_FRAGMENT,مَغُ,21:18,1
7ed48e798a8c49e08305,WORD_FRAGMENT,مَقِ,25:24,1
af534886c3a7ef73f506,WORD_FRAGMENT,مَمِ,35:42,1
1ad9ad307e07fc2bc6dd,WORD_FRAGMENT,مَهِ,43:52,1
060abd56178992884d56,WORD_FRAGMENT,مُتِ,61:8,1
69aca1c593b3137aa1db,WORD_FRAGMENT,مُجِ,37:75,1
89d7e7c7762dadd49a38,WORD_FRAGMENT,مُدَ,79:5,1
b8a80c1d16d8d9c03107,WORD_FRAGMENT,مُذَ,88:21,1
2b7ba7786cb065c91053,WORD_FRAGMENT,مُزَ,2:96,1
e3c5b627a7ab37506ea7,WORD_FRAGMENT,مُسِ,40:58,1
e997864cb5dc3fc151aa,WORD_FRAGMENT,مُضَ,4:12,1
da3efbe2d5d5d589681e,WORD_FRAGMENT,مُغَ,8:53,1
4c4daf2db582e38ed206,WORD_FRAGMENT,مُغِ,100:3,1
63ac0e3766a74b806c12,WORD_FRAGMENT,مُفَ,6:114,1
74304dbc60a707fe960f,WORD_FRAGMENT,مُكِ,67:22,1
1521eaf9139973289233,WORD_FRAGMENT,مُلُ,27:34,1
754d79f24ee82eea3e20,WORD_FRAGMENT,مُمِ,8:9,1
b31478fe180b384da91c,WORD_FRAGMENT,مُنُ,4:12,1
4b934d3e32658348a424,WORD_FRAGMENT,مِئَ,18:86,1
ca69899e8d61d64abe9f,WORD_FRAGMENT,مِتُ,7:193,1
e3be34e1126775ba08d8,WORD_FRAGMENT,مِحَ,13:13,1
cd1b564677363de23eb4,WORD_FRAGMENT,مِدِ,21:15,1
108888a4dcac9feac00d,WORD_FRAGMENT,مِرَ,18:22,1
e9015c31ec2089ffcd9f,WORD_FRAGMENT,مِسُ,57:13,1
978098ea0ceb9ae957b7,WORD_FRAGMENT,مِضُ,2:267,1
ed6438ace440cd3c7587,WORD_FRAGMENT,مِعِ,72:9,1
e3e57b6daa75bfb26553,WORD_FRAGMENT,مِىَ,6:104,1
314c3214b8a00be07c62,WORD_FRAGMENT,نثِ,56:46,1
0e74d68d271242069ab1,WORD_FRAGMENT,نَؤُ,20:94,1
f992fe7edbbb80dfef50,WORD_FRAGMENT,نَئِ,56:84,1
6137aecf174c053b0b13,WORD_FRAGMENT,نَبُ,39:17,1
69a758213d7aa169d834,WORD_FRAGMENT,نَحُ,8:61,1
8d92612c1a0483fa16bc,WORD_FRAGMENT,نَخِ,13:4,1
5f050300160c9c47f4ee,WORD_FRAGMENT,نَدُ,34:7,1
a099f4c487de4edd4b3d,WORD_FRAGMENT,نَدِ,19:73,1
b43d843bb17d9258365e,WORD_FRAGMENT,نَرُ,4:47,1
409f67d37e26c67588d6,WORD_FRAGMENT,نَشُ,28:35,1
436db544a5b6889e72ac,WORD_FRAGMENT,نَضَ,21:47,1
3a98107c0a612b679625,WORD_FRAGMENT,نَضِ,4:56,1
5b121049df0f7397c944,WORD_FRAGMENT,نَظِ,2:280,1
925320670ee8cdf56da0,WORD_FRAGMENT,نَيَ,9:52,1
a21433fb57f0d2845d4e,WORD_FRAGMENT,نُؤَ,11:104,1
4c2a16aadf25e014b8c7,WORD_FRAGMENT,نُتَ,28:57,1
5af4fcfe15464c0c17eb,WORD_FRAGMENT,نُتِ,3:43,1
bdd3c2289294ef2c49fc,WORD_FRAGMENT,نُجِ,21:88,1
77ff26faa41aaf9d74da,WORD_FRAGMENT,نُخَ,17:60,1
7d9c073acdbdd736b66a,WORD_FRAGMENT,نُدَ,3:140,1
2069f345e453720d4193,WORD_FRAGMENT,نُسِ,77:10,1
27cfbfa2eb6da0226f91,WORD_FRAGMENT,نُشِ,81:10,1
e96ae3d7b00def784432,WORD_FRAGMENT,نُصُ,70:43,1
0ce2ab87daee9c1472a4,WORD_FRAGMENT,نُغَ,18:47,1
97852aa87dbf9cae0684,WORD_FRAGMENT,نُكِ,21:65,1
a4c5a8bd03eac38061e8,WORD_FRAGMENT,نُنِ,12:13,1
3550d1d88369844847a7,WORD_FRAGMENT,نِئَ,108:3,1
9e763d16ad8af9630da9,WORD_FRAGMENT,نِحَ,35:1,1
d503cd10e47b45328724,WORD_FRAGMENT,نِسُ,24:27,1
40579ca0afb7ba22f15a,WORD_FRAGMENT,نِسِ,33:53,1
32dca309cb3795ee6e62,WORD_FRAGMENT,نِطِ,15:55,1
053dcb9dd6ead7589bfd,WORD_FRAGMENT,نِقَ,5:3,1
e5620c94643acae3a45a,WORD_FRAGMENT,نِمُ,4:94,1
f85b841f4214ee1a915c,WORD_FRAGMENT,نِنِ,46:17,1
17db2548017dca1bb2e3,WORD_FRAGMENT,هي,19:1,1
92c989d3ba65103ce1f1,WORD_FRAGMENT,هَب,27:28,1
72c5cf6e3d94ff084aa7,WORD_FRAGMENT,هَةَ,38:5,1
06d71b60cf2b166919f2,WORD_FRAGMENT,هَث,7:176,1
842698a4447c1d3580af,WORD_FRAGMENT,هَرِ,76:13,1
2936eb1abd4c6385084a,WORD_FRAGMENT,هَزَ,2:251,1
1addeb5e8002a90e72fc,WORD_FRAGMENT,هَضِ,26:148,1
8b223bfd2772b6230dbe,WORD_FRAGMENT,هَلِ,50:30,1
03405545c33e4b018f2f,WORD_FRAGMENT,هَمِ,54:11,1
4f27ccf3c925a4fa9f1a,WORD_FRAGMENT,هَنُ,3:146,1
f10fda31f77de7a200bd,WORD_FRAGMENT,هَهَ,51:29,1
8261e1562acc0094c938,WORD_FRAGMENT,هَى,79:40,1
160fd3c78dbf455c496a,WORD_FRAGMENT,هُدِ,3:101,1
018116b042f8a7fdfa4a,WORD_FRAGMENT,هُرُ,9:5,1
e2194910cad5a9579fb1,WORD_FRAGMENT,هِبُ,8:60,1
04018a2d52a2de782da3,WORD_FRAGMENT,هِتَ,2:258,1
b27061f9c48d4a06cb42,WORD_FRAGMENT,هِد,41:21,1
46b66e2c8f78ed21e92f,WORD_FRAGMENT,هِقَ,18:80,1
806e2028fb809b864df7,WORD_FRAGMENT,هِقُ,74:17,1
629ae4b320a11232d60e,WORD_FRAGMENT,هِنِ,22:18,1
2d2bbfaf09cb7459849c,WORD_FRAGMENT,هِهَ,5:108,1
412174cab14ef4a049c6,WORD_FRAGMENT,وذَ,5:3,1
d7869c5233586633978b,WORD_FRAGMENT,وزِ,28:76,1
20e914c2f693e9520853,WORD_FRAGMENT,وشُ,81:5,1
0030848143e2cad66afd,WORD_FRAGMENT,وطَ,5:64,1
5e8431ddfe7f65c6b40d,WORD_FRAGMENT,وَخِ,7:205,1
e8daa973138a0599630c,WORD_FRAGMENT,وَغِ,11:44,1
7839fa790c316842fc43,WORD_FRAGMENT,وُجِ,12:75,1
75c80cb18d7eb3f42b2d,WORD_FRAGMENT,وُحُ,81:5,1
8cc250b576251266abbb,WORD_FRAGMENT,وُرَ,58:1,1
d67e3bb35b4f966ca647,WORD_FRAGMENT,وُرِ,7:20,1
f82cfce464591b808b5f,WORD_FRAGMENT,وُشُ,34:52,1
8c9a2b71a7b4d6566755,WORD_FRAGMENT,وِفَ,78:26,1
c49816095158b2e2032b,WORD_FRAGMENT,وِلُ,3:140,1
d39456d5c3f557cc063c,WORD_FRAGMENT,يجَ,9:16,1
23674e913750e1ee492d,WORD_FRAGMENT,يحِ,17:69,1
d2568f6f793c464e9d1f,WORD_FRAGMENT,يخَ,36:43,1
bd66b5209d33e43220fe,WORD_FRAGMENT,يذُ,3:36,1
15a07c0620c166f54ec5,WORD_FRAGMENT,يسِ,5:82,1
1dcbaf1f43d7e5d5b0ea,WORD_FRAGMENT,يعِ,11:24,1
c7e0daa3c498343ad8c7,WORD_FRAGMENT,يَبَ,20:77,1
1823c7638952077fe1d0,WORD_FRAGMENT,يَبِ,25:64,1
1d0e0a9277b316e73efb,WORD_FRAGMENT,يَجُ,7:150,1
bfc3b6cbdecce61ea3a2,WORD_FRAGMENT,يَطِ,6:38,1
36510f92fd5d7d80f529,WORD_FRAGMENT,يَعَ,25:27,1
62a9a0c8fb2a9440293b,WORD_FRAGMENT,يَفِ,80:34,1
c6ccc17d3b2b2526ff46,WORD_FRAGMENT,يَلُ,9:123,1
2af43db82b32d7dd49eb,WORD_FRAGMENT,يُبِ,43:52,1
c97d7b02290a87a635bf,WORD_FRAGMENT,يُهِ,22:18,1
da437162e347b26e0ac9,WORD_FRAGMENT,يِكَ,31:19,1
7e668314f1ab53d5c186,WORD_FRAGMENT,يِهَ,88:9,1
81c89f53edbe4db4b230,WORD_FRAGMENT,يِيَ,16:97,1
18f7c4c1cdce0cac532f,WORD_FRAGMENT,ٱلِ,49:11,1
